Cells,Value,Error
31,8.72221e-06,0.0057
25,6.92214e-08,0.011
71,1.14722e-05,0.0029
82,1.00422e-08,0.0104
