Cells,Value,Error
48,218.274,0.0008
21,0.000374954,0.0079
54,335.295,0.0004
86,5.52747e-05,0.0074
