Energy,Value,Error
0.1 - 1,0.9292012000917288,0.0008336677316988632
1 - 3.5,1.0889382,0.0009907351703774192
3.5 - 10,0.13686059,0.002300056588134818
10 - 20,0.0002391038,0.032865697824786946
