Energy,Value,Error
0.01 - 0.1,0.6861777888214919,0.0016963850584699655
0.1 - 1,17.836362080216556,0.00035085548494423637
1 - 3.5,3.786958088476449,0.000777254629993823
3.5 - 10,0.7450966767501939,0.001743626676947776
10 - 20,2.24471062711046,0.0010152845237467504
