Energy,Value,Error
0.01 - 0.1,0.005410947074999143,0.016717370210750045
0.1 - 1,2.142212029930406,0.0008681489386158698
1 - 3.5,2.947401069938486,0.0007337522424334849
3.5 - 10,1.5585961749289232,0.0009746533292623092
10 - 20,10.129308494650429,0.00038354026990735724
