Value,Error,Energy
0.992637165371452,0.003260496126566855,0.01 - 0.1
17.43290692444686,0.002723421117452594,0.1 - 1
6.884479171484535,0.0031824690091147734,1 - 3.5
1.3548281214178814,0.006676066838705604,3.5 - 10
3.8752642356426668,0.0024719039471383136,10 - 20
