Value,Error,Energy
0.5355517209773684,0.002687351516240557,0.1 - 1
3.0941006386070966,0.004719052024890202,1 - 3.5
1.5877617240438846,0.006697288871211406,3.5 - 10
0.009044764009079833,0.0123,10 - 20
