Energy,Value,Error
0.1 - 1,0.5576511000264806,0.0012747955032788218
1 - 3.5,0.7139340000000001,0.0012623395869103358
3.5 - 10,0.08113856139999999,0.003170955676943797
10 - 20,0.000113934,0.04543058678234518
