Value,Error,Energy
1.1162319895432988,0.0020154750694798816,0.1 - 1
4.107080186238982,0.0036966982601011862,1 - 3.5
2.2269011633271147,0.006760209570898017,3.5 - 10
0.020801600685212834,0.015838313397764443,10 - 20
