Energy,Value,Error
0.1 - 1,7.608291941394562,0.0006424191019539443
1 - 3.5,7.4181834725915525,0.0006507705339421822
3.5 - 10,2.620781493841521,0.0010889268574466615
10 - 20,17.546201489984394,0.0004026269209031701
