Energy,Value,Error
0.1 - 1,1.1999540000873568,0.0010636996016454355
1 - 3.5,1.8809062,0.0008691394456418878
3.5 - 10,0.36177161999999996,0.001707255759993196
10 - 20,0.000952961,0.0123
