Value,Error,Energy
3.1243587626166995,0.004935826168127858,0.1 - 1
3.337620663323699,0.0038025603126667982,1 - 3.5
1.1486146293367923,0.005858301816670807,3.5 - 10
14.331222259432188,0.0008712346773052758,10 - 20
