Energy,Value,Error
0.1 - 1,1.9137800001233667,0.0006938121374590154
1 - 3.5,2.4101616999999997,0.0006544358308501636
3.5 - 10,0.37416259999999996,0.0012822507181325386
10 - 20,0.00794866,0.005019515241397759
