Energy,Value,Error
0.1 - 1,1.899220716354247,0.0010992286366750886
1 - 3.5,2.9162522718823634,0.0008846134902934082
3.5 - 10,1.6126668645510642,0.001174865047687246
10 - 20,17.925635557136914,0.0003488740959272454
