Value,Error,Energy
3.493543330880243,0.005715482115614593,0.1 - 1
3.1001635410809474,0.004685027323209608,1 - 3.5
2.049889606481841,0.005251347596586013,3.5 - 10
5.056972438409555,0.0023520985164589593,10 - 20
