Energy,Value,Error
0.01 - 0.1,0.06255104974037869,0.006068888312684089
0.1 - 1,7.554289888354389,0.000568308958625803
1 - 3.5,4.79006478251691,0.0007194384335220012
3.5 - 10,1.2449418906300889,0.0014074565009372171
10 - 20,16.295014854049636,0.0003777129435756927
