Value,Error,Energy,Offset
1076.311280849608,0.0023954036820988955,5 - 10,on-axis
5224.86065769665,0.0028783639145768306,10 - 20,on-axis
11105.732729869222,0.0027949451076893935,20 - 30,on-axis
17697.615281667422,0.0027,30 - 40,on-axis
15584.334056284082,0.0025319324160101952,40 - 50,on-axis
12487.865941799264,0.0020861405787539478,50 - 60,on-axis
73902.60108970801,0.0008482152315780418,60 - 70,on-axis
