Value,Error,Energy,Offset
24.953334018825217,0.0015634526937258466,5 - 10,on-axis
84.68626311683254,0.0018048293869797687,10 - 20,on-axis
121.89809562779891,0.0020128051120804798,20 - 30,on-axis
199.3047427242184,0.0022818022884712502,30 - 40,on-axis
205.53739456370718,0.002660125997872332,40 - 50,on-axis
239.28584194607973,0.0032144644929579316,50 - 60,on-axis
1461.6558886575517,0.002497588198286807,60 - 70,on-axis
