Value,Error,Energy,Offset
0.1780255550573033,0.002718132620663324,5 - 10,on-axis
0.5781650483152204,0.0034004931169204318,10 - 20,on-axis
0.8082776534428372,0.0038835072525582512,20 - 30,on-axis
1.249571101584689,0.004104791947325414,30 - 40,on-axis
1.2186596702662893,0.0038608297718689417,40 - 50,on-axis
1.4873277890580172,0.0031672058792650295,50 - 60,on-axis
5.022138270320529,0.0027664046158530826,60 - 70,on-axis
