Value,Error,Energy,Offset
0.2975112344374511,0.0016756401644118363,5 - 10,on-axis
0.5943235269889604,0.0019660038839628205,10 - 20,on-axis
0.906195236481502,0.0022,20 - 30,on-axis
2.854512229544946,0.0020786638021070944,30 - 40,on-axis
2.138764640448469,0.0024530569744779605,40 - 50,on-axis
