Value,Error,Energy,Offset
931.0456929457051,0.002331149669955478,5 - 10,on-axis
4696.759986010495,0.0025155108704368605,10 - 20,on-axis
8671.998798039265,0.0025952921050360713,20 - 30,on-axis
10101.53883418887,0.0027662213091243565,30 - 40,on-axis
33231.72799589738,0.00112171541557476,40 - 50,on-axis
