Cells,Value,Error
48001.0,8.72046e-05,0.0035
48002.0,2.24777e-05,0.0071
48003.0,7.47147e-06,0.0124
48004.0,2.78187e-06,0.0198
