Cells,Value,Error
31.0,6.95468e-06,0.0055
25.0,5.69651e-08,0.0104
71.0,9.02314e-06,0.0028
82.0,8.18249e-09,0.01
