Cells,Value,Error
48.0,9.14141,0.0008
21.0,4.0933e-05,0.0059
54.0,13.7203,0.0003
86.0,5.98378e-06,0.0052
