Cells,Value,Error
48.0,646.46,0.0009
21.0,0.00114233,0.0078
54.0,999.538,0.0004
86.0,0.00016783,0.0073
