Energy,Value,Error
0.1 - 0.15,0.00013943006012074395,0.0002805596228021488
0.15 - 0.2,5.537000034138896e-05,0.00038657487239329935
0.2 - 0.4,0.00015413783186467344,0.00019265412746694873
0.4 - 0.5,1.4036307549997609e-05,0.0005442942548078398
0.5 - 0.7,4.20965228831501e-05,0.0002835136952664887
0.7 - 1,1.676990173667901e-05,0.00039001085676935705
1 - 1.2,6.411128867285561e-06,0.0005581705558452083
1.2 - 1.5,1.6596538176981369e-06,0.0009180666422707529
