Cells,Value,Error
5.04,3.87307e-27,0.0128
10.08,2.8937e-27,0.0173
15.12,1.94454e-27,0.0201
20.16,1.02096e-27,0.0257
