Energy,Value,Error
1.15 - 3,4.2508457e-07,0.002862461298747064
3 - 6,8.569091e-08,0.006999989652318628
6 - 9,4.761113e-08,0.010534173519379759
9 - 12,3.3767489e-08,0.01745028467530226
12 - 20,3.12791765e-07,0.004751550591076503
