Cells,Value,Error
510,0.000302,3.5
511,0.0000642,3.6
512,0.000018,4
513,0.00000585,4.5
514,0.00000202,4.5
515,0.000000457,5
516,0.0000002,8
517,6.15e-08,8
518,2.74e-08,9
519,8.84e-09,8
520,3.58e-09,10
521,1.27e-09,12
522,6.01e-10,15
523,3.64e-10,15
