Energy,Value,Error
0.1 - 1,3.7794339198861864,0.00024114082435856916
1 - 3.5,3.0614123411320557,0.00026632260019386205
3.5 - 10,2.0453921560912005,0.0003253877497191937
10 - 20,5.052347807293115,0.00021535245848027358
