Value,Error,Energy
1.743959813772766,0.0025335079750369045,0.1 - 1
2.613954462560341,0.0016315005859004776,1 - 3.5
1.760424383850385,0.0017969297642883208,3.5 - 10
17.961531088567728,0.0003200381328517968,10 - 20
