Value,Error,Energy
0.5345847954196009,0.0007729833504274019,0.1 - 1
2.952118608674691,0.0013464241503525732,1 - 3.5
1.3314532962274492,0.002052177588098381,3.5 - 10
0.012267783542344386,0.003,10 - 20
