Value,Error,Energy
0.04846271754615342,0.003069258152883653,0.01 - 0.1
8.00839112453793,0.0012623344679371042,0.1 - 1
4.75291047084916,0.0012570366524446094,1 - 3.5
1.2503967267679852,0.0022502254703596772,3.5 - 10
16.24835749079169,0.0003352507691842826,10 - 20
