Energy,Value,Error
0.1 - 1,7.3876194329097995,0.00020622596992943894
1 - 3.5,7.534731786857046,0.0002016851817297788
3.5 - 10,2.3541417492943557,0.00036071721356235826
10 - 20,17.783139137097848,0.00011596211829286717
