Value,Error,Energy
0.4310009063441956,0.0008494802567522592,0.1 - 1
3.1738513885009905,0.0012746421116019361,1 - 3.5
1.6372697381483603,0.002236496766927768,3.5 - 10
0.02669386788194015,0.0038905090018410402,10 - 20
