Value,Error,Energy
0.00562517608601072,0.0052389394402532485,0.01 - 0.1
2.1637846698945684,0.0017204986807053033,0.1 - 1
2.9391447459490867,0.0011567949984607657,1 - 3.5
1.5460107201318851,0.0014079080962465505,3.5 - 10
10.13048911614395,0.0003504274215207777,10 - 20
