Energy,Value,Error
0.1 - 1,1.0046140000486277,0.00030514826596919387
1 - 3.5,1.8003924000000002,0.0002548901189374527
3.5 - 10,0.30329297,0.0005269373067018322
10 - 20,0.00129254,0.0030000000000000005
