Energy,Value,Error
0.01 - 0.1,0.04846271754615342,0.0021627695860267737
0.1 - 1,8.008391124537932,0.00017402989746987174
1 - 3.5,4.75291047084916,0.00022831233879131116
3.5 - 10,1.2503967267679852,0.0004445228146669888
10 - 20,16.248357490791687,0.00011329515014160796
