Value,Error,Energy
3.143223612629335,0.001552021361389883,0.1 - 1
3.3358450092438425,0.0011959411969197286,1 - 3.5
1.1394838658129838,0.0018509387861819489,3.5 - 10
14.330660449504311,0.00027538860597570733,10 - 20
