Cells,Value,Error
101.0,2.71685e-20,0.0006
103.0,3.09875e-21,0.001
104.0,1.16769e-21,0.0015
105.0,4.45818e-22,0.0024
