Value,Error,Energy,Offset
0.6624923595682318,0.0027453612898485427,5 - 10,on-axis
2.2258769734035315,0.003377710424817802,10 - 20,on-axis
3.337681624549438,0.003976254538217807,20 - 30,on-axis
4.965775423460988,0.004357409441350614,30 - 40,on-axis
4.498735716964337,0.004318763293885471,40 - 50,on-axis
4.374087641830933,0.0037592432817974693,50 - 60,on-axis
13.888909149351413,0.003034916130780486,60 - 70,on-axis
