Value,Error,Energy,Offset
1.3437812924682837,0.0015951286323465385,5 - 10,on-axis
4.36882785749556,0.0020192587528789444,10 - 20,on-axis
7.8563623295126455,0.0027377633147797685,20 - 30,on-axis
12.642310696950918,0.003077951972398266,30 - 40,on-axis
23.44159874343993,0.002676278588384092,40 - 50,on-axis
