Value,Error,Energy,Offset
0.03121749845895745,0.0021161619752968915,5 - 10,on-axis
0.09590075625069783,0.0027655659537456946,10 - 20,on-axis
0.1631788766766566,0.00348174691929114,20 - 30,on-axis
0.3100886205011223,0.003418435088034077,30 - 40,on-axis
0.4055361121020895,0.0030329338075974653,40 - 50,on-axis
