Energy,Value,Error,Angle
0.01 - 0.1,4.241932646950721e-06,0.006673343082091554,41.8 deg
0.1 - 1,5.688542891246388e-05,0.0018550021368013386,41.8 deg
1 - 3.5,2.7764557751680894e-05,0.0033400809965871718,41.8 deg
3.5 - 10,1.1471276579680962e-06,0.029701844191233503,41.8 deg
10 - 20,1.4254032183644096e-06,0.03338378806427073,41.8 deg
