Energy,Value,Error,Angle
0.01 - 0.1,1.2581837711865198e-05,0.002794593456047568,12.2 deg
0.1 - 1,7.14243775789455e-05,0.0012523591728368678,12.2 deg
1 - 3.5,6.212143608818147e-06,0.004714811614506698,12.2 deg
3.5 - 10,5.425024400731693e-07,0.03318047082728945,12.2 deg
10 - 20,3.354073101297616e-06,0.01797278661861955,12.2 deg
