Energy,Value,Error,Angle
0.01 - 0.1,6.001489445373926e-06,0.003921685006044276,41.8 deg
0.1 - 1,1.6783600793590714e-05,0.00252873411041649,41.8 deg
1 - 3.5,2.628095821574116e-07,0.022100327798017565,41.8 deg
3.5 - 10,1.061469721053069e-08,0.21829933363118117,41.8 deg
10 - 20,2.1606409229809978e-08,0.2775070367424954,41.8 deg
