Energy,Value,Error,Angle
0.01 - 0.1,7.42374341724562e-06,0.0034888928371927352,24.9 deg
0.1 - 1,2.3130278636284165e-05,0.0020790946489282697,24.9 deg
1 - 3.5,4.635389200502785e-07,0.015102393813428256,24.9 deg
3.5 - 10,1.7141791033862364e-08,0.18112242667207323,24.9 deg
10 - 20,5.574256786761084e-08,0.24200298984425672,24.9 deg
