Energy,Value,Error,Angle
0.01 - 0.1,2.1902017251134245e-05,0.0020385668932724355,66.8 deg
0.1 - 1,8.844809342071916e-05,0.001258819061145396,66.8 deg
1 - 3.5,7.450483679016725e-05,0.0018566727584316237,66.8 deg
3.5 - 10,5.859128926254138e-05,0.0033351405713427968,66.8 deg
10 - 20,6.20103167892545e-05,0.0037205354523002737,66.8 deg
