Energy,Value,Error,Angle
0.01 - 0.1,4.907684600816035e-06,0.00628019150061868,24.9 deg
0.1 - 1,6.9291446413475e-05,0.0016798737541258203,24.9 deg
1 - 3.5,3.6599816996333474e-05,0.0029320933533976174,24.9 deg
3.5 - 10,1.8123268193954947e-06,0.025029871022992083,24.9 deg
10 - 20,4.276971485429714e-06,0.02331555627546768,24.9 deg
