Energy,Value,Error,Angle
0.1 - 1,2.2048138332682006e-05,0.0027700169846614207,24.9 deg
1 - 3.5,6.134707669336781e-05,0.0017647111810403392,24.9 deg
3.5 - 10,8.811917063431983e-05,0.0022560275679597143,24.9 deg
10 - 20,0.00026048247136266887,0.002065463717892477,24.9 deg
