Energy,Value,Error,Angle
0.1 - 1,7.490637068431435e-06,0.004573772486563454,0 deg
1 - 3.5,2.4931937460418798e-05,0.002380895759854956,0 deg
3.5 - 10,4.993696978372502e-05,0.0025262913610610204,0 deg
10 - 20,0.00040422722504465615,0.0008058095110720622,0 deg
