Energy,Value,Error,Angle
0.01 - 0.1,3.128421369521762e-05,0.0016103574879213084,66.8 deg
0.1 - 1,6.495582399360783e-05,0.0013221033411194045,66.8 deg
1 - 3.5,4.298865276857334e-05,0.0022244872002433877,66.8 deg
3.5 - 10,2.8993595137400856e-05,0.004604913275183732,66.8 deg
10 - 20,2.1630802728145742e-05,0.0058611206311479395,66.8 deg
