Energy,Value,Error,Angle
0.01 - 0.1,2.6510567700064176e-06,0.005587861930636414,41.8 deg
0.1 - 1,1.6673779938837226e-05,0.002430559159401549,41.8 deg
1 - 3.5,3.281918223453846e-05,0.0019368617930846288,41.8 deg
3.5 - 10,2.7005345206906873e-05,0.0024019546867888653,41.8 deg
10 - 20,2.8878528797257827e-05,0.0031405389449900307,41.8 deg
