Energy,Value,Error,Angle
0.01 - 0.1,5.886856444271873e-06,0.0056916254915704585,41.8 deg
0.1 - 1,0.00013658250399333532,0.001215760920558832,41.8 deg
1 - 3.5,0.00012403683220074964,0.0016251446588762355,41.8 deg
3.5 - 10,1.0657103994047955e-05,0.009399008968472504,41.8 deg
10 - 20,1.7590499560151e-05,0.00999827589345611,41.8 deg
