Energy,Value,Error,Angle
0.01 - 0.1,2.887713251259514e-06,0.007869771298877776,66.8 deg
0.1 - 1,0.00010924883208886184,0.0014028458591515943,66.8 deg
1 - 3.5,0.00017217059983392542,0.0014108729218001504,66.8 deg
3.5 - 10,2.7590956522872548e-05,0.005277387448657693,66.8 deg
10 - 20,2.7746913580440995e-05,0.006484214780670968,66.8 deg
