Energy,Value,Error,Angle
0.01 - 0.1,8.553978128964e-06,0.003419897174143967,66.8 deg
0.1 - 1,9.288889996331157e-05,0.0011462313649483853,66.8 deg
1 - 3.5,2.3559837465059522e-05,0.002693721534644656,66.8 deg
3.5 - 10,3.3452851427642233e-06,0.012194573962123225,66.8 deg
10 - 20,2.185088788164338e-06,0.018796136333190938,66.8 deg
