Energy,Value,Error,Angle
0.01 - 0.1,5.16558110632708e-05,0.0012663687754491143,0 deg
0.1 - 1,0.00010517596006956192,0.001091369659125243,0 deg
1 - 3.5,8.395963181973165e-05,0.001677140719569479,0 deg
3.5 - 10,6.14669332322998e-05,0.0029869718661568257,0 deg
10 - 20,0.0015415771151678118,0.00042903003651232165,0 deg
