Energy,Value,Error,Angle
0.01 - 0.1,1.6318905865312342e-06,0.007234206746907728,41.8 deg
0.1 - 1,1.6789613010365906e-05,0.0023190381273266243,41.8 deg
1 - 3.5,2.4039368356545744e-05,0.001962374224547796,41.8 deg
3.5 - 10,1.8284660591582127e-05,0.002812293487280503,41.8 deg
10 - 20,3.147436446751928e-05,0.002918466848560577,41.8 deg
