Energy,Value,Error,Angle
0.1 - 1,6.0675064174041235e-06,0.005116038223755178,41.8 deg
1 - 3.5,1.6310877695693212e-05,0.0031948073792499314,41.8 deg
3.5 - 10,1.8266146502528307e-05,0.004518447925957043,41.8 deg
10 - 20,1.3818744127857827e-05,0.007599001951956626,41.8 deg
