Energy,Value,Error,Angle
0.1 - 1,7.616792470279401e-06,0.004553990106368014,12.2 deg
1 - 3.5,2.2253701583797292e-05,0.0026824610869018327,12.2 deg
3.5 - 10,3.561033101772277e-05,0.0033780456924976643,12.2 deg
10 - 20,9.231949540607275e-05,0.0031032677379407144,12.2 deg
