Energy,Value,Error,Angle
0.01 - 0.1,6.667724993364894e-06,0.0054365986814453055,24.9 deg
0.1 - 1,0.00015384836796627704,0.0011665680871541112,24.9 deg
1 - 3.5,0.0001435738830700041,0.001540926586552601,24.9 deg
3.5 - 10,1.4392584061919257e-05,0.008301341083105705,24.9 deg
10 - 20,4.8831358454379596e-05,0.006795240555408802,24.9 deg
