Energy,Value,Error,Angle
0.01 - 0.1,1.183455023232715e-05,0.0028691580393837854,24.9 deg
0.1 - 1,6.449146265427743e-05,0.0013177129609607558,24.9 deg
1 - 3.5,5.152479545709506e-06,0.005276377928840272,24.9 deg
3.5 - 10,4.379158354900779e-07,0.035425390653846,24.9 deg
10 - 20,1.1794645921244528e-06,0.02952642913947769,24.9 deg
