Cells,Value,Error
3.43,0.00034082,0.0004
10.32,5.27616e-05,0.0011
17.15,1.21981e-05,0.0018
23.95,3.41884e-06,0.0027
30.8,1.09008e-06,0.0035
41.85,2.09745e-07,0.0055
46.85,8.77071e-08,0.0063
53.8,2.95904e-08,0.0081
60.55,1.0689e-08,0.0096
67.4,3.76264e-09,0.0126
74.4,1.34768e-09,0.0145
81.1,5.18479e-10,0.0169
87.75,1.90021e-10,0.0193
92.15,9.38336e-11,0.0211
