Cells,Value,Error
3.43,0.000276582,0.003
10.32,0.000452041,0.0018
17.15,0.000264468,0.0016
23.95,0.000122557,0.0017
30.8,5.01544e-05,0.0019
41.85,1.05311e-05,0.0029
46.85,2.3788e-06,0.0042
53.8,1.7119e-06,0.0036
60.55,7.79505e-07,0.0038
67.4,3.09898e-07,0.0043
74.4,1.13755e-07,0.005
81.1,4.66447e-08,0.0058
87.75,1.43767e-08,0.0071
92.15,3.73431e-09,0.0095
