Cells,Value,Error
3.43,0.000197737,0.0016
10.32,5.30801e-05,0.0026
17.15,1.64953e-05,0.0035
23.95,5.46834e-06,0.0044
30.8,1.93625e-06,0.0052
41.85,4.00357e-07,0.0079
46.85,1.97626e-07,0.0081
53.8,6.81154e-08,0.0098
60.55,2.51579e-08,0.0112
67.4,9.29856e-09,0.0141
74.4,3.39423e-09,0.016
81.1,1.26424e-09,0.0175
87.75,5.24731e-10,0.0185
92.15,3.01477e-10,0.0179
