Cells,Value,Error
3.43,8.5714e-05,0.0004
10.32,1.3856e-05,0.0011
17.15,3.30786e-06,0.0018
23.95,9.50946e-07,0.0026
30.8,3.09755e-07,0.0034
41.85,6.20968e-08,0.0052
46.85,2.60081e-08,0.0059
53.8,8.88976e-09,0.0076
60.55,3.24138e-09,0.0089
67.4,1.14781e-09,0.0115
74.4,4.18944e-10,0.0131
81.1,1.60461e-10,0.0154
87.75,5.94599e-11,0.0175
92.15,2.92786e-11,0.0189
