Energy,Value,Error
0.001 - 0.01,0.0037102,0.0016
0.01 - 0.03,0.01496859,0.000811860832474738
0.03 - 0.06,0.00823236,0.0010985122554952073
0.06 - 0.1,0.023421812,0.0006529866275361272
0.1 - 0.15,0.03605493,0.0005242434546876989
0.15 - 0.2,0.045283630000000005,0.00046442785065950166
0.2 - 0.4,0.18178923,0.00022941829377648332
0.4 - 0.5,0.0630329,0.0003924909140326521
0.5 - 0.7,0.1466916,0.00025667628150183053
