Value,Error,Energy
0.00160759,0.0034,0.001 - 0.01
0.008709131000000002,0.001502468525550042,0.01 - 0.03
0.006248418000000001,0.001780391913878348,0.03 - 0.06
0.016376328000000002,0.0010942098682546328,0.06 - 0.1
0.025276930000000003,0.0008901308493408656,0.1 - 0.15
0.032015129999999996,0.0007776086893021545,0.15 - 0.2
0.13452596,0.00038342329440218083,0.2 - 0.4
0.054499,0.0006055222908478395,0.4 - 0.5
0.11915819999999999,0.00040090445913801314,0.5 - 0.7
