Energy,Value,Error
0.001 - 0.01,0.00635902,0.0012
0.01 - 0.03,0.023981654,0.0006351874871881862
0.03 - 0.06,0.010565865,0.0009708939672061498
0.06 - 0.1,0.03105767,0.0005637623932321205
0.1 - 0.15,0.04758043,0.00045913996410146734
0.15 - 0.2,0.0582895,0.0004109272693015463
0.2 - 0.4,0.22452992,0.00021240459717374746
0.4 - 0.5,0.06888079999999999,0.0003801870522319092
0.5 - 0.7,0.1624178,0.00023604652207013632
