Value,Error,Energy
0.00636186,0.0017,0.001 - 0.01
0.023950941,0.0008990201825133594,0.01 - 0.03
0.010576591,0.0013641955724624317,0.03 - 0.06
0.031054230000000002,0.000800472334303502,0.06 - 0.1
0.04757491,0.0006480025572376788,0.1 - 0.15
0.0583015,0.0005899423675752222,0.15 - 0.2
0.22455666999999999,0.00029658893753567597,0.2 - 0.4
0.0688542,0.0005428688601410804,0.4 - 0.5
0.16238950000000002,0.00034759454472528344,0.5 - 0.7
