Energy,Value,Error
0.001 - 0.01,0.0016005,0.0024
0.01 - 0.03,0.008730278,0.001060215292183244
0.03 - 0.06,0.006248299,0.0012611125880814293
0.06 - 0.1,0.016379682,0.000765541627108896
0.1 - 0.15,0.0252745,0.0006205512531340435
0.15 - 0.2,0.03202787,0.0005535523331494615
0.2 - 0.4,0.13451797000000001,0.00027497372682203287
0.4 - 0.5,0.0544717,0.0004372481388950534
0.5 - 0.7,0.119262,0.00028939947654271016
