Cells,Value,Error
69.0,1.9986916919200002,0.004159326868617085
