Cells,Value,Error
481.0,0.2961093371059999,0.000412947503771377
