Cells,Value,Error
641.0,0.000606987,0.0026
643.0,0.000280121,0.0009
645.0,9.38837e-05,0.0008
647.0,2.61915e-05,0.0014
