Cells,Value,Error
602.0,0.000183188,0.0024
613.0,1.06162e-05,0.0044
622.0,9.87806e-07,0.0076
632.0,1.06893e-07,0.0132
