Cells,Value,Error
611.0,2.76082e-15,0.0021
614.0,4.31908e-16,0.0019
623.0,1.07369e-16,0.002
633.0,2.67387e-17,0.0029
