Cells,Value,Error
602.0,0.000301643,0.0024
613.0,1.68651e-05,0.0045
622.0,1.51115e-06,0.0079
632.0,1.59255e-07,0.0141
