Cells,Value,Error
0.0,0.00132838,0.0017
4.10115,0.00033336,0.0036
10.40115,7.87133e-05,0.0072
16.70115,2.46298e-05,0.0135
23.00115,8.46506e-06,0.0217
