Cells,Value,Error
4.10115,8.71847e-05,0.0016
10.40115,2.22858e-05,0.0032
16.70115,7.37604e-06,0.0056
23.00115,2.75814e-06,0.0093
