Cells,Value,Error
0.0,1.06843e-14,0.0494
5.1,6.32779e-15,0.0478
10.22,4.34782e-15,0.0521
15.34,3.03276e-15,0.0576
20.44,2.56749e-15,0.0641
25.64,1.77473e-15,0.0808
30.79,1.34517e-15,0.0972
35.99,9.70775e-16,0.0829
41.19,1.21804e-15,0.1177
46.44,6.93868e-16,0.1114
51.62,6.56321e-16,0.113
56.69,5.01089e-16,0.1413
61.81,5.64945e-16,0.1428
66.99,4.04954e-16,0.1777
