Cells,Value,Error
5.1,2.7232e-20,0.0006
15.34,3.1177e-21,0.001
20.44,1.18631e-21,0.0016
25.64,4.50594e-22,0.0022
