Cells,Value,Error
0.0,7.11312e-17,0.0006
5.1,2.32054e-17,0.0007
10.22,1.02254e-17,0.0008
15.34,4.83468e-18,0.0011
20.44,2.4026e-18,0.0015
25.64,1.22311e-18,0.0018
30.79,6.47619e-19,0.0022
35.99,3.528e-19,0.0031
41.19,1.98186e-19,0.0037
46.44,1.14281e-19,0.0052
