Cells,Value,Error
48,1.56457,0.0009
21,1.4387e-06,0.0103
54,2.44751,0.0004
86,1.9975e-07,0.0103
