Cells,Value,Error
31,6.95468e-06,0.0055
25,5.69651e-08,0.0104
71,9.02314e-06,0.0028
82,8.18249e-09,0.01
