Cells,Value,Error
31,0.579354,0.0036
25,0.00573558,0.0068
71,0.774948,0.0018
82,0.00089993,0.006
