Cells,Value,Error
48,9.14141,0.0008
21,4.0933e-05,0.0059
54,13.7203,0.0003
86,5.98378e-06,0.0052
