Cells,Value,Error
602.0,7.33327e-05,0.003
612.0,5.27669e-06,0.006
622.0,5.80582e-07,0.0091
632.0,7.58165e-08,0.0121
