Cells,Value,Error
602.0,9.63286e-05,0.0028
612.0,1.05063e-05,0.0046
622.0,1.51233e-06,0.0061
632.0,2.37978e-07,0.0072
