Cells,Value,Error
602.0,8.93438e-06,0.0128
612.0,1.41216e-06,0.0095
622.0,2.60246e-07,0.0109
632.0,5.1815e-08,0.0154
