Cells,Value,Error
611.0,4.48371e-05,0.0024
614.0,2.72345e-06,0.0043
623.0,2.54686e-07,0.0074
633.0,2.84678e-08,0.0142
