Cells,Value,Error
602.0,4.3743e-05,0.0023
613.0,2.62813e-06,0.0043
622.0,2.45634e-07,0.0074
632.0,2.69462e-08,0.0134
