Cells,Value,Error
641.0,2.56896e-05,0.0041
643.0,1.26008e-05,0.0016
645.0,4.51576e-06,0.0015
647.0,1.31912e-06,0.0026
