Cells,Value,Error
611.0,1.35858e-05,0.0024
614.0,7.47141e-07,0.0045
623.0,6.62516e-08,0.0081
633.0,7.15282e-09,0.0137
