Cells,Value,Error
611.0,2.75566e-15,0.0021
614.0,4.32679e-16,0.0019
623.0,1.07725e-16,0.002
633.0,2.69907e-17,0.003
