Energy,Value,Error
0.01 - 0.1,0.5383231177401033,0.0006668734335546111
0.1 - 1,12.933203900072726,0.00013662451723928868
1 - 3.5,7.767620079412069,0.0001773431135431144
3.5 - 10,1.7804730738851173,0.0003685093538017084
10 - 20,9.269124005394794,0.00014571299107497563
