Energy,Value,Error
0.01 - 0.1,0.04847213562772101,0.0021627952254058883
0.1 - 1,8.00316183934057,0.0001739886033792561
1 - 3.5,4.749920627213455,0.00022831227154790376
3.5 - 10,1.254788778719016,0.00044340474623716185
10 - 20,16.2453725349955,0.00011327702787825308
