Energy,Value,Error
0.1 - 1,0.5585752000261306,0.00039990739655308374
1 - 3.5,0.7083529000000001,0.00038234300597485683
3.5 - 10,0.07704775579999999,0.000981553842982374
10 - 20,5.099562e-05,0.020997842680979532
