Energy,Value,Error
0.1 - 1,4.091812966280222,0.00023118409780577165
1 - 3.5,3.3215123968093248,0.00025613290187149486
3.5 - 10,2.1008876687562346,0.0003217715885422494
10 - 20,5.1303647008228666,0.0002154846096141237
