Energy,Value,Error
0.1 - 1,2.1856440001153263,0.0002108724094448894
1 - 3.5,2.0601561999999998,0.00023517020593284525
3.5 - 10,0.46269972000000004,0.00046678258662060745
10 - 20,0.0025517359999999998,0.00297475477154079
