Energy,Value,Error
0.1 - 1,1.8202935439194126,0.000353755043851232
1 - 3.5,2.58849848001378,0.00029553322185645704
3.5 - 10,1.7853577009204804,0.00035022303183413796
10 - 20,17.860481729825555,0.00010472141621419586
