Energy,Value,Error
0.1 - 1,1.181887000058929,0.0003032161407524039
1 - 3.5,2.1121550000000004,0.00025148148355633404
3.5 - 10,0.30223532999999997,0.0005677454305319058
10 - 20,0.0011637,0.0034000000000000002
