Energy,Value,Error
0.01 - 0.1,0.6881869096195095,0.0005176648353295917
0.1 - 1,17.958110365857046,0.00010920153898971392
1 - 3.5,3.391973186121709,0.00025905138789838225
3.5 - 10,0.6781685031202729,0.0005733363463011709
10 - 20,2.284444584500589,0.0003087300688133842
