Cells,Segments,Value,Error
20,1,114.322,0.0032
40,1,44.3654,0.0062
70,1,3.89753,0.0014
100,1,0.217857,0.0015
130,1,0.0112914,0.0029
