Cells,Segments,Value,Error
20,1,302.844,0.0028
40,1,105.345,0.0054
70,1,8.8609,0.0014
100,1,0.503764,0.0015
130,1,0.028134,0.0028
