Value,Error
2.7660757071499065,3.301098577803932e-05
