Value,Error
1.4157195255011312,3.4990724255815886e-05
