Value,Error
0.10926480874993022,3.0291011854530705e-05
