Value,Error
0.008242621599602764,9.458179904658515e-05
