Value,Error
0.00013974278621255035,0.0001649421628862728
