Value,Error
33.40210239621624,6.699321345703514e-05
