Value,Error
0.021921807025246487,8.168498139422774e-05
