Value,Error
1.3550855102962136,3.955025158079838e-05
