Energy,Value,Error
1e-06,8.223211505686209e-14,0.711039851868222
0.09999999999999999,7.976996089503326e-06,5.941426818315004e-05
1.0,7.972471712359643e-06,5.943975948788987e-05
10.0,7.9740751713208e-06,5.243679446557653e-05
20.0,7.943603119904979e-06,5.059087235351277e-05
