Value,Error
2.926385852400817,2.125101687739399e-05
