Energy,Value,Error
1e-06,3.647194537547216e-09,0.0049810599318059106
0.09999999999999999,2.5073020732854454e-05,4.3719711972427574e-05
1.0,2.6562694103443607e-05,4.8317466258166996e-05
10.0,9.04365832407241e-07,0.0003193119461168729
20.0,2.674081181942083e-07,0.00033780623018458684
