Energy,Value,Error
0.01,1.814758741095608e-10,0.017743572490224468
0.09999999999999999,1.8909719386559313e-07,0.0005584461028464027
1.0,4.798482940135626e-06,0.0001246400649752167
5.0,3.992968232609241e-06,0.00012124872334036523
20.0,1.0300814691313828e-06,0.00021224049966464542
