Value,Error
7.0478352763897564e-06,0.0001260452875068294
