Value,Error
0.08227302370536885,7.565807365269088e-05
