Value,Error
2.144036955942556e-06,0.0001786786607647026
