Energy,Value,Error
0.01,1.09075327525356e-10,0.024658672148664136
0.09999999999999999,9.88281224503619e-09,0.003376778792106849
1.0,1.88562975869791e-06,0.00025772493323523434
5.0,2.392256700134267e-06,0.00021650975025510447
20.0,2.471739490141881e-07,0.0006469854257897145
