Value,Error
2.5420039824960483,3.1466776685096534e-05
