Value,Error
0.21928576450432694,2.833787137161389e-05
