Energy,Value,Error
0.01,2.1028767298268818e-11,0.06048024325504835
0.09999999999999999,1.5922340391749862e-09,0.008741197426028085
1.0,3.6940434935261686e-07,0.0005026010145310764
5.0,4.231613931023713e-07,0.0004409580883839303
20.0,5.456097718774512e-08,0.0014122395354409518
