Value,Error
0.00016395474197134256,0.00026660492098825564
