Energy,Value,Error
0.01,9.822658457610396e-11,0.03502154875553272
0.09999999999999999,9.271320272736043e-09,0.0036963839987170896
1.0,4.906939154577629e-07,0.0004788684850882392
5.0,7.733080386963758e-07,0.0003706983017202577
20.0,2.0565038381295638e-08,0.002020730387804098
