Value,Error
2.765428086124096,3.395002462607212e-05
