Energy,Value,Error
0.01,5.508094639654168e-11,0.03679537511996744
0.09999999999999999,2.7043414324524635e-08,0.001914759879759536
1.0,1.2041273685410855e-06,0.0003076943550685197
5.0,9.091982852283519e-07,0.00033957742463861586
20.0,1.266991404435129e-07,0.0007761781608575438
