Value,Error
0.048339263644207535,7.462242055398205e-05
