Energy,Value,Error
1e-06,0.0,
0.09999999999999999,9.583913695854132e-07,0.00023185499136423436
1.0,8.605281827330731e-07,0.0003238419722360588
10.0,7.971960067594118e-08,0.000941320809161134
20.0,2.5437238172629564e-08,0.001209446165193687
