Value,Error
12.069510576553428,2.912188821561323e-05
