Energy,Value,Error
1e-06,1.9200196125174022e-13,0.5156838634035861
0.09999999999999999,7.976669728270257e-06,5.985451712473538e-05
1.0,7.971974234979398e-06,5.9400042953667215e-05
10.0,7.977829339016468e-06,5.2461076780073915e-05
20.0,7.941310758957657e-06,5.075168322902841e-05
