Value,Error
0.0016620429158421303,8.83024355409213e-05
