Value,Error
2.960369133393839,2.8548828991164612e-05
