Energy,Value,Error
0.01,6.465029862283418e-11,0.04393491555399145
0.09999999999999999,1.0394288789288682e-08,0.002766508972001931
1.0,8.587729697452042e-07,0.0003579231500488885
5.0,4.92618340723428e-07,0.0003822988613318686
20.0,1.885630568991976e-07,0.0005851159836338262
