Value,Error
1.8172464964220552,6.590836112952111e-05
