Value,Error
10.477707584233281,5.4220031694888046e-05
