Value,Error
4.975173504092181e-07,0.00014097232448546124
