Value,Error
0.015333589267238929,0.00011957085076788604
