Value,Error
0.9760861387094103,3.7882715433283756e-05
