Value,Error
0.3157587213627951,2.7110488189158708e-05
