Value,Error
1.588775295412672e-06,0.00019667996827505747
