Value,Error
4.398322673762802e-08,0.0002292739465382624
