Value,Error
0.31963610546700344,6.765562005315737e-05
