Energy,Value,Error
0.01,5.0235958036779195e-11,0.04924515820578934
0.09999999999999999,1.5581056019713405e-09,0.009305253318183009
1.0,3.3053613181316273e-07,0.0005223867343813219
5.0,1.5811489910133316e-07,0.0007277778748454354
20.0,1.7657448679074256e-08,0.002369613874121804
