Energy,Value,Error
1e-06,3.5461185856970166e-05,4.304782946084055e-05
0.09999999999999999,2.3769342131640127e-06,0.00018926060156556262
1.0,7.658359240032422e-07,0.0003296122482923853
10.0,6.353437804729346e-07,0.0003779394670470367
20.0,5.974034364144261e-08,0.0008884208656435688
