Value,Error
0.0011261379727050566,0.0001368436761865394
