Value,Error
0.2365728798547741,3.388053785273395e-05
