Energy,Value,Error
1e-06,8.306605183858669e-11,0.030631823555386677
0.09999999999999999,1.117721022825989e-05,7.47993166569441e-05
1.0,3.014198164455237e-05,4.513142467430231e-05
10.0,1.9636620984130737e-06,0.0002004904091089121
20.0,2.0700967069182405e-07,0.0004510927774203991
