Value,Error
0.0045063257072792545,9.644176271695315e-05
