Energy,Value,Error
0.01,2.605906444975092e-13,0.4721528618566198
0.09999999999999999,3.8591164382000194e-11,0.0530719409682108
1.0,1.4994250764687993e-08,0.0029289020446817498
5.0,6.872530427949433e-09,0.0039111998962979245
20.0,9.846805556661375e-14,1.0
