Energy,Value,Error
1e-06,7.2587263871021874e-09,0.0034114706532670995
0.09999999999999999,2.3991868267655363e-05,3.9926671855614224e-05
1.0,1.0118983818871312e-05,9.075430557200892e-05
10.0,9.304381241058556e-07,0.00026230674157875274
20.0,2.90527647525642e-07,0.0003769843267805522
