Value,Error
0.02038825805192555,8.22633433765138e-05
