Value,Error
2.5873487206538295,2.6208327307457468e-05
