Value,Error
0.08174112427811812,4.550662797079805e-05
