Value,Error
3.8709384941180844,2.9924601649632008e-05
