Value,Error
4.026306176879281,3.088217784889473e-05
