Value,Error
0.0003169589019667111,0.0001230972935779168
