Value,Error
0.000404905031183103,0.0008387554650134967
