Value,Error
0.1825382242836899,3.126028136273602e-05
