Value,Error
0.011214457872739426,9.035892459722675e-05
