Value,Error
4.235370695470937,2.5739255064003283e-05
