Value,Error
0.2538404839790902,3.076144727084779e-05
