Value,Error
0.02159394716269643,8.390981326111234e-05
