Value,Error
0.7313820708957494,3.681372120893729e-05
