Value,Error
0.0011281894164456292,8.956451270400708e-05
