Value,Error
0.5056071945542114,3.096699123270907e-05
