Value,Error
1.149751739563735,6.915663916919644e-05
