Value,Error
0.004049235270886666,0.0006754497519792659
