Value,Error
0.24618598935501124,5.292436551614462e-05
