Value,Error
0.906724811528098,4.826196971588532e-05
