Value,Error
0.1130926449337906,3.213717870228151e-05
