Value,Error
14.51151539476878,3.0436562229704397e-05
