Value,Error
5.581153622280343,3.2365427378170586e-05
