Value,Error
1.8133923845266742,3.245688608432784e-05
