Value,Error
4.48853950235232e-06,4.4480483133723364e-05
