Energy,Value,Error
1e-06,0.0,
0.09999999999999999,2.6422685653515195e-05,4.033412915986839e-05
1.0,1.02174556366362e-05,7.994380261344695e-05
10.0,2.1350318794063053e-07,0.0005488230798205519
20.0,3.457095520532444e-08,0.001202399853544068
