Value,Error
0.5740824569829931,7.579321086629141e-05
