Value,Error
0.4449829826464299,8.65471737357279e-05
