Value,Error
0.05067563182710532,6.904898674074489e-05
