Value,Error
1.1659505834669575,6.605950199421268e-05
