Energy,Value,Error
1e-06,2.1233850265364122e-07,0.0006072655050851821
0.09999999999999999,3.0887479088045546e-05,3.4271167174553597e-05
1.0,5.746935060919714e-06,0.0001116988126202906
10.0,5.625451084441777e-06,8.449391238460975e-05
20.0,7.483517220281134e-07,0.00019720650959632557
