Value,Error
5.552235549829819,3.219316359765004e-05
