Energy,Value,Error
1e-06,5.219497065566467e-09,0.004455255526884781
0.09999999999999999,1.782613223680924e-05,6.688001415172643e-05
1.0,2.6230490977931452e-05,4.9324181274123144e-05
10.0,1.6240905200893697e-05,6.454939676570858e-05
20.0,1.1902381346243787e-07,0.0006325664521901089
