Value,Error
4.339135510861353,3.651059355718019e-05
