Energy,Value,Error
1e-06,2.5962535209358215e-06,0.00016041129083579187
0.09999999999999999,2.4509531190650163e-05,4.107164219853392e-05
1.0,4.891126828227355e-06,0.00010404748921955973
10.0,8.1142619892976e-06,6.513766359067762e-05
20.0,4.258176613582335e-06,8.26245797684645e-05
