Value,Error
2.9211106337529262,4.096516281399278e-05
