Value,Error
5.379080001193611e-07,0.0001934860560387675
