Value,Error
5.240258266196051e-08,0.03534129416539056
