Energy,Value,Error
0.01,1.5510466208815393e-10,0.028705069916993453
0.09999999999999999,7.145442169177434e-09,0.003703967965022891
1.0,7.878500655266184e-07,0.0003604455770109978
5.0,4.927934378581245e-07,0.0003730845315270025
20.0,1.8464460248082795e-07,0.0006627199131648869
