Value,Error
2.34839667777735,2.8586300025066725e-05
