Energy,Value,Error
0.01,9.960223056187391e-11,0.033251431897083024
0.09999999999999999,7.500691824031258e-09,0.0037109090475900583
1.0,3.333520785870277e-07,0.0006234073031076535
5.0,5.87090025955465e-07,0.0005163808314484496
20.0,2.4540017207720205e-08,0.002166650455347702
