Value,Error
0.13379446264890427,2.8013447350550064e-05
