Energy,Value,Error
1e-06,2.0845643946177884e-10,0.02519619116045098
0.09999999999999999,4.366660475400319e-07,0.00045465642326266814
1.0,6.78750654128299e-07,0.00038180291005308735
10.0,1.4289966904308327e-08,0.0025163044232144843
20.0,1.4833629403067225e-09,0.005875574531601457
