Energy,Value,Error
1e-06,5.1700059730354034e-12,0.108326887328965
0.09999999999999999,8.879556261265886e-06,8.171251590614744e-05
1.0,1.3183953825446466e-05,7.805788310251726e-05
10.0,6.180718392545435e-07,0.0003483889195587336
20.0,1.3166574953243639e-07,0.0005744065157404903
