Value,Error
0.5133083306798615,3.355506587788913e-05
