Value,Error
8.297029539470174,2.8501711808131074e-05
