Value,Error
0.08680537603909495,8.356678459675594e-05
