Value,Error
5.57794015958657,3.158160076237138e-05
