Value,Error
1.0308593801336585,3.726187853852025e-05
