Energy,Value,Error
0.01,4.092781188933335e-10,0.016481615272447014
0.09999999999999999,1.5335043372811548e-08,0.0023969228648114587
1.0,1.9019936566380168e-06,0.00023549218844547902
5.0,1.4793889053652513e-06,0.00021665169221340408
20.0,3.1145907189984585e-07,0.000551842963032519
