Energy,Value,Error
0.01,1.0016304339838777e-10,0.03653496547967378
0.09999999999999999,7.664599515842657e-09,0.0041780857794741725
1.0,3.559598645413361e-07,0.0005442810749275907
5.0,5.941059836717022e-07,0.0004942524667283956
20.0,1.5056835184328277e-08,0.002651165411782147
