Value,Error
3.211601628356302,3.472199900207634e-05
