Value,Error
0.404990507667733,2.74101273197946e-05
