Energy,Value,Error
1e-06,4.3372220222114704e-10,0.012836831338205604
0.09999999999999999,2.2764428265085132e-05,4.887491264834958e-05
1.0,9.635408846446229e-06,8.768663116934226e-05
10.0,5.633020871019671e-08,0.0011957407217251701
20.0,1.8816764933028367e-08,0.0017025049309524931
