Value,Error
0.000814529933848143,0.00012631269721353008
