Value,Error
2.825697921031439e-07,0.00019258238968882164
