Value,Error
8.070123399468021e-05,0.00010248495740715637
