Value,Error
5.291468277802172,3.7954119466220604e-05
