Value,Error
0.1509644089697711,3.683525936184426e-05
