Value,Error
0.08350471403538795,5.9172193691745065e-05
