Energy,Value,Error
0.01,8.701480730633419e-09,0.002892722423092216
0.09999999999999999,4.260342894854299e-06,0.00016776881680044073
1.0,1.3501454513814006e-05,8.581361207940166e-05
5.0,9.686424283735878e-06,7.193023387812243e-05
20.0,5.394326772423664e-06,9.056945495709948e-05
