Value,Error
8.611548219406015e-05,0.00011070543429365231
