Energy,Value,Error
1e-06,0.0,
0.09999999999999999,7.962296344216889e-06,5.983966935040817e-05
1.0,7.967359123599636e-06,5.931855857371523e-05
10.0,7.966646621832972e-06,5.224024115345981e-05
20.0,7.948496605623134e-06,5.0497466950540234e-05
