Value,Error
0.0021078715843483816,9.812301087704508e-05
