Value,Error
0.001374434115270101,8.395604025681934e-05
