Value,Error
9.408837040689589,2.6384391997641202e-05
