Energy,Value,Error
0.01,4.744878226805961e-11,0.04551663973076549
0.09999999999999999,5.8065062233127076e-09,0.004670826777662999
1.0,7.255500948225155e-07,0.00041753426353967235
5.0,5.026343741666198e-07,0.00036709569473206675
20.0,1.2560489559988746e-07,0.000757893267415551
