Energy,Value,Error
1e-06,2.6705129249210913e-09,0.004892843180002242
0.09999999999999999,1.5914436735638814e-05,5.7020565205017533e-05
1.0,2.060712407654006e-05,4.7016936824374706e-05
10.0,4.62748415518501e-06,0.00011151370571741392
20.0,6.239540833032896e-07,0.0002283902052207164
