Value,Error
1.6398066886954141,3.890391371351417e-05
