Value,Error
5.6654383811748215,3.845754684254578e-05
