Value,Error
0.0015469725783858745,9.441687246660786e-05
