Value,Error
3.4000934965997726e-06,0.00018726852744432968
