Energy,Value,Error
1e-06,0.0,
0.09999999999999999,8.488081946276929e-06,8.550089439188963e-05
1.0,7.951476381263784e-06,0.00010883410705653011
10.0,1.1754816121601718e-06,0.00024390110743751367
20.0,2.6003993096285835e-07,0.0003483861669057021
