Energy,Value,Error
1e-06,6.8275250306897215e-12,0.08745583207101014
0.09999999999999999,1.1895035423104896e-05,7.381479786915544e-05
1.0,1.333983454416364e-05,7.265756996439665e-05
10.0,9.1530648716559e-07,0.0002604685176855717
20.0,2.0192003420206785e-07,0.0004981402543337499
