Value,Error
3.0492704749534433e-09,0.0002629256776353659
