Value,Error
0.09369276307665661,3.4775993367795056e-05
