Value,Error
4.975454578288695e-07,0.00014098038104686024
