Energy,Value,Error
1e-06,3.7640279761816613e-10,0.017141085803976417
0.09999999999999999,2.4612582386269637e-07,0.0005934764706599098
1.0,6.448059592390224e-07,0.00034507976490973807
10.0,2.4091664577876367e-08,0.0018421223655256352
20.0,1.8633069663422493e-09,0.00512618402338338
