Value,Error
0.005956488070073813,8.498878873360761e-05
