Value,Error
1.2340781979798061,3.770573283151489e-05
