Energy,Value,Error
1e-06,1.0917865482013457e-10,0.026945499236654243
0.09999999999999999,6.517179154193864e-06,0.00010239447306964922
1.0,5.1450169473560135e-06,0.00012786080915297833
10.0,1.651593265837749e-07,0.0006358740271375818
20.0,6.117506370495179e-08,0.0008048090590243189
