Value,Error
3.9655898011124258,3.0259776284209734e-05
