Value,Error
11.268949068944115,3.041653959831086e-05
