Value,Error
0.08958535566182443,6.514912160839784e-05
