Value,Error
0.0687824483047694,6.886776069792544e-05
