Value,Error
7.609747017264879,3.038285166698569e-05
