Value,Error
1.9552416086583138e-07,0.00017617641705066763
