Energy,Value,Error
1e-06,0.0,
0.09999999999999999,1.5938752003225986e-06,0.00015390848979878916
1.0,4.202164740407916e-06,0.00011844055308193025
10.0,6.840141996751747e-07,0.00033182112459552096
20.0,3.016830353618971e-07,0.00041561787491316195
