Value,Error
1.0615939048016827e-05,0.0001757297534650245
