Energy,Value,Error
1e-06,3.994524593433027e-11,0.03872988449433774
0.09999999999999999,9.805409648107824e-06,6.564295109094246e-05
1.0,1.863668359601288e-05,4.6005249892700687e-05
10.0,1.0360127461683817e-05,6.015147070935262e-05
20.0,2.3778067826063885e-06,0.0001295850080655817
