Value,Error
0.09741494288113686,3.114144534826393e-05
