Energy,Value,Error
1e-06,1.30048199581814e-11,0.06785695905348786
0.09999999999999999,1.341184058978425e-05,6.063063384971816e-05
1.0,2.2908153122701684e-05,5.3984189673758996e-05
10.0,9.88960901019756e-07,0.0002728608856071337
20.0,2.115571667135401e-07,0.0005012555704768163
