Energy,Value,Error
1e-06,0.0,
0.09999999999999999,1.0056955127412689e-08,0.0030355286025497913
1.0,7.810177231897814e-08,0.0010566405899046524
10.0,1.1737986143678216e-08,0.0025749843477985025
20.0,1.5937266817739864e-09,0.005417163095293702
