Value,Error
2.832300420032684e-08,0.000361063634281747
