Value,Error
0.6822013907174949,3.83199554807456e-05
