Value,Error
0.08451990328733827,4.1852229132984e-05
