Value,Error
1.988877965106238e-06,0.0002164149747905729
