Value,Error
2.7647106797290424,2.838371757315049e-05
