Value,Error
0.09638294779544894,7.644673308671944e-05
