Value,Error
8.354109325340987,2.7481958749489108e-05
