Value,Error
2.321509793966636e-07,0.0002660108100065977
