Value,Error
0.0031513408440284455,0.0007795764569090257
