Value,Error
5.188496828545169,2.600115364359527e-05
