Value,Error
3.0433725760197756,2.8458252771629604e-05
