Energy,Value,Error
0.01,9.064414263134672e-11,0.03615580511708329
0.09999999999999999,7.3088745681076354e-09,0.003802392426583657
1.0,4.185809218906407e-07,0.0005068284530010245
5.0,7.476786008580121e-07,0.0003437213782408515
20.0,1.5812751800117017e-08,0.0026562399397203496
