Energy,Value,Error
1e-06,2.7388452641723853e-09,0.005827177069375807
0.09999999999999999,1.6915673679649216e-05,5.632498778482268e-05
1.0,1.1361375490855996e-06,0.00027689609355629276
10.0,6.429686548479556e-08,0.0010213599703870813
20.0,8.837664350282405e-09,0.0021854790272010185
