Energy,Value,Error
0.01,9.150827666685277e-11,0.0494953334660086
0.09999999999999999,7.458012205252726e-09,0.0039532618194863785
1.0,1.1200044808053731e-06,0.00028911503440035144
5.0,1.491240995532866e-06,0.0002645734781615707
20.0,8.284045959804469e-08,0.0010591685280959572
