Value,Error
4.047153289952187,2.697613616670999e-05
