Value,Error
8.477397454030928,3.368332929427838e-05
