Value,Error
5.07204105874478,3.291447148684283e-05
