Value,Error
0.23717151068004144,2.5900149407796854e-05
