Value,Error
0.03255597674417191,7.93545357297077e-05
