Energy,Value,Error
1e-06,1.1585757385653335e-11,0.06788535038680747
0.09999999999999999,1.3335257279139735e-05,5.682528639488042e-05
1.0,3.991817534573961e-05,4.076111466244919e-05
10.0,3.432692145056181e-06,0.0001411554603177965
20.0,3.612829454721703e-07,0.0003459485203751181
