Value,Error
1.524099602660225e-06,0.0001330071637626479
