Value,Error
2.0402653220503004,3.5393383150850096e-05
