Value,Error
0.007293843802517449,8.910871141273836e-05
