Value,Error
6.021733415455448,3.308110967811484e-05
