Value,Error
0.006422640870490195,7.551679736631405e-05
