Energy,Value,Error
0.01,3.635398440371634e-11,0.046924325808418016
0.09999999999999999,2.716290365173995e-09,0.006539619032016601
1.0,8.779495287057034e-07,0.0003575696249756148
5.0,6.735233620025249e-07,0.0003447125446309382
20.0,6.399842246015116e-08,0.0011421747022164275
