Energy,Value,Error
1e-06,2.373660906194547e-10,0.014508270038114533
0.09999999999999999,1.4799423671635758e-05,5.6782964918893145e-05
1.0,1.1286700403105715e-05,6.0622041890309686e-05
10.0,9.453993923727075e-06,6.513286862140978e-05
20.0,4.006986051844749e-06,8.33971112079671e-05
