Value,Error
5.045091696545076e-05,0.00014499151500679437
