Value,Error
3.3869654635680524,3.907347164432654e-05
