Value,Error
1.2297942922512088e-05,0.00017711595450921035
