Value,Error
11.047775085007538,3.0080353282556438e-05
