Value,Error
8.027182786530446,2.5819990992615657e-05
