Energy,Value,Error
1e-06,2.3213624755442948e-08,0.002091412416102754
0.09999999999999999,2.017050620247432e-05,4.7097701008143284e-05
1.0,4.848128747391017e-06,0.00014841015930142193
10.0,1.817671486454674e-07,0.0006478623076220651
20.0,1.421100295311903e-08,0.0016787005984345274
