Value,Error
3.5042670913977956,4.745649615027589e-05
