Value,Error
0.0698907008874849,8.137207336297457e-05
