Value,Error
0.010100096253541715,7.96934997862745e-05
