Energy,Value,Error
0.01,1.5735029641307784e-10,0.02470975803286625
0.09999999999999999,2.0720258878708362e-08,0.002358692510841742
1.0,2.120004978093769e-06,0.0002265511122972321
5.0,2.7132869448447853e-06,0.00019986215370154303
20.0,1.093416516227123e-07,0.0008476774251056046
