Value,Error
5.736488764976002,3.053928906600247e-05
