Value,Error
0.007520697584181763,6.047590153968638e-05
