Value,Error
2.740271610268826,4.072567936149929e-05
