Value,Error
0.20124091834426447,3.69599385002394e-05
