Value,Error
0.0827782231060089,3.570420170900627e-05
