Value,Error
1.3614019330966247e-12,0.00030112764910081297
