Value,Error
77776.82326414176,7.99435487054699e-05
