Value,Error
0.3957251715259811,4.090654192209605e-05
