Value,Error
4.759756432964001,2.6237637418434946e-05
