Value,Error
7.61209589672632e-05,0.0001440747273593131
