Value,Error
4.51244452200595,2.765264084966535e-05
