Energy,Value,Error
0.01,2.0268817657218042e-11,0.08983621057798645
0.09999999999999999,8.747290842172579e-10,0.013094338758231568
1.0,4.063625213242395e-08,0.0016829528886634717
5.0,7.694153692940653e-08,0.0010882310124709362
20.0,2.059881451382822e-09,0.005576889626619121
