Value,Error
5.67345735970962,2.958150366194159e-05
