Value,Error
0.11888837994783652,3.504244061029265e-05
