Energy,Value,Error
1e-06,2.3833032649725687e-10,0.01632483230969399
0.09999999999999999,1.689947582319051e-05,5.829550431033289e-05
1.0,1.4110294747618863e-05,6.227785214651988e-05
10.0,9.767866146199817e-06,6.32113331557024e-05
20.0,2.6454931303571067e-06,0.00012347683187505812
