Value,Error
3.15372968520827,6.377771655506883e-05
