Value,Error
3.5609163595102946,3.0187217193678425e-05
