Value,Error
2.5749069834583147,3.393662150923984e-05
