Energy,Value,Error
1e-06,7.532233367156228e-11,0.033966513173271186
0.09999999999999999,1.4662354499003709e-05,6.06246715727839e-05
1.0,1.4082069856150693e-05,6.785778185995694e-05
10.0,1.2520544849416828e-06,0.00023126329614484012
20.0,1.5957118634689136e-07,0.0005069114750074114
