Value,Error
0.5180566117104881,3.8352696353985584e-05
