Value,Error
0.1487641805348474,3.2610162042862474e-05
