Energy,Value,Error
1e-06,1.8624122906698765e-12,0.1675703462230037
0.09999999999999999,2.4014059469362348e-05,5.0631468953833973e-05
1.0,2.1443037963405593e-05,4.692170404706917e-05
10.0,4.395080350656751e-07,0.00037574868095034805
20.0,1.1409967293495122e-08,0.0017864588000423734
