Energy,Value,Error
1e-06,0.0,
0.09999999999999999,7.961142253346229e-06,5.978214804886095e-05
1.0,7.969083174311555e-06,5.9434162932627257e-05
10.0,7.9618806222328e-06,5.241349983760596e-05
20.0,7.947481600125316e-06,5.0461556537996295e-05
