Value,Error
0.06861089344802428,0.0001411014901249286
