Value,Error
0.12171523162736865,3.3914546490823705e-05
