Value,Error
3.5148075002819654,4.8308536947361755e-05
