Value,Error
0.22143980975512217,8.705629535254898e-05
