Energy,Value,Error
1e-06,2.2838668134232785e-11,0.0472683483779299
0.09999999999999999,1.1573622588760507e-05,6.574889554717908e-05
1.0,3.375770356878434e-05,4.184370781700349e-05
10.0,6.3182771231273915e-06,0.00011070947156854779
20.0,4.0854539991905905e-07,0.0003343695862674115
