Energy,Value,Error
1e-06,0.0,
0.09999999999999999,3.2922236412042016e-07,0.0004933432482089978
1.0,7.737848636605308e-07,0.0003047403654447265
10.0,2.06835924031476e-08,0.0021075750341366284
20.0,6.681881978366086e-09,0.0026572328851626288
