Energy,Value,Error
0.01,1.2279527488340235e-09,0.0071731656077633115
0.09999999999999999,3.013669718141239e-06,0.00016322765289011792
1.0,4.119052077630781e-06,0.0001338670846145048
5.0,3.3024948042938234e-06,0.00011983981110053617
20.0,4.7408550081204155e-07,0.000287318721886694
