Value,Error
2.0293818960097445,3.53813242858126e-05
