Value,Error
5.70054753278592,2.9720559164140886e-05
