Value,Error
1.724155118088021,5.168504416966782e-05
