Energy,Value,Error
1e-06,2.1933033948904673e-10,0.0166673631074061
0.09999999999999999,2.2955142608668404e-05,5.466846825783467e-05
1.0,3.3809420056723496e-05,3.5706874284237116e-05
10.0,2.8608719380678614e-06,0.00015335977374182427
20.0,1.2761022944449515e-07,0.0006877068358393878
