Value,Error
3.44684503829761,3.208233736447791e-05
