Value,Error
2.03831707725676e-07,0.03452611122493497
