Value,Error
4.511435694000648,3.1139271014116884e-05
