Value,Error
3.625453499697145,3.0818609359937335e-05
