Value,Error
3.430558205188286,3.1257495471955845e-05
