Value,Error
0.0028707503138523183,0.00010670744271201487
