Energy,Value,Error
0.01,2.952522493978055e-10,0.016842078611513
0.09999999999999999,4.069076477237438e-07,0.00041527541080292374
1.0,1.0624260294502144e-05,9.388646286860983e-05
5.0,8.233493084083176e-06,9.583793583017119e-05
20.0,4.1811146230945744e-07,0.00032598019210388875
