Energy,Value,Error
0.01,1.0048657656359247e-11,0.07805852992678568
0.09999999999999999,2.627143468970735e-09,0.007355087865718639
1.0,2.097226089550659e-07,0.0008641993880014756
5.0,8.349672414282887e-08,0.0010455171382575635
20.0,1.654079824706938e-08,0.0021642709287932253
