Value,Error
0.08429387239485155,3.756584505461605e-05
