Value,Error
0.0004411488382043113,8.522612560788474e-05
