Value,Error
5.814896541398045,2.7203371936563346e-05
