Value,Error
2.595603119591272,5.3363679855570194e-05
