Energy,Value,Error
0.01,9.632697686022899e-11,0.03970956464102803
0.09999999999999999,1.926717924514983e-08,0.0028758402716332902
1.0,7.499451921039433e-07,0.00038217163323279855
5.0,1.007490832074179e-06,0.0002867877689280971
20.0,6.357771165762402e-09,0.003475740578905305
