Value,Error
2.6817576167630666,4.9983067930910075e-05
