Value,Error
7.017939070073513,3.0133481740772312e-05
