Energy,Value,Error
0.01,1.4098336982678036e-11,0.07683285720892881
0.09999999999999999,3.0400454859076166e-09,0.005888859262783339
1.0,1.3933011260860455e-07,0.0009288945703004078
5.0,1.5405540437803006e-07,0.0007075971283705528
20.0,3.1001794196834924e-09,0.0060815068569908225
