Energy,Value,Error
1e-06,1.2835331340341106e-11,0.06808134977622554
0.09999999999999999,9.707753382557211e-06,8.426447293243989e-05
1.0,2.26426258099517e-05,5.3792916985884356e-05
10.0,3.397309661526113e-06,0.00014069551592578694
20.0,3.0447402125405684e-07,0.00033477324171075733
