Value,Error
3.9144188820035195,2.9612975860716975e-05
