Value,Error
0.00947161607825122,8.296397896676777e-05
