Energy,Value,Error
1e-06,4.245971952171182e-10,0.012718980880634459
0.09999999999999999,1.2176503453026452e-05,7.030783292867722e-05
1.0,1.9483544573150906e-05,4.9578912267772214e-05
10.0,5.499929942641048e-06,0.00010834468453002283
20.0,5.724198948616101e-07,0.0002594159483923043
