Value,Error
1.798380075285194,3.364893520573116e-05
