Energy,Value,Error
0.01,4.732259514353723e-12,0.1531189484928496
0.09999999999999999,7.929462185821428e-10,0.011300609882346255
1.0,2.8071813143837313e-08,0.0021006514634732618
5.0,5.7146266256135715e-08,0.0013689848852282516
20.0,3.0172964566611063e-10,0.02045257512060754
