Value,Error
0.39608182133305997,5.5178987123302294e-05
