Energy,Value,Error
0.01,2.407344861386003e-11,0.056381880144059184
0.09999999999999999,2.2169441557053146e-09,0.006449433186912934
1.0,6.032322236106722e-07,0.0004061090637805291
5.0,5.000941102657167e-07,0.00042439619362567583
20.0,5.846368180948067e-08,0.0012462133026565213
