Value,Error
1.2671265928185315e-05,0.01473930745856515
