Value,Error
7.003827322381416e-08,0.0003543549358424049
