Value,Error
5.354367484779966e-06,0.0001927010767305779
