Value,Error
0.18606744095794311,3.283123070428467e-05
