Energy,Value,Error
0.01,6.196806358166446e-12,0.1432282593387955
0.09999999999999999,2.0090002924503797e-09,0.008488238704110234
1.0,1.1044797203018855e-07,0.0009295502999487903
5.0,6.647502734292281e-08,0.001313897763335361
20.0,1.4589835670361066e-09,0.00760303152833546
