Energy,Value,Error
0.01,1.1018175267458693e-12,0.25119670814020817
0.09999999999999999,5.600158840226126e-11,0.03981795138672518
1.0,3.3321812840566884e-09,0.005947215254059633
5.0,4.947899394757882e-09,0.004904574268025707
20.0,3.242867778171984e-11,0.054224331944542445
