Value,Error
5.613327588269807,2.706202020402809e-05
