Value,Error
4.718945482929623,3.0452323555037617e-05
