Value,Error
0.0033873346747682023,8.681211935638915e-05
