Value,Error
3.4963586909288593,3.112635807070908e-05
