Value,Error
9.331720925707376,2.6186936587014764e-05
