Energy,Value,Error
0.01,1.0943111749362078e-10,0.03274518070525474
0.09999999999999999,1.0403097935760997e-08,0.0034374932009921255
1.0,1.406415193786133e-06,0.0002809727530802491
5.0,1.4070326307855443e-06,0.0002748993390841508
20.0,2.0997995504771595e-08,0.0019623780986349326
