Value,Error
0.0013276290969484823,0.00010100116697236881
