Energy,Value,Error
1e-06,8.575781590507014e-12,0.0869604069629163
0.09999999999999999,1.1164810288772554e-05,6.683594983247096e-05
1.0,2.5624502554952433e-05,4.207351130570733e-05
10.0,8.888247326521102e-06,7.912094270423785e-05
20.0,1.6121694334214099e-06,0.00015146467052993545
