Value,Error
6.729781369346911,2.453759357625191e-05
