Value,Error
0.12859992572858184,7.017585715463558e-05
