Value,Error
9.614857237838131e-06,0.024461082973469418
