Energy,Value,Error
1e-06,5.78195228476667e-09,0.003921528088619073
0.09999999999999999,1.0914039660071526e-05,5.26880616309487e-05
1.0,2.592377077960051e-05,3.394761122428165e-05
10.0,5.174878548794406e-07,0.0003775874686826312
20.0,2.0830544318600412e-08,0.0015274085674105342
