Energy,Value,Error
1e-06,4.734924899350093e-12,0.12497462798849858
0.09999999999999999,1.4089744631851393e-05,6.11495968182129e-05
1.0,1.9183829188431837e-05,6.175491211870976e-05
10.0,1.006553153771966e-06,0.00030026552353485156
20.0,3.1745840642271664e-07,0.0003760633320069626
