Value,Error
3.710664031999106,2.586822819562768e-05
