Value,Error
0.6777738612921391,4.866851222926343e-05
