Value,Error
2.05608354466434,4.47567926536368e-05
