Energy,Value,Error
1e-06,0.0,
0.09999999999999999,2.3130350612758301e-07,0.000692872941586508
1.0,7.636491937753407e-07,0.0002996878791626688
10.0,2.5274833129566973e-08,0.001707304031271824
20.0,1.9623866473228982e-09,0.004520652629588563
