Energy,Value,Error
1e-06,0.0,
0.09999999999999999,9.09896152866652e-06,6.44045161728372e-05
1.0,1.920098446295306e-05,4.308149576805606e-05
10.0,1.0466316892354684e-07,0.0008679447881477629
20.0,2.429588242022913e-08,0.0012684054128741453
