Value,Error
4.45392044998505,2.870880469396372e-05
