Value,Error
5.783692480902751e-07,0.0001969558321645522
