Value,Error
0.0002030692605854843,0.0001172523338991902
