Value,Error
2.2486447585997897,3.00186386321957e-05
