Value,Error
2.056128264152561,4.509235418951653e-05
