Value,Error
0.01536148535560428,7.555685541699683e-05
