Energy,Value,Error
1e-06,3.777501390971908e-10,0.014921281124609605
0.09999999999999999,1.860066068604367e-05,5.0495495452439157e-05
1.0,9.810685894267309e-06,9.006792221162601e-05
10.0,6.439007158435722e-08,0.0010036052192244434
20.0,1.8631281153263015e-08,0.0016701048592159956
