Value,Error
2.318236084341367,4.408919195608855e-05
