Value,Error
1.8653569175283415,7.908591449094257e-05
