Energy,Value,Error
1e-06,2.0124544442766136e-11,0.048315279614041085
0.09999999999999999,1.0950734409200888e-05,7.12486906508837e-05
1.0,1.116495933320396e-05,6.318789050548632e-05
10.0,9.90646343978209e-06,5.760936684745148e-05
20.0,5.4290468316260575e-06,7.115158076698759e-05
