Value,Error
0.7508889877155558,5.83793897800383e-05
