Value,Error
9.986621732976971e-05,0.0001573867607515064
