Value,Error
0.010136669256850923,8.37631747574535e-05
