Energy,Value,Error
1e-06,5.850665118892624e-10,0.010484649772355338
0.09999999999999999,1.2487098730298863e-05,6.576538833526334e-05
1.0,2.1789153887968718e-05,4.703621004085689e-05
10.0,5.621167220820176e-06,9.571292571499616e-05
20.0,1.0723847845417824e-06,0.00020039427286825404
