Energy,Value,Error
0.01,1.3059495578722387e-11,0.0866299672982931
0.09999999999999999,9.60274054216773e-10,0.01186295221109263
1.0,4.317482502861321e-08,0.001528340121080287
5.0,9.144085701844879e-08,0.0010071343509954268
20.0,2.096258636237615e-09,0.006996275352563407
