Value,Error
3.5864053824946804,3.0051703328127764e-05
