Value,Error
4.1843972287564295,3.1194628292559384e-05
