Value,Error
0.5458971959925529,3.265758272994781e-05
