Energy,Value,Error
0.01,2.0956212025700423e-11,0.06539102309684315
0.09999999999999999,2.3834335832824567e-09,0.0068492657676285556
1.0,2.447130427710639e-07,0.000639015409972326
5.0,1.0432375251517785e-07,0.0008912630258455786
20.0,3.3319774119793796e-08,0.001666834846051273
