Value,Error
0.002624129361633763,7.100002129869271e-05
