Value,Error
7.471871693901866,2.8447689276343583e-05
