Value,Error
11.582206624722494,2.344158333990629e-05
