Energy,Value,Error
0.01,8.590563692773538e-11,0.02833633068432372
0.09999999999999999,2.2398064654291692e-08,0.0022751401211134276
1.0,8.012514910570205e-07,0.0003760672305605097
5.0,4.932031680470191e-07,0.0004397818168182727
20.0,1.4384676573022266e-07,0.0006844714298140584
