Value,Error
2.1685542116041123,3.2366273666059853e-05
