Value,Error
3.542977601824949,2.8799666015411925e-05
