Value,Error
5.749486018404914,3.0246627066313752e-05
