Value,Error
12.985228606311189,2.8426441719691093e-05
