Energy,Value,Error
0.01,3.234067950135756e-10,0.016215033616047647
0.09999999999999999,3.4294824268530243e-08,0.00184986160651122
1.0,7.560706841974947e-06,0.00010122516770294704
5.0,5.15384552949501e-06,0.000120862225154079
20.0,4.585145578946144e-07,0.00034040586469703127
