Value,Error
0.20318719295251544,0.00011057213159341264
