Value,Error
5.224244501063612,3.175973970327222e-05
