Value,Error
13.109408478398766,2.8095845064461355e-05
