Value,Error
0.17135526503028076,3.1880715410277236e-05
