Energy,Value,Error
0.01,7.158306824932613e-11,0.030510680058912474
0.09999999999999999,8.239232241486463e-09,0.0032755112890089145
1.0,1.8801365612656774e-06,0.00024633800733917915
5.0,1.7620256590212345e-06,0.0001957151885927683
20.0,1.290314288171068e-07,0.0006943215095743216
