Energy,Value,Error
1e-06,3.5945278767073147e-14,1.0
0.09999999999999999,7.974713237770533e-06,5.982042687338016e-05
1.0,7.974947294114446e-06,5.9363980249694845e-05
10.0,7.970258648339566e-06,5.248604617201147e-05
20.0,7.943160108424223e-06,5.102009079977884e-05
