Value,Error
5.194340005227275e-07,0.0002011672612057788
