Energy,Value,Error
1e-06,1.8476727733315968e-10,0.021799419688047255
0.09999999999999999,1.5092700256997964e-05,5.490382995309393e-05
1.0,2.5423432367024515e-05,3.9573823397002553e-05
10.0,5.737857087025559e-07,0.00035310660890048966
20.0,5.940425841108291e-08,0.0009535295527083162
