Value,Error
2.235113387481102e-07,0.00020357980852369226
