Value,Error
0.3790241874339999,3.500478280226529e-05
