Value,Error
0.00013498072913397904,0.0006333370419884289
