Energy,Value,Error
0.01,4.919659005219185e-11,0.038791237118956046
0.09999999999999999,4.518861555183857e-09,0.005136212817365335
1.0,1.027982904268931e-06,0.0003091070328801303
5.0,1.243813319294651e-06,0.00024195019440768906
20.0,6.269106221149043e-08,0.0011981987550633577
