Value,Error
0.1394556689694441,2.6517105194410735e-05
