Energy,Value,Error
1e-06,8.698279565694731e-13,0.22686448796982916
0.09999999999999999,5.115566819799748e-06,0.0001176229914398155
1.0,1.661710899421823e-05,6.135530533510994e-05
10.0,3.3396921510170148e-06,0.00014663464120296155
20.0,9.18614978156465e-07,0.00021413373182319512
