Energy,Value,Error
1e-06,3.2558582658663787e-13,0.3449283419659945
0.09999999999999999,9.58797866848873e-06,7.268200588905191e-05
1.0,1.8146868204320098e-05,6.32199351212695e-05
10.0,1.9746709419355895e-05,5.5471108068263585e-05
20.0,5.965683624160123e-06,6.774785244954882e-05
