Value,Error
0.1102056121137275,3.149270291857196e-05
