Energy,Value,Error
1e-06,3.05830886143801e-11,0.04972038725210443
0.09999999999999999,1.0701614572934621e-05,7.437129020974432e-05
1.0,1.574496575881327e-05,5.389776582258789e-05
10.0,1.01925716761167e-05,5.6746070323861204e-05
20.0,3.841069673855849e-06,8.447145550121923e-05
