Value,Error
0.05472627057955647,4.204568786556578e-05
