Value,Error
0.00040403537473519515,0.00011268340345889717
