Value,Error
11.848188798604122,3.0657603258594996e-05
