Energy,Value,Error
1e-06,0.0,
0.09999999999999999,1.2830493996330934e-07,0.0008229382367921383
1.0,6.167292394581788e-07,0.00036878595838110066
10.0,7.666987148706922e-08,0.0010394513770694397
20.0,2.8482646013180545e-08,0.0013597253416022391
