Value,Error
0.12025423935544097,3.933273206960084e-05
