Energy,Value,Error
1e-06,0.0,
0.09999999999999999,6.111612441362422e-06,0.00011175612556159914
1.0,1.3407653253368707e-05,8.246489748065853e-05
10.0,1.029230214073176e-06,0.0002592617899606744
20.0,3.317099854515941e-07,0.0003354940338552411
