Value,Error
4.595737479664827,3.49791955953079e-05
