Value,Error
1.378102798592142,5.358047361624459e-05
