Value,Error
6.586663258371268,3.4041323139027385e-05
