Energy,Value,Error
0.01,9.109194054933675e-11,0.03692485782936829
0.09999999999999999,3.395855614818994e-08,0.0015245218781864602
1.0,1.312213802416653e-06,0.00030493449166924826
5.0,8.883335682884316e-07,0.0003075062734663055
20.0,2.9217372642966193e-07,0.0005723679392741017
