Energy,Value,Error
0.01,8.138926730845909e-13,0.20491227553943156
0.09999999999999999,5.14847887193841e-12,0.07441964930027738
1.0,4.222908642206517e-09,0.00339911391493283
5.0,1.794417178879061e-08,0.0017238454813028154
20.0,2.821175150292327e-09,0.003911073326197764
