Value,Error
0.8529079406873874,3.732776857703052e-05
