Energy,Value,Error
1e-06,8.286330562292424e-11,0.0278991049210301
0.09999999999999999,3.130265935156206e-05,4.0204306293929615e-05
1.0,6.9750849650517375e-06,0.00011743456386824492
10.0,1.1846005697564187e-06,0.00023953538661747518
20.0,1.7454263785794811e-07,0.0004669246588459906
