Energy,Value,Error
1e-06,2.1481391535313235e-09,0.005655765327422613
0.09999999999999999,1.3605653920634954e-05,6.334991960860341e-05
1.0,2.5897389587198744e-05,3.939679515261506e-05
10.0,1.9162407943855215e-06,0.00017268952271186737
20.0,2.7622369894072567e-08,0.0012875092913764148
