Energy,Value,Error
1e-06,0.0,
0.09999999999999999,1.2629257608228118e-07,0.0007939930758727357
1.0,2.6665851221614843e-06,0.0001450206754056335
10.0,5.551816896677628e-07,0.00037466496136172626
20.0,1.2536840065778745e-07,0.0006280499469404987
