Value,Error
0.007230290275137768,9.346640885615639e-05
