Value,Error
4.2148827326331145e-06,0.00013710293167436564
