Value,Error
4.344071254059164,3.770460027464726e-05
