Value,Error
1.6441818499915388,3.911176384596954e-05
