Value,Error
3.1098710780475444e-09,0.00019306277572624724
