Energy,Value,Error
1e-06,0.0,
0.09999999999999999,6.564778239027842e-06,9.425641990415728e-05
1.0,1.4073180036652606e-05,6.890766457568699e-05
10.0,4.262332790514965e-06,0.00011545663368924924
20.0,9.254492339585566e-07,0.00021577394091986564
