Energy,Value,Error
0.01,2.0481961251380684e-10,0.029849296369457858
0.09999999999999999,4.53202669652976e-09,0.005970262837667433
1.0,1.2318879462433154e-06,0.00030612155539851507
5.0,5.290326872629521e-07,0.0004227760713878753
20.0,3.085175866238141e-08,0.0018042363654659345
