Energy,Value,Error
0.01,1.023636985354426e-10,0.03462996341436158
0.09999999999999999,1.2301850923170006e-08,0.002932319950413783
1.0,4.923007872261462e-07,0.00043561571705482343
5.0,7.971278917638296e-07,0.00034659132013701373
20.0,1.632902583054007e-08,0.002378494897325954
