Value,Error
0.084715191775584,6.801104704145169e-05
