Value,Error
11.38598593315645,3.253235538027148e-05
