Value,Error
2.216795595214646,3.9525361002902625e-05
