Value,Error
0.6973163899248424,4.059923811077654e-05
