Value,Error
0.5798737257778028,3.360771278093541e-05
