Energy,Value,Error
1e-06,0.0,
0.09999999999999999,2.6317022300575783e-06,0.00017170624426559683
1.0,1.1631366950605651e-05,7.592744724128252e-05
10.0,1.0871703590866435e-06,0.00024441514521134663
20.0,4.023878805737223e-07,0.0003346273235790389
