Value,Error
1.4476621040480495,3.1394729929629046e-05
