Value,Error
0.010201663297584448,7.884768334315397e-05
