Energy,Value,Error
0.01,9.742014618618369e-11,0.025759345196484398
0.09999999999999999,5.344489358181963e-07,0.0004010585422063424
1.0,4.376939122784629e-06,0.0001333232101798006
5.0,3.0719464107675467e-06,0.00014624190758626146
20.0,1.2036852029154156e-07,0.0006255823246574372
