Value,Error
1.2596611560343638e-06,0.000169763177185736
