Energy,Value,Error
1e-06,0.0,
0.09999999999999999,2.54029113776782e-08,0.001517606830661946
1.0,9.1589007781959e-08,0.0011270142312281945
10.0,1.312865454331697e-08,0.0024637055037067283
20.0,1.72674024213283e-09,0.005025054240502261
