Value,Error
1.033384287270122e-06,0.00016706845052433998
