Energy,Value,Error
1e-06,0.0,
0.09999999999999999,7.736365383015048e-07,0.00033809532186815155
1.0,3.322229999546895e-06,0.00016919085340874276
10.0,3.947045651431704e-07,0.00038696992418962064
20.0,1.2908038874620007e-07,0.0006015333664114603
