Value,Error
1.4517995905197383,4.026220694997236e-05
