Energy,Value,Error
1e-06,2.4000633193230536e-08,0.0018589455978155814
0.09999999999999999,3.3799667315780114e-05,2.881539091410464e-05
1.0,1.2720101883213038e-05,8.431617034296232e-05
10.0,1.2956206573490009e-06,0.0002314538956853119
20.0,3.304716978806253e-07,0.0003299843290018953
