Value,Error
8.214862125770091,2.4820976807186362e-05
