Value,Error
1.0622801920449814e-06,0.00019290032522465295
