Energy,Value,Error
1e-06,0.0,
0.09999999999999999,1.1307601431040595e-06,0.00026755897210406715
1.0,3.5874988004945637e-06,0.00016861184768970894
10.0,3.7634292550436806e-07,0.0004318495716996999
20.0,1.0853789676491916e-07,0.0006332408134572194
