Value,Error
5.457912115622482e-07,0.00029238538476774445
