Energy,Value,Error
1e-06,0.0,
0.09999999999999999,1.9313805643261752e-05,4.883114013039035e-05
1.0,5.7583269024320986e-06,0.000107666243747184
10.0,1.0424561850365741e-07,0.0009083995254364194
20.0,2.9349673094234834e-08,0.0012893613456781236
