Value,Error
0.0007819065233805133,0.00010644011859515262
