Value,Error
1.9673852203706772,5.0113693461036715e-05
