Energy,Value,Error
1e-06,0.0,
0.09999999999999999,2.242103739594591e-06,0.00021869116522989088
1.0,9.897323401599322e-06,8.856971504306587e-05
10.0,6.314227906876431e-07,0.00032671106784378504
20.0,1.273201777531986e-07,0.0005542523789385743
