Value,Error
3.0826512365963636,4.8437948837093284e-05
