Value,Error
0.0017299589250334094,0.00015723050641669976
