Value,Error
0.00030783471430441205,9.172443828946511e-05
