Value,Error
4.331762739855525,5.28417925063076e-05
