Value,Error
1.2995116040249268,3.091142279767364e-05
