Energy,Value,Error
1e-06,0.0,
0.09999999999999999,1.5508199270595058e-10,0.026661843557541944
1.0,1.2135790777262709e-08,0.0028075270717146696
10.0,9.942309930622061e-08,0.0008579605032417718
20.0,3.457329900780501e-08,0.001200297116508266
