Value,Error
4.491271386556544e-06,0.00018178005602066636
