Energy,Value,Error
0.01,3.763685587248629e-11,0.08134755059538834
0.09999999999999999,3.0104301021061718e-09,0.006983518794913657
1.0,1.500321321339186e-07,0.0010896507049308348
5.0,2.708457507104257e-07,0.0008335237008481963
20.0,6.157448063439962e-09,0.004416344615723912
