Value,Error
3.8987806748464964,3.463645959393803e-05
