Value,Error
2.7425591306889063,3.30376917527243e-05
