Energy,Value,Error
1e-06,1.8366149739847023e-12,0.18323809199134455
0.09999999999999999,7.699503301682093e-06,8.896101229639096e-05
1.0,2.3827676507314907e-05,5.052880726727647e-05
10.0,7.826689137536798e-06,7.807818544404958e-05
20.0,1.6389097285851677e-06,0.000150896925574234
