Value,Error
0.2021475145941915,0.00010610026592352238
