Value,Error
5.47194260733199,3.152136249101841e-05
