Value,Error
2.720324254700727,4.898094261233736e-05
