Value,Error
0.4650396246812399,3.133760410670332e-05
