Energy,Value,Error
1e-06,2.525512005269942e-06,0.00019454809973348068
0.09999999999999999,3.241678757550157e-05,3.730692171993656e-05
1.0,1.2436074256217518e-06,0.00026154333706443353
10.0,1.084335741506332e-06,0.00023063663176450152
20.0,1.928509416670357e-07,0.0005188566106230344
