Energy,Value,Error
1e-06,0.0,
0.09999999999999999,8.723602206440177e-08,0.0009205782671833837
1.0,3.611282037910853e-07,0.000516303271180115
10.0,5.624907164972558e-07,0.0003251892990686267
20.0,7.511607827821422e-08,0.0006859359537891597
