Value,Error
4.093540201986056,2.8967781795431374e-05
