Value,Error
1.4281235250176665,5.78838250794563e-05
