Value,Error
7.845832691283273e-05,0.00010041807114832051
