Value,Error
3.159254270376701e-08,9.44457035313834e-05
