Value,Error
0.09606571577665551,7.327814290943986e-05
