Value,Error
0.01000015290663882,7.91350089328647e-05
