Value,Error
4.525814222582142,2.920268615898214e-05
