Energy,Value,Error
1e-06,0.0,
0.09999999999999999,3.3675761917149525e-09,0.005729864810276378
1.0,1.8584781265867258e-08,0.002024600427646743
10.0,1.7940813954753596e-09,0.006480291871401319
20.0,3.774193089960182e-10,0.013771922983956172
