Value,Error
12.129080702576456,2.7834575629586404e-05
