Energy,Value,Error
1e-06,3.0491534061645734e-13,0.3450377100422539
0.09999999999999999,3.379783947505013e-06,0.00015122223662976622
1.0,1.3841773061052132e-05,7.238100684784487e-05
10.0,1.8203258358110296e-06,0.00018530710125346956
20.0,2.7168545275599616e-07,0.00038370323161495854
