Energy,Value,Error
1e-06,1.346961241234451e-11,0.05718746988165746
0.09999999999999999,9.857577031930942e-06,7.467145435889562e-05
1.0,2.2013281024352895e-05,4.880826438712654e-05
10.0,7.186116043303911e-06,7.719336872266952e-05
20.0,1.5740254983515213e-06,0.0001528831858841636
