Energy,Value,Error
0.01,0.0,
0.02,0.0,
0.049999999999999996,0.0,
0.09999999999999999,0.0,
0.19999999999999998,0.0,
0.3,0.0,
0.39999999999999997,0.0,
0.6,0.0,
0.7999999999999999,0.0,
1.0,0.0,
1.22,0.0,
1.44,0.0,
1.66,0.0,
2.0,0.0,
2.5,0.0,
3.0,0.0,
4.0,0.0,
5.0,0.0,
6.5,0.0,
8.0,0.0,
10.0,0.0,
12.0,0.0,
14.0,0.0,
20.0,0.0,
