Energy,Value,Error
0.01,1.0780016644141751e-10,0.03924332338911015
0.09999999999999999,9.234972791535118e-09,0.004007553934100505
1.0,8.21960802784351e-07,0.00038425391184217244
5.0,1.1984769819598277e-06,0.0003161162950053085
20.0,3.0507833820865116e-08,0.0018893314395279888
