Value,Error
7.265149168361157,4.121875827350118e-05
