Value,Error
3.4137925961771036,4.657456501215585e-05
