Value,Error
1.7088043811428402e-06,0.027857083073324473
