Value,Error
6.834258574107365,3.144366780866255e-05
