Value,Error
1.870525327164149,2.4765256389145663e-05
