Energy,Value,Error
1e-06,1.0834640176527444e-11,0.08706312971018437
0.09999999999999999,9.067103722176626e-06,8.855542701996555e-05
1.0,2.3650232918768188e-05,4.639108110079685e-05
10.0,1.8516216865309697e-06,0.00018309931998539936
20.0,4.2712688118236863e-07,0.00032410166761625105
