Energy,Value,Error
0.01,2.1906542218167218e-10,0.01808706957559699
0.09999999999999999,7.038782299587466e-07,0.0003867229972861673
1.0,6.395316564560729e-06,0.00012039790548239709
5.0,4.323726452733403e-06,0.0001187582718027506
20.0,1.0610380878903204e-06,0.0002111490210540765
