Value,Error
3.722378238843691,4.240684930075927e-05
