Value,Error
9.923300414271646,2.4083520330661417e-05
