Energy,Value,Error
0.01,7.338718714368792e-11,0.039350117711585544
0.09999999999999999,6.9386029805327064e-09,0.004327731674159504
1.0,3.4951313993777386e-07,0.0005252853035289789
5.0,6.102603766801162e-07,0.00038463666854800525
20.0,1.3168743271294978e-08,0.002578355089483613
