Value,Error
2.074302650237626,1.28469631794314e-05
