Value,Error
0.34159012056765403,2.7810899514414228e-05
