Value,Error
3.8843533701358717,4.377462792960505e-05
