Energy,Value,Error
0.01,6.084921104827831e-11,0.03799839172334188
0.09999999999999999,5.488380382381343e-09,0.00480108210121757
1.0,1.1651559969448645e-06,0.00029350051953221866
5.0,1.5120405795815707e-06,0.0002525924246554164
20.0,9.732227062114312e-08,0.0009379724352653091
