Energy,Value,Error
1e-06,8.298871162823093e-09,0.0031806314918765067
0.09999999999999999,1.4216978046757841e-05,6.53589140494831e-05
1.0,2.9812659858133295e-05,3.3664998330896624e-05
10.0,2.8963778715922346e-06,0.0001612331633138854
20.0,2.110275137288149e-07,0.00045153264309844883
