Value,Error
0.0009036296137019025,0.0006860696758940757
