Value,Error
8.280980900865218,2.7386877707636834e-05
