Value,Error
1.889053918316366e-06,0.0001646176786716866
