Value,Error
4.282456999195316,3.255766078561439e-05
