Value,Error
0.20586060621645058,6.90166477195806e-05
