Value,Error
1.8929235499369943,5.916727500311532e-05
