Value,Error
0.5825120476606761,3.461776211855016e-05
