Value,Error
0.27563632351363115,3.0771132987118185e-05
