Value,Error
0.002881549666252473,0.0007601932848506383
