Value,Error
0.8360799195890124,5.722796747700588e-05
