Value,Error
5.4388965120713095,3.0339957308010175e-05
