Value,Error
3.660863586674373,3.838610286165137e-05
