Value,Error
0.054980501077102416,8.054650592381785e-05
