Energy,Value,Error
1e-06,0.0,
0.09999999999999999,3.878174694522238e-06,0.00012143046548110992
1.0,2.5145361136675486e-06,0.0001613800951367954
10.0,1.1345630740937817e-07,0.0007366690266548883
20.0,2.696904218454456e-08,0.0012628164024098957
