Energy,Value,Error
1e-06,2.061455984844377e-12,0.14084053760238618
0.09999999999999999,5.3937444708932076e-06,0.0001344731342596604
1.0,1.3774575608758649e-05,7.880711878687929e-05
10.0,6.890286205718689e-07,0.0003621137419985288
20.0,1.7372192653044302e-07,0.0004781772669372565
