Energy,Value,Error
0.01,7.925304991365365e-12,0.09316380702619524
0.09999999999999999,6.14233299286641e-10,0.012439853649906489
1.0,2.6252929111856118e-08,0.001885549268386554
5.0,5.3937906121398085e-08,0.0013336814275334253
20.0,1.723646823063817e-09,0.007264367037155648
