Value,Error
12.639071353773009,2.599293682751364e-05
