Value,Error
0.08169747324102761,1.909310292033957e-05
