Value,Error
6.876403342548349e-09,0.00032161609391871253
