Energy,Value,Error
0.01,6.065751763495612e-11,0.035564164675834974
0.09999999999999999,5.5817339730113055e-09,0.004274341537680713
1.0,1.2399481578297963e-06,0.00027766556305283463
5.0,1.350385506014984e-06,0.00024843775713707277
20.0,8.861672334394791e-08,0.0010692466653778028
