Value,Error
2.8719602340432484,3.594834169168814e-05
