Value,Error
0.014494842908001185,8.814162861656041e-05
