Value,Error
0.833287594416618,2.3176594872171985e-05
