Value,Error
1.0662545125710317e-06,0.00018700780060189077
