Energy,Value,Error
0.01,1.3253124339185583e-10,0.026127206968094716
0.09999999999999999,6.291149819170541e-09,0.004148779226885373
1.0,6.185941436982397e-07,0.0004072818132723702
5.0,3.1263038117830067e-07,0.0005104850835737087
20.0,2.0920619234189096e-07,0.0006297977899610818
