Energy,Value,Error
1e-06,0.0,
0.09999999999999999,3.516284367086342e-05,2.9800550176350322e-05
1.0,1.77397110715946e-06,0.00022163942311059944
10.0,2.4740421846528563e-07,0.0005160300955532388
20.0,5.164440042597833e-08,0.0008992326279101183
