Value,Error
3.029846368702469e-08,0.0002257597770467346
