Energy,Value,Error
1e-06,0.0,
0.09999999999999999,7.005134244806245e-06,8.991543400039181e-05
1.0,2.1963619361695397e-05,5.5142563203043645e-05
10.0,2.8065062202246022e-05,5.5838843512716506e-05
20.0,5.875602284679615e-06,6.818080034716819e-05
