Energy,Value,Error
0.01,1.1945413178359928e-10,0.03149032315553395
0.09999999999999999,1.116706058389961e-08,0.0037645600862356967
1.0,9.559554704817437e-07,0.0003323537808647101
5.0,1.458269326102517e-06,0.00028918496255474885
20.0,3.258045766267691e-08,0.0016354966656810146
