Value,Error
0.31620037865685074,3.0407548048070727e-05
