Value,Error
9.198000758053798e-11,0.0004590083041154284
