Energy,Value,Error
1e-06,4.97001033527978e-12,0.1371564180824911
0.09999999999999999,1.1141985309657016e-05,6.480558024495237e-05
1.0,5.920995166111551e-07,0.00039596789352958913
10.0,9.368289859906423e-09,0.002840630345098142
20.0,3.793720468785701e-09,0.003970617192279162
