Value,Error
3.698712666067961,3.904686909572531e-05
