Value,Error
0.008090323893733788,8.481887546019608e-05
