Value,Error
0.08545473281658815,3.546705673235906e-05
