Energy,Value,Error
0.01,1.0323928480842684e-10,0.028256754989952546
0.09999999999999999,9.371897694520617e-09,0.003916084554968111
1.0,1.2494830708745332e-06,0.0003523225905597377
5.0,1.2951996507855497e-06,0.0002855458269639756
20.0,1.7671992347767087e-08,0.0023787201396797777
