Value,Error
4.983569638240557,2.6257020221942403e-05
