Value,Error
0.37104451420494733,3.083582442966391e-05
