Energy,Value,Error
0.01,4.3686917822937883e-10,0.01384282048305489
0.09999999999999999,4.293557633906191e-08,0.0015938602193317376
1.0,9.370889912880296e-06,0.00010728528252320942
5.0,6.7495266049759385e-06,0.0001216843868138077
20.0,7.489743619708448e-07,0.00027267380714726035
