Value,Error
7.883485065482178,2.858504156968473e-05
