Energy,Value,Error
0.01,2.496007011449178e-13,0.4482320876071303
0.09999999999999999,5.286276884612748e-11,0.048832524306759086
1.0,1.9290707583554197e-09,0.007823749447171496
5.0,3.079089058117924e-09,0.006782056356499959
20.0,1.69010223492568e-11,0.07329433741010034
