Energy,Value,Error
1e-06,2.7203757524087573e-09,0.006159138085042854
0.09999999999999999,2.3433015316386825e-05,4.312659061964946e-05
1.0,9.55845429944941e-06,7.978346175755497e-05
10.0,6.993908699683627e-08,0.001160287249385642
20.0,1.8741681584891948e-08,0.0015695332819020582
