Value,Error
0.00038516592437942655,0.00010607488497569059
