Value,Error
0.8291464518345727,5.301479269947506e-05
