Value,Error
5.512120770342151,2.999244073027868e-05
