Value,Error
1.2702866616837612e-07,0.0002913859164195559
