Energy,Value,Error
0.01,9.932363553635259e-11,0.03526820791308425
0.09999999999999999,8.810690708408192e-08,0.0011908104211722729
1.0,2.737506379685642e-06,0.00018879102912915382
5.0,1.7379051357216477e-06,0.00020280110930767428
20.0,3.803178041458201e-07,0.00040443776715717557
