Energy,Value,Error
0.01,3.5524198630703624e-11,0.057451265278080504
0.09999999999999999,2.8032754151124703e-09,0.006543673244221583
1.0,8.175869285556725e-07,0.0003707809089022972
5.0,7.145635632133279e-07,0.0003367290165076351
20.0,9.106075483623749e-08,0.0009600685715675173
