Value,Error
0.47328045960181525,2.695529862732045e-05
