Value,Error
4.1181565262675435e-07,7.222820982478094e-05
