Value,Error
0.4439090447319634,2.6238891277895527e-05
