Energy,Value,Error
0.01,2.2075163398643523e-10,0.02042124855354042
0.09999999999999999,2.1118015468731318e-07,0.000639425475667927
1.0,6.319156795161395e-06,0.00011579513843264192
5.0,4.788657785626568e-06,0.00013451808943728294
20.0,1.9529215624302202e-07,0.00046367821882046194
