Value,Error
0.759975079119451,4.043720000529535e-05
