Value,Error
2.2611170469498494,5.4263835402137345e-05
