Energy,Value,Error
1e-06,3.2280791142413545e-10,0.018834978918127084
0.09999999999999999,1.6144563250804575e-05,6.182722246343608e-05
1.0,1.1558303671078011e-05,8.573459407901098e-05
10.0,3.575313070702687e-07,0.00043745470335981423
20.0,1.3925280459289054e-07,0.0005598385153244086
