Value,Error
0.08928539074002098,3.910099851978014e-05
