Value,Error
8.785588134987204,2.919626577101025e-05
