Value,Error
5.990984514676862,3.0763267037936173e-05
