Value,Error
8.96486710313613,2.9486643820301154e-05
