Value,Error
5.943724147978801,2.8242712489123762e-05
