Value,Error
0.9211658466518501,5.578335650910635e-05
