Value,Error
2.9768525325509465,4.968057611065289e-05
