Value,Error
2.0983654026352105e-06,0.00020337332571355668
