Value,Error
0.60816827861904,3.0683824147195995e-05
