Energy,Value,Error
0.01,2.755460257579537e-10,0.019710669075424864
0.09999999999999999,3.3967025537957637e-07,0.0005150428064754186
1.0,1.0106093912220415e-05,7.840082571760044e-05
5.0,5.733619839099151e-06,0.00010847429118267592
20.0,4.977429336870139e-07,0.0003544274261059732
