Cells,Value,Error
Input 1,1.00186e-24,0.0045
Input 2,1.47155e-25,0.004
1078.0,3.81289e-26,0.0113
