Cells,Value,Error
481.0,0.308285612563,0.0004140466854380262
