Cells,Value,Error
Input 1,3.77767e-24,0.0028
Input 2,7.69906e-25,0.0028
1078.0,2.17669e-25,0.0118
