Cells,Value,Error
Input 1,1.04002e-24,0.0045
Input 2,1.46291e-25,0.004
1078.0,4.08265e-26,0.0195
