Cells,Value,Error
PF_coil_3,2.4978e-08,0.0009
PF_coil_2,4.87001e-09,0.002
PF_coil_4,2.76296e-08,0.001
PF_coil_1,1.40378e-08,0.0014
