Cells,Value,Error
PF_coil_3,0.000436823,0.0014
PF_coil_2,6.95667e-05,0.0029
PF_coil_4,0.000462447,0.0017
PF_coil_1,0.000169277,0.002
