Cells,Value,Error
PF_coil_1,2.11828e-09,0.0018
PF_coil_2,1.1084e-09,0.0024
PF_coil_3,7.01967e-09,0.0011
PF_coil_4,5.99864e-09,0.0013
