Energy,Value,Error
1 - 1.2,9.909610000834065e-06,0.00022054660234174353
1.2 - 1.5,3.0653190000000025e-06,0.0006418749910539849
1.5 - 2,1.6944739999999997e-06,0.0008997837896538294
2 - 2.5,7.184089999999999e-07,0.0015726880783477146
2.5 - 3,3.190468e-07,0.0025400134584311327
3 - 4,3.362626e-07,0.002677902928309882
4 - 7,2.1589798e-07,0.004131716699700592
7 - 10,3.969480100000001e-08,0.011441068061546973
10 - 20,5.969571e-09,0.0337229572020259
