Cells,Value,Error
5.04,4.01574e-27,0.0043
10.08,2.92614e-27,0.0056
15.12,2.02218e-27,0.0069
20.16,1.12316e-27,0.0093
