Energy,Value,Error
0.1 - 0.15,0.00012945651740348485,9.819535932373387e-05
0.15 - 0.2,5.104823444126467e-05,0.00013560179025180318
0.2 - 0.4,0.00015455114884928284,5.968304689775139e-05
0.4 - 0.5,1.5152847801021938e-05,0.00018840978378107827
0.5 - 0.7,4.325682856788435e-05,9.32367644102407e-05
0.7 - 1,1.963599971289052e-05,0.00011660418891357411
1 - 1.2,6.826210164951765e-06,0.0001721894642837819
1.2 - 1.5,1.7567783220904286e-06,0.0003124365521770564
