Energy,Value,Error
1 - 1.2,9.908550000834068e-06,9.663900327578941e-05
1.2 - 1.5,3.0636900000000023e-06,0.00021803017205545864
1.5 - 2,1.693567e-06,0.0002828807799438904
2 - 2.5,7.17732e-07,0.0004923153276973765
2.5 - 3,3.194796e-07,0.0008061400862127978
3 - 4,3.3771029999999995e-07,0.0008506782159210553
4 - 7,2.1715613999999997e-07,0.0013154723778468803
7 - 10,3.878413600000001e-08,0.003632365361334654
10 - 20,5.691533000000002e-09,0.010193281223224368
