Cells,Value,Error
38001.0,0.0114459,0.0493
38002.0,0.0149918,0.0384
38003.0,0.0131948,0.0441
38004.0,0.00716632,0.0572
