Cells,Value,Error
39.01,1.00186e-24,0.0045
49.61,1.47155e-25,0.004
58.61,3.81289e-26,0.0113
