Energy,Value,Error,Angle
0.01 - 0.1,5.527523904190191e-06,0.005767154801854996,0 deg
0.1 - 1,0.00020955910402860323,0.0008166504518661358,0 deg
1 - 3.5,0.00027226723958632043,0.0007387144189963903,0 deg
3.5 - 10,0.00011566803863015851,0.0017201235408204722,0 deg
10 - 20,0.006596056578765077,0.0002807919040112131,0 deg
