Energy,Value,Error,Angle
0.01 - 0.1,2.7435681239025044e-05,0.0018947982264562486,41.8 deg
0.1 - 1,9.9808842040747e-05,0.001206728326657359,41.8 deg
1 - 3.5,8.70103523249963e-05,0.001800259073832921,41.8 deg
3.5 - 10,7.432081469576585e-05,0.002710746569100622,41.8 deg
10 - 20,0.00020415246817520803,0.0020386324692097135,41.8 deg
