Energy,Value,Error,Angle
0.1 - 1,6.9751332377531975e-06,0.004746653888809531,24.9 deg
1 - 3.5,2.0015921225052236e-05,0.002848325003070594,24.9 deg
3.5 - 10,2.915030570639626e-05,0.0036479819150866777,24.9 deg
10 - 20,4.543132591742435e-05,0.004544864887905194,24.9 deg
