Value,Error,Energy,Angle
8.047669244164341e-06,0.02233958669980217,0.01 - 0.1,0 deg
0.00022339710698980578,0.0050128780327637484,0.1 - 1,0 deg
0.0003925739001307227,0.004135752931019543,1 - 3.5,0 deg
0.00015783198528510105,0.00919812359187328,3.5 - 10,0 deg
0.008286922017188565,0.0009253234779807255,10 - 20,0 deg
