Energy,Value,Error,Angle
0.01 - 0.1,3.551274617133919e-06,0.005077047221417725,66.8 deg
0.1 - 1,9.143292671223257e-06,0.0035059871852624225,66.8 deg
1 - 3.5,1.0989531188866533e-07,0.03819687428614588,66.8 deg
3.5 - 10,5.993866401683889e-09,0.355617988217267,66.8 deg
10 - 20,2.252281894319369e-09,0.3971415951810577,66.8 deg
