Energy,Value,Error,Angle
0.01 - 0.1,2.716898028183391e-06,0.007851411492331366,41.8 deg
0.1 - 1,1.6867753943660385e-05,0.0034554748156608917,41.8 deg
1 - 3.5,3.300433792547548e-05,0.002756466978646345,41.8 deg
3.5 - 10,2.6808831407823353e-05,0.0034324319027349624,41.8 deg
10 - 20,2.879643487495206e-05,0.004533961050883174,41.8 deg
