Energy,Value,Error,Angle
0.01 - 0.1,1.7591799562800843e-06,0.010170909742835734,66.8 deg
0.1 - 1,1.1648675431605309e-05,0.00444313411993079,66.8 deg
1 - 3.5,1.7980582693650967e-05,0.003835558551028951,66.8 deg
3.5 - 10,1.1949644584441341e-05,0.005304417703104064,66.8 deg
10 - 20,1.0656195859772068e-05,0.006580624866376276,66.8 deg
