Energy,Value,Error,Angle
0.1 - 1,5.960122067966745e-06,0.00515284017687487,41.8 deg
1 - 3.5,1.6247910565465617e-05,0.003194366733983173,41.8 deg
3.5 - 10,1.904885793720671e-05,0.004390141679978122,41.8 deg
10 - 20,1.5361593916287923e-05,0.007207375327421499,41.8 deg
