Value,Error,Energy,Angle
5.991116787829072e-06,0.032695835496662454,0.01 - 0.1,41.8 deg
0.00013271219758382303,0.007731748352371397,0.1 - 1,41.8 deg
0.00012508873864041842,0.008691746322038488,1 - 3.5,41.8 deg
1.336368099381998e-05,0.038910623020940394,3.5 - 10,41.8 deg
1.765001127280148e-05,0.025660807774186827,10 - 20,41.8 deg
