Value,Error,Energy,Angle
1.3731444241757856e-05,0.01581040895874473,0.01 - 0.1,12.2 deg
0.00015324057028959174,0.0060492542794088056,0.1 - 1,12.2 deg
5.027275702783728e-05,0.009383522004993934,1 - 3.5,12.2 deg
9.486405758190084e-06,0.03481576695997014,3.5 - 10,12.2 deg
0.00010709662670580541,0.008446953806799794,10 - 20,12.2 deg
