Energy,Value,Error,Angle
0.01 - 0.1,5.308042577294524e-06,0.00604169221600211,0 deg
0.1 - 1,7.468019830230624e-05,0.001601018425682647,0 deg
1 - 3.5,4.122865520569585e-05,0.0029527924184744457,0 deg
3.5 - 10,3.0152715891715304e-06,0.019438310664420477,0 deg
10 - 20,4.3842460536202874e-05,0.00614677908204883,0 deg
