Value,Error,Energy,Angle
6.552089875580646e-06,0.02074158359904924,0.01 - 0.1,66.8 deg
3.0083675737028676e-05,0.01251637745558962,0.1 - 1,66.8 deg
1.526138259732768e-06,0.047645494055754564,1 - 3.5,66.8 deg
1.2531921121733958e-07,0.23933809666304262,3.5 - 10,66.8 deg
6.857959365787728e-08,0.24535318145229637,10 - 20,66.8 deg
