Value,Error,Energy,Angle
2.8795458480965695e-05,0.012460595804137711,0.01 - 0.1,0 deg
0.0001255452794475198,0.00705055112226094,0.1 - 1,0 deg
0.0001959288837290627,0.004816281748585469,1 - 3.5,0 deg
0.00013861826769582202,0.007768730256822607,3.5 - 10,0 deg
0.007425470532060159,0.0005303467024218635,10 - 20,0 deg
