Value,Error,Energy,Angle
3.129296034362081e-06,0.046708374973690174,0.01 - 0.1,12.2 deg
1.9418566343601176e-05,0.02080242812720628,0.1 - 1,12.2 deg
3.90533706792132e-05,0.013407165123047102,1 - 3.5,12.2 deg
4.773476148198145e-05,0.013385131480116599,3.5 - 10,12.2 deg
0.0002967413652057056,0.00578956225048118,10 - 20,12.2 deg
