Energy,Value,Error,Angle
0.1 - 1,2.4513592073148993e-05,0.0024849342692519435,0 deg
1 - 3.5,0.00011420582626916394,0.000986368710004889,0 deg
3.5 - 10,0.00017649692845900618,0.001412504413766588,0 deg
10 - 20,0.003909130353355353,0.0002904879939640355,0 deg
