Value,Error,Energy,Angle
5.3108501089933885e-06,0.031865474589427636,0.01 - 0.1,41.8 deg
0.00010545346672760918,0.008425879621071535,0.1 - 1,41.8 deg
0.0001048470399678683,0.007498599587121015,1 - 3.5,41.8 deg
3.4485415923798636e-05,0.01706274807863729,3.5 - 10,41.8 deg
5.427668768775181e-05,0.01061742009478073,10 - 20,41.8 deg
