Energy,Value,Error,Angle
0.01 - 0.1,2.1347785489186736e-05,0.002069916466037347,66.8 deg
0.1 - 1,8.131871809286006e-05,0.001226689258764097,66.8 deg
1 - 3.5,7.732143241559282e-05,0.0017277856527563164,66.8 deg
3.5 - 10,6.988117065121521e-05,0.0026853449210638364,66.8 deg
10 - 20,6.570410038763789e-05,0.0033872184466907265,66.8 deg
