Value,Error,Energy,Angle
2.7435681239025048e-05,0.012068611509737268,0.01 - 0.1,41.8 deg
9.9808842040747e-05,0.007971625786268593,0.1 - 1,41.8 deg
8.70103523249963e-05,0.008945836877344814,1 - 3.5,41.8 deg
7.432081469576585e-05,0.012169810371896949,3.5 - 10,41.8 deg
0.00020415246817520803,0.006227354303239858,10 - 20,41.8 deg
