Value,Error,Energy,Angle
5.226618023512601e-06,0.028111728512370232,0.01 - 0.1,66.8 deg
0.00011313546096886942,0.007389221113530414,0.1 - 1,66.8 deg
0.00010222067603163278,0.007008377820818394,1 - 3.5,66.8 deg
2.830082071127715e-05,0.018324313986024614,3.5 - 10,66.8 deg
2.6231077615167372e-05,0.013955898046331922,10 - 20,66.8 deg
