Energy,Value,Error,Angle
0.01 - 0.1,4.438503990256635e-06,0.006511469183701813,41.8 deg
0.1 - 1,5.673684341169391e-05,0.0018501344933397213,41.8 deg
1 - 3.5,2.6976240020380436e-05,0.0036323891895185282,41.8 deg
3.5 - 10,1.4170516824165666e-06,0.02822027714726266,41.8 deg
10 - 20,1.5270181474311703e-06,0.039375024801707875,41.8 deg
