Value,Error,Energy,Angle
2.9635399807324885e-06,0.044869122383779894,0.01 - 0.1,66.8 deg
9.959263232885656e-05,0.00886077164190853,0.1 - 1,66.8 deg
0.00017475061199574075,0.007373343015368855,1 - 3.5,66.8 deg
3.412902355538183e-05,0.02197904495406731,3.5 - 10,66.8 deg
3.0570815239414266e-05,0.01682379980944414,10 - 20,66.8 deg
