Value,Error,Energy,Angle
1.798140582847061e-06,0.05253497926940027,0.01 - 0.1,24.9 deg
1.7266238401479273e-05,0.018787915569998807,0.1 - 1,24.9 deg
2.598086847549484e-05,0.012657817055797275,1 - 3.5,24.9 deg
2.325275161556963e-05,0.015060586885767963,3.5 - 10,24.9 deg
9.56825423690661e-05,0.007341114280063687,10 - 20,24.9 deg
