Energy,Value,Error,Angle
0.01 - 0.1,5.310850108993388e-06,0.005515076486004847,41.8 deg
0.1 - 1,0.00010545346672760918,0.0013525064601321135,41.8 deg
1 - 3.5,0.00010484703996786831,0.0015016957758373552,41.8 deg
3.5 - 10,3.4485415923798636e-05,0.003725310127767843,41.8 deg
10 - 20,5.4276687687751816e-05,0.0038665473088698556,41.8 deg
