Energy,Value,Error,Angle
0.1 - 1,2.0636641321426388e-05,0.003026280723452476,66.8 deg
1 - 3.5,5.239450945493403e-05,0.0020869136577404204,66.8 deg
3.5 - 10,7.529731157015105e-05,0.0022449390147585946,66.8 deg
10 - 20,0.0001012621886444975,0.0022432141730612085,66.8 deg
