Energy,Value,Error,Angle
0.01 - 0.1,5.206119389038108e-06,0.005886388329504791,24.9 deg
0.1 - 1,9.998585149905791e-05,0.0014285679263157246,24.9 deg
1 - 3.5,0.0001039770403463184,0.0015828469637314165,24.9 deg
3.5 - 10,3.913151605228323e-05,0.0037960140770278744,24.9 deg
10 - 20,0.0002814838850766238,0.0023769678746731245,24.9 deg
