Energy,Value,Error,Angle
0.01 - 0.1,5.226618023512602e-06,0.00499665992837035,66.8 deg
0.1 - 1,0.00011313546096886942,0.0011968460235340784,66.8 deg
1 - 3.5,0.00010222067603163278,0.00140546700997837,66.8 deg
3.5 - 10,2.8300820711277147e-05,0.00400471819371782,66.8 deg
10 - 20,2.6231077615167372e-05,0.005004404314105478,66.8 deg
