Value,Error,Energy,Angle
3.7678422434255334e-06,0.038540775255675,0.01 - 0.1,0 deg
3.473433788860139e-05,0.011890564623820129,0.1 - 1,0 deg
0.00015597219389179145,0.004642800357786879,1 - 3.5,0 deg
0.00012523247032021124,0.00643433054455696,3.5 - 10,0 deg
0.003586608701252591,0.0007482438093144837,10 - 20,0 deg
