Energy,Value,Error,Angle
0.01 - 0.1,1.2139635968767498e-05,0.003004718829446711,41.8 deg
0.1 - 1,0.00013322905432944953,0.0009997033770721268,41.8 deg
1 - 3.5,3.7422104007154636e-05,0.00215713215884257,41.8 deg
3.5 - 10,5.925955940954444e-06,0.009639859246888613,41.8 deg
10 - 20,7.697818397739105e-06,0.010943020819639947,41.8 deg
