Energy,Value,Error,Angle
0.01 - 0.1,2.341794890182957e-06,0.006649680764291773,0 deg
0.1 - 1,8.481753491562128e-05,0.0009714825911841162,0 deg
1 - 3.5,0.00022547705535686693,0.0006248128763487655,0 deg
3.5 - 10,0.00012315912003251707,0.0011118179044201527,0 deg
10 - 20,0.00490387923049946,0.00022689878716981716,0 deg
