Value,Error,Energy,Angle
2.1474626597460467e-05,0.017381083946984184,0.1 - 1,41.8 deg
4.958261322476274e-05,0.017053362695819408,1 - 3.5,41.8 deg
8.228295413505114e-05,0.014128918050085097,3.5 - 10,41.8 deg
0.00022977345493814153,0.006785894222591433,10 - 20,41.8 deg
