Energy,Value,Error,Angle
0.1 - 1,7.471046923579998e-06,0.004584649407424953,12.2 deg
1 - 3.5,2.196248060628511e-05,0.002699222021220974,12.2 deg
3.5 - 10,3.617997959809958e-05,0.0033544124434332747,12.2 deg
10 - 20,0.00010370961304900192,0.0029524027816326317,12.2 deg
