Energy,Value,Error,Angle
0.01 - 0.1,1.2581458631170902e-05,0.002789935555489378,12.2 deg
0.1 - 1,7.200465413965295e-05,0.0012472492622011536,12.2 deg
1 - 3.5,5.762154292906319e-06,0.004748956981557097,12.2 deg
3.5 - 10,4.948091354673644e-07,0.035251029067586204,12.2 deg
10 - 20,3.4496684995419033e-06,0.017937936213639514,12.2 deg
