Energy,Value,Error,Angle
0.1 - 1,2.0934062813672737e-05,0.0028480847560619655,24.9 deg
1 - 3.5,5.831723632576704e-05,0.0018063315582852225,24.9 deg
3.5 - 10,8.723084098766261e-05,0.002270720453494167,24.9 deg
10 - 20,0.0002771879238178411,0.0020167463858719336,24.9 deg
