Value,Error,Energy,Angle
5.252362510903722e-05,0.008125968640204775,0.01 - 0.1,12.2 deg
0.00010636787696544039,0.006830344154315767,0.1 - 1,12.2 deg
8.115864087299349e-05,0.008284580829630031,1 - 3.5,12.2 deg
6.927550088450025e-05,0.012166813051477599,3.5 - 10,12.2 deg
0.0003682329784812026,0.004587551354883566,10 - 20,12.2 deg
