Value,Error,Energy,Angle
1.3363954950021019e-05,0.016098670292914417,0.01 - 0.1,0 deg
0.00016532859234711666,0.0056097182069507045,0.1 - 1,0 deg
5.882324152682324e-05,0.008038550835619386,1 - 3.5,0 deg
1.0574583874600245e-05,0.03172723762105221,3.5 - 10,0 deg
0.00039490909293538447,0.0029720952584626832,10 - 20,0 deg
