Value,Error,Energy,Angle
2.9870043836502925e-06,0.04456268745562142,0.01 - 0.1,66.8 deg
3.599239643941897e-05,0.0145015684506506,0.1 - 1,66.8 deg
1.544066600658447e-05,0.022760718453592205,1 - 3.5,66.8 deg
6.179918203731694e-07,0.16739600093518894,3.5 - 10,66.8 deg
3.407383108811014e-07,0.15890897288891448,10 - 20,66.8 deg
