Energy,Value,Error,Angle
0.01 - 0.1,1.0202146769364506e-05,0.003061089225316495,41.8 deg
0.1 - 1,5.1678137500147236e-05,0.0014775227667405905,41.8 deg
1 - 3.5,3.1892708817922785e-06,0.006760734548048875,41.8 deg
3.5 - 10,2.8089567364923223e-07,0.04288444322625512,41.8 deg
10 - 20,3.160636942355584e-07,0.0509122649250632,41.8 deg
