Value,Error,Energy,Angle
1.2372025144458174e-05,0.014943752074568285,0.01 - 0.1,0 deg
7.458139736135006e-05,0.00757466797138668,0.1 - 1,0 deg
6.53204614845535e-06,0.02010048491087608,1 - 3.5,0 deg
5.062771103908097e-07,0.15374641649956228,3.5 - 10,0 deg
8.985854061606325e-06,0.0200771848056339,10 - 20,0 deg
