Energy,Value,Error
1.15 - 3,0.00023115805,0.0008161037480590184
3 - 6,6.0279094999999997e-05,0.0019221573740163505
6 - 9,2.5672704e-05,0.003796978247279397
9 - 12,2.3879509999999998e-05,0.003195073848886599
12 - 20,0.000448717748,0.0008687002737421594
