Energy,Value,Error
1.15 - 3,4.3057311e-07,0.00283188061435318
3 - 6,8.975932e-08,0.006819228823178387
6 - 9,4.152883e-08,0.011300661295261704
9 - 12,4.102086e-08,0.015171306308962932
12 - 20,3.0176149000000003e-07,0.004810466769766661
