Cells,Value,Error
69.0,2.00766169964,0.0006999994074017512
