Cells,Value,Error
69.0,2.09950175426,0.0033734255586866002
