Cells,Value,Error
56.0,1.1884500999999999e-05,0.0024803482092577785
