Cells,Value,Error
481.0,0.594408900812,0.00041912325936727644
