User,Time,Value,Error,abs_error
0.0,D1.0,6022.93,0.0001,0.6022930000000001
0.0,D2.0,5295.59,0.0001,0.529559
0.0,D3.0,1981.01,0.0001,0.198101
0.0,D4.0,0.0155038,0.0001,1.55038e-06
0.0,D5.0,1.95957e-11,0.0001,1.9595700000000004e-15
0.0,D6.0,0.0,0.0,0.0
