User,Time,Value,Error
0.0,H1.0,0.000120668,0.0001
0.0,H2.0,0.000106096,0.0001
0.0,H3.0,3.96892e-05,0.0001
0.0,H4.0,3.10616e-10,0.0001
0.0,H5.0,3.92597e-19,0.0001
0.0,H6.0,0.0,0.0
