User,Time,Value,Error
0.0,1.0,0.0224437,0.0001
0.0,2.0,0.0197334,0.0001
0.0,3.0,0.00738199,0.0001
0.0,4.0,5.7773e-08,0.0001
0.0,5.0,7.3021e-17,0.0001
0.0,6.0,0.0,0.0
total,6.0,0.0,0.0
