Energy,Value,Error
1e-06,1.85426e-10,0.0152
0.1,2.84347e-05,0.0
1.0,1.12064e-05,0.0001
10.0,3.15961e-06,0.0001
20.0,4.16516e-07,0.0003
