User,Time,Value,Error,abs_error
0.0,D1.0,941.947,0.0002,0.1883894
0.0,D2.0,806.053,0.0002,0.1612106
0.0,D3.0,245.142,0.0002,0.0490284
0.0,D4.0,0.000161331,0.0002,3.22662e-08
0.0,D5.0,2.72745e-15,0.0002,5.454900000000001e-19
0.0,D6.0,0.0,0.0,0.0
