User,Time,Value,Error,abs_error
0.0,D1.0,11407.7,0.0002,2.28154
0.0,D2.0,11207.8,0.0002,2.2415599999999998
0.0,D3.0,9791.67,0.0002,1.958334
0.0,D4.0,1946.99,0.0002,0.389398
0.0,D5.0,116.674,0.0002,0.023334800000000003
0.0,D6.0,0.0,0.0,0.0
