Time,Value,Error
1.0,0.00422242,0.0001
2.0,0.00414843,0.0001
3.0,0.00362427,0.0001
4.0,0.000720658,0.0001
5.0,4.31857e-05,0.0001
6.0,0.0,0.0
