User,Time,Value,Error
0.0,H1.0,0.000105668,0.0003
0.0,H2.0,0.000105567,0.0003
0.0,H3.0,0.000104797,0.0003
0.0,H4.0,9.60193e-05,0.0003
0.0,H5.0,8.24436e-05,0.0003
0.0,H6.0,8.41546e-18,0.0003
