User,Time,Value,Error
0.0,H1.0,1.7939e-06,0.001
0.0,H2.0,1.75147e-06,0.001
0.0,H3.0,1.45871e-06,0.001
0.0,H4.0,1.63719e-07,0.001
0.0,H5.0,3.62155e-09,0.001
0.0,H6.0,0.0,0.0
