User,Time,Value,Error
0.0,1.0,0.00325813,0.0001
0.0,2.0,0.0031176,0.0001
0.0,3.0,0.00222602,0.0001
0.0,4.0,3.96428e-05,0.0001
0.0,5.0,3.54646e-08,0.0001
0.0,6.0,0.0,0.0
total,6.0,0.0,0.0
