User,Time,Value,Error
0.0,1.0,3.41418e-06,0.0003
0.0,2.0,3.26692e-06,0.0003
0.0,3.0,2.33264e-06,0.0003
0.0,4.0,4.15415e-08,0.0003
0.0,5.0,3.71632e-11,0.0003
0.0,6.0,0.0,0.0
total,6.0,0.0,0.0
