User,Time,Value,Error
0.0,1.0,0.000594029,0.0001
0.0,2.0,0.000568407,0.0001
0.0,3.0,0.000405853,0.0001
0.0,4.0,7.22775e-06,0.0001
0.0,5.0,6.46599e-09,0.0001
0.0,6.0,0.0,0.0
total,6.0,0.0,0.0
