Energy,Value,Error
1e-06,0.0,0.0
0.1,2.51774e-05,0.0
1.0,7.85147e-06,0.0001
10.0,2.07752e-07,0.0006
20.0,3.18698e-08,0.0011
