User,Time,Value,Error
0.0,1.0,0.00360825,0.0001
0.0,2.0,0.00360733,0.0001
0.0,3.0,0.00360025,0.0001
0.0,4.0,0.0035167,0.0001
0.0,5.0,0.00337572,0.0001
0.0,6.0,1.10019e-06,0.0001
total,6.0,1.10019e-06,0.0001
