User,Time,Value,Error
0.0,1.0,0.00470544,0.0001
0.0,2.0,0.00469697,0.0001
0.0,3.0,0.00463271,0.0001
0.0,4.0,0.00392914,0.0001
0.0,5.0,0.00294875,0.0001
0.0,6.0,1.0164e-27,0.0001
total,6.0,1.0164e-27,0.0001
