User,Time,Value,Error
0.0,1.0,1.53328e-06,0.0002
0.0,2.0,1.53316e-06,0.0002
0.0,3.0,1.53222e-06,0.0002
0.0,4.0,1.52102e-06,0.0002
0.0,5.0,1.50169e-06,0.0002
0.0,6.0,1.22168e-07,0.0002
total,6.0,1.22168e-07,0.0002
