User,Time,Value,Error
0.0,1.0,1.75125e-05,0.0002
0.0,2.0,8.30878e-06,0.0002
0.0,3.0,2.79016e-08,0.0002
0.0,4.0,7.28368e-38,0.0002
0.0,5.0,2.05024e-89,0.0002
0.0,6.0,0.0,0.0
total,6.0,0.0,0.0
