Time,Value,Error
1.0,0.0101386,0.0
2.0,0.010136,0.0
3.0,0.0101161,0.0
4.0,0.00988133,0.0
5.0,0.0094852,0.0
6.0,3.09133e-06,0.0
