Energy,Value,Error
1e-06,4.49449e-12,0.1049
0.1,3.07265e-05,0.0
1.0,8.51871e-06,0.0001
10.0,3.48197e-07,0.0004
20.0,1.88767e-08,0.0014
