User,Time,Value,Error
0.0,1.0,0.00568851,0.0001
0.0,2.0,0.00269891,0.0001
0.0,3.0,9.06318e-06,0.0001
0.0,4.0,2.36593e-35,0.0001
0.0,5.0,6.65972e-87,0.0001
0.0,6.0,0.0,0.0
total,6.0,0.0,0.0
