Energy,Value,Error
1e-06,0.0,0.0
0.1,2.55443e-05,0.0
1.0,8.66597e-06,0.0001
10.0,9.48558e-08,0.0009
20.0,1.64262e-08,0.0015
