Time,Value,Error
1.0,0.0169364,0.0
2.0,0.0169172,0.0
3.0,0.0167715,0.0
4.0,0.0151237,0.0
5.0,0.0126297,0.0
6.0,5.53028e-18,0.0
