User,Time,Value,Error
0.0,1.0,0.000349334,0.0001
0.0,2.0,0.000349231,0.0001
0.0,3.0,0.000348444,0.0001
0.0,4.0,0.000339172,0.0001
0.0,5.0,0.000323601,0.0001
0.0,6.0,3.19759e-08,0.0001
total,6.0,3.19759e-08,0.0001
