User,Time,Value,Error
0.0,1.0,1.19912e-05,0.0007
0.0,2.0,1.19877e-05,0.0007
0.0,3.0,1.19607e-05,0.0007
0.0,4.0,1.16424e-05,0.0007
0.0,5.0,1.11079e-05,0.0007
0.0,6.0,1.09761e-09,0.0007
total,6.0,1.09761e-09,0.0007
