User,Time,Value,Error
0.0,1.0,2.13591e-05,0.0002
0.0,2.0,2.13582e-05,0.0002
0.0,3.0,2.13514e-05,0.0002
0.0,4.0,2.12703e-05,0.0002
0.0,5.0,2.11297e-05,0.0002
0.0,6.0,5.74813e-06,0.0002
total,6.0,5.74813e-06,0.0002
