Energy,Value,Error
1e-06,2.32954e-08,0.0013
0.1,2.02124e-05,0.0
1.0,4.86144e-06,0.0001
10.0,1.82418e-07,0.0006
20.0,1.41995e-08,0.0017
