Energy,Value,Error
1e-06,1.8227e-12,0.1322
0.1,1.73807e-05,0.0
1.0,1.91445e-05,0.0001
10.0,1.19593e-06,0.0002
20.0,1.73902e-07,0.0005
