User,Time,Value,Error
0.0,1.0,0.000335487,0.0001
0.0,2.0,0.000334046,0.0001
0.0,3.0,0.000323241,0.0001
0.0,4.0,0.00021815,0.0001
0.0,5.0,0.000109946,0.0001
0.0,6.0,4.42351e-63,0.0001
total,6.0,4.42351e-63,0.0001
