User,Time,Value,Error
0.0,H1.0,0.00130863,0.0001
0.0,H2.0,0.0013055,0.0001
0.0,H3.0,0.00128183,0.0001
0.0,H4.0,0.00102992,0.0001
0.0,H5.0,0.000703418,0.0001
0.0,H6.0,2.25193e-36,0.0001
