Time,Value,Error
1.0,0.00164543,0.0002
2.0,0.00160551,0.0002
3.0,0.00133083,0.0002
4.0,0.000141141,0.0002
5.0,2.82866e-06,0.0002
6.0,0.0,0.0
