User,Time,Value,Error
0.0,1.0,0.00891636,0.0001
0.0,2.0,0.00884616,0.0001
0.0,3.0,0.00832778,0.0001
0.0,4.0,0.00404502,0.0001
0.0,5.0,0.00114932,0.0001
0.0,6.0,0.0,0.0
total,6.0,0.0,0.0
