User,Time,Value,Error
0.0,1.0,0.0021575,0.0001
0.0,2.0,0.00214051,0.0001
0.0,3.0,0.00201508,0.0001
0.0,4.0,0.000978777,0.0001
0.0,5.0,0.000278102,0.0001
0.0,6.0,0.0,0.0
total,6.0,0.0,0.0
