Time,Value,Error
1.0,0.00385749,0.0001
2.0,0.00374648,0.0001
3.0,0.00299735,0.0001
4.0,0.000208049,0.0001
5.0,1.99199e-06,0.0001
6.0,0.0,0.0
