Time,Value,Error
1.0,0.0102056,0.0
2.0,0.0102023,0.0
3.0,0.0101773,0.0
4.0,0.00988303,0.0
5.0,0.00939036,0.0
6.0,4.11846e-07,0.0
