Energy,Value,Error
1e-06,1.10138e-13,0.5291
0.1,1.48246e-05,0.0001
1.0,3.26051e-05,0.0
10.0,4.03392e-06,0.0001
20.0,5.97677e-07,0.0003
