Time,Value,Error
H1.0,0.0299488,0.0
H2.0,0.029948,0.0
H3.0,0.0299422,0.0
H4.0,0.0298723,0.0
H5.0,0.029751,0.0
H6.0,0.0133879,0.0
