User,Time,Value,Error
0.0,1.0,0.00258198,0.0001
0.0,2.0,0.00258194,0.0001
0.0,3.0,0.00258162,0.0001
0.0,4.0,0.00257779,0.0001
0.0,5.0,0.00257113,0.0001
0.0,6.0,0.00154805,0.0001
total,6.0,0.00154805,0.0001
