User,Time,Value,Error,abs_error
0.0,D1.0,4482.96,0.0001,0.44829600000000003
0.0,D2.0,4482.84,0.0001,0.448284
0.0,D3.0,4481.97,0.0001,0.44819700000000007
0.0,D4.0,4471.51,0.0001,0.447151
0.0,D5.0,4453.35,0.0001,0.44533500000000004
0.0,D6.0,2003.99,0.0001,0.20039900000000002
