User,Time,Value,Error,abs_error
0.0,D1.0,1742.12,0.0001,0.174212
0.0,D2.0,1742.09,0.0001,0.174209
0.0,D3.0,1741.88,0.0001,0.174188
0.0,D4.0,1739.3,0.0001,0.17393
0.0,D5.0,1734.8,0.0001,0.17348
0.0,D6.0,1044.51,0.0001,0.104451
