Time,Value,Error
H1.0,0.122499,0.0
H2.0,0.122413,0.0
H3.0,0.121761,0.0
H4.0,0.114224,0.0
H5.0,0.102188,0.0
H6.0,3.31242e-11,0.0
