User,Time,Value,Error
0.0,1.0,1.14543e-07,0.0002
0.0,2.0,1.14463e-07,0.0002
0.0,3.0,1.13853e-07,0.0002
0.0,4.0,1.06805e-07,0.0002
0.0,5.0,9.55512e-08,0.0002
0.0,6.0,3.09729e-17,0.0002
total,6.0,3.09729e-17,0.0002
