User,Time,Value,Error
0.0,1.0,2.8447e-08,0.0004
0.0,2.0,2.84271e-08,0.0004
0.0,3.0,2.82756e-08,0.0004
0.0,4.0,2.65254e-08,0.0004
0.0,5.0,2.37304e-08,0.0004
0.0,6.0,7.69221e-18,0.0004
total,6.0,7.69221e-18,0.0004
