User,Time,Value,Error,abs_error
0.0,D1.0,0.286163,0.0034,0.0009729541999999999
0.0,D2.0,0.278942,0.0034,0.0009484028
0.0,D3.0,0.229459,0.0034,0.0007801605999999999
0.0,D4.0,0.0222104,0.0034,7.551536e-05
0.0,D5.0,0.000379618,0.0034,1.2907012e-06
0.0,D6.0,0.0,0.0,0.0
