User,Time,Value,Error
0.0,1.0,0.00101377,0.0001
0.0,2.0,0.000993737,0.0001
0.0,3.0,0.000853187,0.0001
0.0,4.0,0.000137749,0.0001
0.0,5.0,5.74196e-06,0.0001
0.0,6.0,0.0,0.0
total,6.0,0.0,0.0
