User,Time,Value,Error
0.0,H1.0,0.00101377,0.0001
0.0,H2.0,0.000993737,0.0001
0.0,H3.0,0.000853187,0.0001
0.0,H4.0,0.000137749,0.0001
0.0,H5.0,5.74196e-06,0.0001
0.0,H6.0,0.0,0.0
