Energy,Value,Error
1e-06,5.06782e-13,0.2058
0.1,3.70567e-06,0.0001
1.0,1.10278e-05,0.0001
10.0,5.53424e-07,0.0004
20.0,1.14679e-07,0.0006
