Time,Value,Error
H1.0,0.0250431,0.0
H2.0,0.014243,0.0
H3.0,0.004384,0.0
H4.0,0.00381376,0.0
H5.0,0.00345932,0.0
H6.0,0.000376066,0.0
