User,Time,Value,Error
0.0,1.0,0.0220793,0.0
0.0,2.0,0.0125148,0.0
0.0,3.0,0.00367398,0.0
0.0,4.0,0.00292515,0.0
0.0,5.0,0.00262936,0.0
0.0,6.0,0.000312903,0.0
total,6.0,0.000312903,0.0
