User,Time,Value,Error
0.0,H1.0,0.0220793,0.0
0.0,H2.0,0.0125148,0.0
0.0,H3.0,0.00367398,0.0
0.0,H4.0,0.00292515,0.0
0.0,H5.0,0.00262936,0.0
0.0,H6.0,0.000312903,0.0
