Energy,Value,Error
1e-06,5.51748e-06,0.0001
0.1,5.26213e-06,0.0001
1.0,1.48228e-06,0.0002
10.0,2.94311e-06,0.0001
20.0,3.59365e-07,0.0003
