User,Time,Value,Error
0.0,H1.0,5.31454e-05,0.0001
0.0,H2.0,4.59773e-05,0.0001
0.0,H3.0,2.45013e-05,0.0001
0.0,H4.0,1.16037e-05,0.0001
0.0,H5.0,9.32665e-06,0.0001
0.0,H6.0,2.19092e-09,0.0001
