User,Time,Value,Error
0.0,1.0,0.00616357,0.0
0.0,2.0,0.00569918,0.0
0.0,3.0,0.0031579,0.0
0.0,4.0,0.000171155,0.0001
0.0,5.0,0.000152262,0.0001
0.0,6.0,8.49179e-08,0.0016
total,6.0,8.49179e-08,0.0016
