Energy,Value,Error
0.001 - 0.01,0.0121429,0.0012
0.01 - 0.03,0.06244642,0.0005640674852311052
0.03 - 0.06,0.017209822,0.0010923737528176075
0.06 - 0.1,0.0518368,0.0006256728329280767
0.1 - 0.15,0.06981576,0.0005484050987514687
0.15 - 0.2,0.07846209999999999,0.0005178013422516062
0.2 - 0.4,0.3207827,0.00025186978013259855
0.4 - 0.5,0.079591,0.0005065110268229747
0.5 - 0.7,0.1430876,0.00038447207581943343
