Energy,Value,Error
0.001 - 0.01,0.00863621,0.0014
0.01 - 0.03,0.04523709,0.0006587846225555473
0.03 - 0.06,0.014571726,0.001178249172666722
0.06 - 0.1,0.04405592,0.0006764015608998935
0.1 - 0.15,0.06099665,0.0005800210415399263
0.15 - 0.2,0.0705979,0.0005272807133954244
0.2 - 0.4,0.29600289,0.0002564981463949479
0.4 - 0.5,0.08094799999999999,0.0005061536659750509
0.5 - 0.7,0.153778,0.00034822785701159624
