Value,Error,Energy
0.00115442,0.0041,0.001 - 0.01
0.006879139,0.0016947833567326623,0.01 - 0.03
0.005398754999999999,0.0019193933648330769,0.03 - 0.06
0.014679042,0.0011551256637541332,0.06 - 0.1
0.022252900000000003,0.0009393697214406733,0.1 - 0.15
0.029009019999999996,0.000822505746379266,0.15 - 0.2
0.1297064,0.00038907965307381364,0.2 - 0.4
0.05633099999999999,0.000588098167391506,0.4 - 0.5
0.11471230000000002,0.0004010618197624088,0.5 - 0.7
