Value,Error,Energy,Angle
5.856716794206344e-06,0.03316390897654765,0.01 - 0.1,41.8 deg
0.00013643903669812032,0.00764940726853139,0.1 - 1,41.8 deg
0.0001242903824134451,0.008109691622594702,1 - 3.5,41.8 deg
1.0620542501166717e-05,0.04208006510830348,3.5 - 10,41.8 deg
1.7502881575765343e-05,0.02629096001395049,10 - 20,41.8 deg
