Energy,Value,Error,Angle
0.01 - 0.1,1.0293662062466236e-05,0.0033325126628381387,41.8 deg
0.1 - 1,0.0001297538120002741,0.0010361462406840549,41.8 deg
1 - 3.5,4.1269863235630046e-05,0.0020766382016572564,41.8 deg
3.5 - 10,6.823631500425411e-06,0.008720607512087846,41.8 deg
10 - 20,8.051077149625875e-06,0.010383208171995104,41.8 deg
