Value,Error,Energy,Angle
6.895147561974049e-06,0.024840892956702502,0.1 - 1,24.9 deg
2.0012645147706752e-05,0.019724867827142403,1 - 3.5,24.9 deg
2.913420133311826e-05,0.022395862198764216,3.5 - 10,24.9 deg
4.592254718930832e-05,0.016546095012112946,10 - 20,24.9 deg
