Value,Error,Energy,Angle
2.1964023487385775e-05,0.012956002631223,0.01 - 0.1,66.8 deg
8.844461893958285e-05,0.008269607265479135,0.1 - 1,66.8 deg
7.444917922920352e-05,0.009234911400964442,1 - 3.5,66.8 deg
5.849857448593417e-05,0.014700187578070739,3.5 - 10,66.8 deg
6.20460271918163e-05,0.011111322611625575,10 - 20,66.8 deg
