Value,Error,Energy,Angle
4.468916767654749e-05,0.008754914876128997,0.01 - 0.1,41.8 deg
9.08680250253477e-05,0.007566751108996122,0.1 - 1,41.8 deg
6.319257967900642e-05,0.00945874431336801,1 - 3.5,41.8 deg
4.4039481483079606e-05,0.016343104235979306,3.5 - 10,41.8 deg
7.851523005152445e-05,0.009578155020770605,10 - 20,41.8 deg
