Value,Error,Energy,Angle
5.2321370982018445e-06,0.03698538687254251,0.01 - 0.1,12.2 deg
7.579101472471437e-05,0.010311754908611906,0.1 - 1,12.2 deg
4.176098596793599e-05,0.013550621795436984,1 - 3.5,12.2 deg
2.15613922134607e-06,0.10048809745042867,3.5 - 10,12.2 deg
1.4268195653075575e-05,0.033864336001369816,10 - 20,12.2 deg
