Value,Error,Energy,Angle
1.1542278790027463e-05,0.017486147822738343,0.01 - 0.1,12.2 deg
0.00014946739230947307,0.006293354644373789,0.1 - 1,12.2 deg
5.5108632684351586e-05,0.0091556854528448,1 - 3.5,12.2 deg
1.1370710636535843e-05,0.03156652049393759,3.5 - 10,12.2 deg
0.00010850142648115345,0.008297543279144106,10 - 20,12.2 deg
