Energy,Value,Error,Angle
0.01 - 0.1,4.070654643722936e-06,0.006417396594855883,66.8 deg
0.1 - 1,9.358933588131926e-05,0.0014048390661380297,66.8 deg
1 - 3.5,8.091202232055986e-05,0.0019386965838170342,66.8 deg
3.5 - 10,5.820361232137565e-06,0.012079823906029985,66.8 deg
10 - 20,4.174275628138172e-06,0.018359222773422643,66.8 deg
