Value,Error,Energy,Angle
4.925083289074195e-06,0.037920220536414216,0.01 - 0.1,24.9 deg
6.936782251537184e-05,0.010789545294010272,0.1 - 1,24.9 deg
3.675980490944477e-05,0.014406992572463237,1 - 3.5,24.9 deg
1.736458990514417e-06,0.10949426528154678,3.5 - 10,24.9 deg
4.5947607869975595e-06,0.06398250066697718,10 - 20,24.9 deg
