Value,Error,Energy,Angle
3.236244800005889e-06,0.04784108551284525,0.01 - 0.1,41.8 deg
0.00010261594420916766,0.00978852362911606,0.1 - 1,41.8 deg
0.00015718450652714964,0.0076380201436810555,1 - 3.5,41.8 deg
2.8629638922339253e-05,0.022791998553713645,3.5 - 10,41.8 deg
8.030822492924665e-05,0.009638450949356088,10 - 20,41.8 deg
