Energy,Value,Error,Angle
0.01 - 0.1,2.97205987271889e-05,0.0018581447810950937,24.9 deg
0.1 - 1,0.00011367503473421259,0.0012864526965426263,24.9 deg
1 - 3.5,9.292949947018253e-05,0.002026059697710129,24.9 deg
3.5 - 10,6.365650184209959e-05,0.003486171393350125,24.9 deg
10 - 20,0.0004942960035465576,0.0015013048508233857,24.9 deg
