Value,Error,Energy,Angle
1.2847000051525815e-05,0.01882587957367512,0.1 - 1,66.8 deg
3.6563525305400594e-05,0.015617546517196941,1 - 3.5,66.8 deg
3.98515697964371e-05,0.0187335718001799,3.5 - 10,66.8 deg
2.8658396941416093e-05,0.017680875152555342,10 - 20,66.8 deg
