Energy,Value,Error,Angle
0.01 - 0.1,4.279252955456706e-06,0.006682919343208716,41.8 deg
0.1 - 1,5.692228065891563e-05,0.0018552295984405089,41.8 deg
1 - 3.5,2.7901086258551872e-05,0.0033163895986403073,41.8 deg
3.5 - 10,1.1169589471339355e-06,0.030722348641667094,41.8 deg
10 - 20,1.6006976690548777e-06,0.03733206977784437,41.8 deg
