Energy,Value,Error,Angle
0.01 - 0.1,6.972415730267166e-06,0.005354127708372239,12.2 deg
0.1 - 1,0.000161098731103751,0.00114576700324113,12.2 deg
1 - 3.5,0.00015339661390344303,0.001505980649956227,12.2 deg
3.5 - 10,1.7664071116258663e-05,0.007797725819111838,12.2 deg
10 - 20,0.00021728658207026546,0.0037551995064825545,12.2 deg
