Energy,Value,Error,Angle
0.1 - 1,1.821512645367576e-05,0.002985340235544893,41.8 deg
1 - 3.5,5.192097247550242e-05,0.0018644742946087188,41.8 deg
3.5 - 10,6.993508708919108e-05,0.0023962578274784045,41.8 deg
10 - 20,8.716162427461661e-05,0.00306946665027542,41.8 deg
