Energy,Value,Error,Angle
0.1 - 1,2.4373609120081633e-05,0.0024375178030240684,0 deg
1 - 3.5,0.00011663731675869954,0.0009604151938116487,0 deg
3.5 - 10,0.00017756364463629177,0.001405589877263959,0 deg
10 - 20,0.003913468840849473,0.00029015595110869094,0 deg
