Energy,Value,Error,Angle
0.01 - 0.1,8.094629042403904e-06,0.003383325862971561,12.2 deg
0.1 - 1,2.720166076692587e-05,0.0018959735873468092,12.2 deg
1 - 3.5,6.925105935404074e-07,0.011973683356116411,12.2 deg
3.5 - 10,2.9675707596355383e-08,0.13506563759534423,12.2 deg
10 - 20,1.2987519060956045e-07,0.0838544474388592,12.2 deg
