Energy,Value,Error,Angle
0.01 - 0.1,2.2682828856365063e-06,0.007733898878860424,0 deg
0.1 - 1,8.482945035959365e-05,0.0011096185656146271,0 deg
1 - 3.5,0.00022548843301290608,0.0007126795956172699,0 deg
3.5 - 10,0.00012329100011834425,0.001270730537390536,0 deg
10 - 20,0.004903216478049504,0.00025872512258291166,0 deg
