Value,Error,Energy,Angle
8.019116556240546e-06,0.01799550610499701,0.01 - 0.1,0 deg
2.841136955729292e-05,0.0113921283328169,0.1 - 1,0 deg
8.060532362745364e-07,0.046598607485135134,1 - 3.5,0 deg
3.408997454986624e-08,0.5010277804457793,3.5 - 10,0 deg
2.292285902230554e-07,0.10978347187947542,10 - 20,0 deg
