Energy,Value,Error,Angle
0.01 - 0.1,4.220681253814633e-06,0.005788841746197021,66.8 deg
0.1 - 1,0.0001059643082345028,0.0012679011476880437,66.8 deg
1 - 3.5,0.00010414289580470471,0.0013964734057354917,66.8 deg
3.5 - 10,3.0016539407267847e-05,0.0038325046119083188,66.8 deg
10 - 20,2.443779708420417e-05,0.005157399327930466,66.8 deg
