Energy,Value,Error,Angle
0.1 - 1,0.0001354217215713897,0.0009792443813955443,0 deg
1 - 3.5,0.0006431240152893627,0.000521575997026848,0 deg
3.5 - 10,0.0004893683098697888,0.00084511875897883,0 deg
10 - 20,0.01927077442774682,0.00013582539637408482,0 deg
