Energy,Value,Error,Angle
0.01 - 0.1,5.051999661241915e-05,0.0012762958543350255,24.9 deg
0.1 - 1,0.000102241064747386,0.001097371168322268,24.9 deg
1 - 3.5,7.315435686322464e-05,0.0018274232725552693,24.9 deg
3.5 - 10,5.2256838267356505e-05,0.0033719386624241968,24.9 deg
10 - 20,0.0002102130558093934,0.001948688512212288,24.9 deg
