Value,Error,Energy,Angle
5.309725738308312e-05,0.008084200209202667,0.01 - 0.1,12.2 deg
0.000107473324844966,0.007125568595063794,0.1 - 1,12.2 deg
7.80101899738904e-05,0.009009226632017508,1 - 3.5,12.2 deg
5.6347119050070374e-05,0.01469899542071223,3.5 - 10,12.2 deg
0.00037905709328620415,0.004515525845769931,10 - 20,12.2 deg
