Energy,Value,Error,Angle
0.01 - 0.1,7.418013959464173e-06,0.003537956401232885,24.9 deg
0.1 - 1,2.328107113375239e-05,0.0020840901175213176,24.9 deg
1 - 3.5,5.090824403172702e-07,0.014971072284544749,24.9 deg
3.5 - 10,2.408283965689293e-08,0.1654323267022847,24.9 deg
10 - 20,5.262568184755198e-08,0.11755365478183906,24.9 deg
