Value,Error,Energy,Angle
2.8693352736040066e-06,0.04496416118958184,0.01 - 0.1,66.8 deg
0.0001090714761473002,0.008527370087149676,0.1 - 1,66.8 deg
0.00017247154683934046,0.007027135418602871,1 - 3.5,66.8 deg
2.7571777124541853e-05,0.023559572032795215,3.5 - 10,66.8 deg
2.7740310718470385e-05,0.017354791119562236,10 - 20,66.8 deg
