Value,Error,Energy,Angle
4.279252955456705e-06,0.04008436015532601,0.01 - 0.1,41.8 deg
5.692228065891564e-05,0.011941397337156604,0.1 - 1,41.8 deg
2.7901086258551872e-05,0.016323897361442078,1 - 3.5,41.8 deg
1.1169589471339357e-06,0.13312679321621465,3.5 - 10,41.8 deg
1.6006976690548772e-06,0.09621992906214595,10 - 20,41.8 deg
