Value,Error,Energy,Angle
2.0721518842676237e-05,0.01587543138852007,0.1 - 1,66.8 deg
5.277665368624015e-05,0.014560084455535088,1 - 3.5,66.8 deg
7.487599905883245e-05,0.013932369496344047,3.5 - 10,66.8 deg
0.00010007585396392635,0.009076125732730258,10 - 20,66.8 deg
