Value,Error,Energy,Angle
2.8143000888319605e-05,0.01186367612092114,0.01 - 0.1,41.8 deg
0.00010848860746616145,0.008086107558393424,0.1 - 1,41.8 deg
8.75886226835671e-05,0.009617134183919072,1 - 3.5,41.8 deg
6.13624264763936e-05,0.015075600425396712,3.5 - 10,41.8 deg
0.0001926601543447543,0.006444524619828193,10 - 20,41.8 deg
