Energy,Value,Error,Angle
0.01 - 0.1,3.603739252750907e-06,0.005694687045660195,0 deg
0.1 - 1,3.461993436517054e-05,0.0016987638238247311,0 deg
1 - 3.5,0.00015592696127366947,0.000927744333627697,0 deg
3.5 - 10,0.00012527667084695179,0.0012794481974512017,0 deg
10 - 20,0.003587717870613317,0.0003053190548563393,0 deg
