Value,Error,Energy,Angle
1.2084920352425129e-05,0.01557008971819778,0.01 - 0.1,12.2 deg
7.13736061940605e-05,0.008138189417456844,0.1 - 1,12.2 deg
6.665028486346577e-06,0.021701089354721356,1 - 3.5,12.2 deg
6.180565460351889e-07,0.12799265901711754,3.5 - 10,12.2 deg
3.4666952976489877e-06,0.041817949752098064,10 - 20,12.2 deg
