Value,Error,Energy,Angle
2.2682828856365067e-06,0.04805478147476397,0.01 - 0.1,0 deg
8.482945035959365e-05,0.006267672633124284,0.1 - 1,0 deg
0.00022548843301290608,0.003425148908508704,1 - 3.5,0 deg
0.00012329100011834425,0.005747184547980987,3.5 - 10,0 deg
0.004903216478049504,0.0005990110753348823,10 - 20,0 deg
