Value,Error,Energy,Angle
2.869487966328301e-06,0.043606895701681185,0.01 - 0.1,24.9 deg
1.8573660089346684e-05,0.01891970593283604,0.1 - 1,24.9 deg
3.664926661565859e-05,0.011892329247706702,1 - 3.5,24.9 deg
3.715042710533846e-05,0.012737161518924697,3.5 - 10,24.9 deg
8.030672721664134e-05,0.00809892022838364,10 - 20,24.9 deg
