Energy,Value,Error,Angle
0.01 - 0.1,2.8694879663283015e-06,0.00703210159069629,24.9 deg
0.1 - 1,1.857366008934668e-05,0.002996854870147713,24.9 deg
1 - 3.5,3.664926661565859e-05,0.0024923379019195177,24.9 deg
3.5 - 10,3.715042710533846e-05,0.0028462284900597594,24.9 deg
10 - 20,8.030672721664136e-05,0.0035030932550004835,24.9 deg
