Energy,Value,Error,Angle
0.01 - 0.1,1.1542278790027465e-05,0.0032416769757067855,12.2 deg
0.1 - 1,0.0001494673923094731,0.0009994364744108889,12.2 deg
1 - 3.5,5.510863268435158e-05,0.0018415767320301385,12.2 deg
3.5 - 10,1.1370710636535843e-05,0.006931929101383875,12.2 deg
10 - 20,0.00010850142648115344,0.0035164356115184934,12.2 deg
