Value,Error,Energy
7.7244844374277,0.00504136401315383,0.1 - 1
7.3065226889660435,0.004182530780341251,1 - 3.5
2.237360834436098,0.006958463798233637,3.5 - 10
17.861294022401566,0.0013268938488849487,10 - 20
