Energy,Value,Error
0.1 - 1,1.7301123341216191,0.0011472512365332407
1 - 3.5,2.6155248659812287,0.0009293585425596644
3.5 - 10,1.7617399336076989,0.0011174580304959304
10 - 20,17.9682819682579,0.000348338054212118
