Energy,Value,Error
0.1 - 1,1.9098436667896155,0.0006939260917385996
1 - 3.5,2.4021301999999998,0.000656671184860161
3.5 - 10,0.37395606,0.0012856963472940928
10 - 20,0.0079277,0.0050651275077841056
