Value,Error,Energy
0.005166302120667484,0.017259427407094553,0.01 - 0.1
2.1494351086427264,0.005463965383796914,0.1 - 1
2.94278507325716,0.0036588470560302393,1 - 3.5
1.5475470419978752,0.004436706574513843,3.5 - 10
10.133848705307884,0.0010497423473355032,10 - 20
