Energy,Value,Error
0.1 - 1,0.6975109666783649,0.0013401775514604694
1 - 3.5,1.2776279000000001,0.0010149504580094638
3.5 - 10,0.12499932539999999,0.003182662823396671
10 - 20,0.0001148482,0.04769609501022294
