Value,Error,Energy
0.6848243197000867,0.003796697786288759,0.01 - 0.1
17.842948832570038,0.002639271927487319,0.1 - 1
3.7850430885679014,0.004178598643323575,1 - 3.5
0.7449174976296312,0.008859479091691592,3.5 - 10
2.24992871794499,0.0032554643493335022,10 - 20
