Energy,Value,Error
0.1 - 1,0.8118550000429176,0.001071043391361948
1 - 3.5,1.0185401,0.0010728625115768256
3.5 - 10,0.150126716,0.0024470639479897962
10 - 20,0.0003737886,0.025815535420101652
