Energy,Value,Error
0.1 - 1,2.039308666775628,0.0007460989502471249
1 - 3.5,2.1088196,0.0007716778916339001
3.5 - 10,0.5004928599999999,0.0014920198793877339
10 - 20,0.0022088900000000002,0.010812279555747156
