Energy,Value,Error
0.1 - 1,2.204405000106779,0.0007473823522558521
1 - 3.5,1.4430564,0.0009324885591394724
3.5 - 10,0.15849955799999998,0.0024774628332575903
10 - 20,0.000435939,0.024512093210779698
