Energy,Value,Error
0.01 - 0.1,0.5950203597361657,0.0020074202568092104
0.1 - 1,13.528522824736523,0.0004227635222575262
1 - 3.5,7.497039310617331,0.0005693098827112668
3.5 - 10,1.5097317877349439,0.0012689451925176364
10 - 20,9.349493778792048,0.0004933948945480654
