Energy,Value,Error
0.01 - 0.1,0.04161576082772685,0.007542217547104062
0.1 - 1,2.8927412206298135,0.000908993032840401
1 - 3.5,3.801672397348351,0.0007916995098557903
3.5 - 10,1.5630360870436582,0.0012092844899296209
10 - 20,17.79461991192944,0.00035319244258554184
