Energy,Value,Error
0.1 - 1,0.5582409000264142,0.0012758278689013495
1 - 3.5,0.7104222000000001,0.0012678727582952983
3.5 - 10,0.08090612559999999,0.003178131886992677
10 - 20,0.00010977440000000001,0.046639580604857483
