Value,Error,Energy
1.009527824990443,0.0018932869444820161,0.1 - 1
3.256110093487749,0.004373469360074565,1 - 3.5
0.6448880265674548,0.00930111950830303,3.5 - 10
0.0030401866563405846,0.03987634653695121,10 - 20
