Energy,Value,Error
0.01 - 0.1,0.6848243197000867,0.0017068738676716943
0.1 - 1,17.842948832570038,0.000350309217679403
1 - 3.5,3.785043088567902,0.0007781187283878009
3.5 - 10,0.7449174976296311,0.0017422797978910928
10 - 20,2.24992871794499,0.0010145183161139111
