Energy,Value,Error
0.1 - 1,3.7829714186877124,0.0007591276315060309
1 - 3.5,3.0664610784296715,0.0008454081366683265
3.5 - 10,2.046882532521325,0.001030136269269191
10 - 20,5.060506231968003,0.0006741457629971719
