Cells,Value,Error
31.0,1.17558e-05,0.003
25.0,9.44135e-08,0.0045
