Cells,Value,Error
4.10115,8.71427e-05,0.0035
10.40115,2.23602e-05,0.0071
16.70115,7.37672e-06,0.0127
23.00115,2.73531e-06,0.0212
