Cells,Value,Error
0.0,0.00132838,0.0017
4.10115,0.000333023,0.0035
10.40115,7.8745e-05,0.0073
16.70115,2.46648e-05,0.0136
23.00115,8.29183e-06,0.0218
