Energy,Value,Error
1.15 - 3,0.00023087836,0.0008276950436598547
3 - 6,6.0424602e-05,0.0019453990366021608
6 - 9,2.5563469e-05,0.0030200998627321644
9 - 12,2.361216e-05,0.002931941403352917
12 - 20,0.000448618402,0.0008669423939320783
