Energy,Value,Error
0.4 - 3,0.00011239703,0.002853499590167118
3 - 6,1.8978223e-05,0.003099547596219776
6 - 10,7.308092e-07,0.007271103372284208
