Cells,Value,Error
31,0.0103757,0.0011
25,8.26728e-05,0.0025
71,0.0141869,0.0006
82,1.27402e-05,0.0021
