Cells,Value,Error
31,9.54245e-06,0.0026
25,7.57337e-08,0.0049
71,1.24444e-05,0.0013
82,1.07022e-08,0.0047
