Cells,Value,Error
48,7.91057,0.0003
21,3.86459e-05,0.0026
54,11.8265,0.0001
86,5.69076e-06,0.0023
