Cells,Value,Error
31,0.586174,0.0016
25,0.00570969,0.0031
71,0.787032,0.0008
82,0.000902508,0.0027
