Cells,Value,Error
69.0,1.9921916440199998,0.004159326868617085
