Energy,Value,Error
1e-06,0.0,0.0
0.1,2.65441e-06,0.0002
1.0,9.32637e-06,0.0001
10.0,9.38802e-07,0.0005
20.0,4.13673e-07,0.0007
