Energy,Value,Error
1e-06,1.99814e-12,0.223
0.1,9.3465e-06,0.0001
1.0,2.05955e-05,0.0001
10.0,4.23075e-07,0.0008
20.0,1.39806e-08,0.0023
