Energy,Value,Error
1e-06,0.0,0.0
0.1,8.76737e-06,0.0004
1.0,5.38266e-06,0.0006
10.0,2.68486e-07,0.0024
20.0,6.16706e-08,0.0039
