Energy,Value,Error
0.01,0.0,0.0
0.1,3.31509e-11,0.2085
1.0,2.07385e-09,0.0315
5.0,3.41849e-09,0.0244
20.0,3.57818e-11,0.1716
