Energy,Value,Error
1e-06,2.78424e-14,1.0
0.1,7.97817e-06,0.0001
1.0,7.98401e-06,0.0001
10.0,7.96878e-06,0.0001
20.0,7.94227e-06,0.0001
