Energy,Value,Error
0.01,2.2761e-11,0.2827
0.1,4.59038e-09,0.0242
1.0,6.67516e-07,0.002
5.0,1.13564e-06,0.0014
20.0,2.65413e-08,0.0085
