Energy,Value,Error
1e-06,0.0,0.0
0.1,1.69912e-07,0.0026
1.0,1.20062e-07,0.0045
10.0,1.58983e-08,0.0116
20.0,1.21126e-09,0.0365
