Energy,Value,Error
0.01,0.0,0.0
0.1,6.23973e-13,0.2583
1.0,2.34342e-10,0.0148
5.0,8.23142e-10,0.0093
20.0,7.85774e-11,0.0238
