Energy,Value,Error
1e-06,0.0,0.0
0.1,1.62728e-06,0.0003
1.0,5.16102e-06,0.0002
10.0,9.21845e-07,0.0006
20.0,4.71991e-07,0.0007
