Energy,Value,Error
1e-06,4.95133e-07,0.0014
0.1,5.74315e-06,0.0005
1.0,4.51075e-06,0.0007
10.0,2.70849e-07,0.0025
20.0,5.92852e-08,0.004
