Energy,Value,Error
0.01,0.0,0.0
0.1,1.28322e-10,0.1238
1.0,6.75607e-08,0.0064
5.0,6.23639e-08,0.0053
20.0,4.93097e-09,0.0187
