Energy,Value,Error
0.01,0.0,0.0
0.1,2.06656e-09,0.0184
1.0,3.62484e-07,0.0011
5.0,1.0773e-06,0.0005
20.0,8.60919e-09,0.006
