Energy,Value,Error
1e-06,0.0,0.0
0.1,3.01972e-05,0.0001
1.0,5.40417e-06,0.0004
10.0,7.83544e-07,0.0009
20.0,2.11543e-07,0.0014
