Energy,Value,Error
1e-06,0.0,0.0
0.1,4.86582e-09,0.0129
1.0,2.83393e-08,0.0058
10.0,4.51861e-09,0.0154
20.0,8.19337e-10,0.0313
