Energy,Value,Error
0.01,2.45856e-12,0.459
0.1,1.36726e-09,0.0254
1.0,8.99233e-07,0.001
5.0,5.80802e-07,0.0014
20.0,1.66904e-08,0.0067
