Energy,Value,Error
0.01,1.80723e-11,0.418
0.1,1.95387e-06,0.0013
1.0,6.67298e-06,0.0007
5.0,4.02754e-06,0.0007
20.0,3.29323e-07,0.0023
