Energy,Value,Error
1e-06,0.0,0.0
0.1,1.40724e-05,0.0002
1.0,3.37261e-05,0.0001
10.0,2.94452e-06,0.0005
20.0,2.95166e-07,0.0012
