Energy,Value,Error
0.01,3.52173e-13,1.0
0.1,8.78048e-10,0.0361
1.0,7.0692e-07,0.0013
5.0,7.94739e-07,0.0011
20.0,1.96801e-08,0.0067
