Energy,Value,Error
1e-06,2.28808e-12,0.7122
0.1,7.7292e-06,0.0004
1.0,4.06624e-05,0.0004
10.0,6.39046e-05,0.0004
20.0,5.9809e-06,0.0003
