Energy,Value,Error
0.01,3.57367e-11,0.3467
0.1,8.59199e-09,0.0166
1.0,6.21717e-07,0.0019
5.0,9.90673e-07,0.0013
20.0,2.07499e-08,0.0084
