Energy,Value,Error
1e-06,0.0,0.0
0.1,1.75216e-06,0.0005
1.0,8.95002e-06,0.0002
10.0,1.77317e-06,0.0006
20.0,4.10663e-07,0.001
