Energy,Value,Error
0.01,2.03707e-11,0.3613
0.1,5.682e-09,0.0329
1.0,1.79473e-07,0.0091
5.0,4.21986e-07,0.006
20.0,8.55476e-10,0.0717
