Energy,Value,Error
0.01,2.80047e-11,0.3448
0.1,1.3747e-08,0.0141
1.0,3.24794e-06,0.0008
5.0,3.3867e-06,0.0006
20.0,2.50668e-07,0.0023
