Energy,Value,Error
0.01,9.43394e-12,0.1779
0.1,3.69502e-09,0.0125
1.0,1.51934e-06,0.0006
5.0,1.65446e-06,0.0005
20.0,3.95267e-09,0.0106
