Energy,Value,Error
1e-06,9.24067e-11,0.0578
0.1,1.51554e-05,0.0002
1.0,3.66494e-05,0.0001
10.0,3.03415e-06,0.0004
20.0,2.31735e-07,0.0011
