Energy,Value,Error
1e-06,0.0,0.0
0.1,6.26519e-06,0.0003
1.0,2.72908e-05,0.0001
10.0,1.80579e-06,0.0006
20.0,2.40615e-07,0.0013
