Energy,Value,Error
1e-06,0.0,0.0
0.1,1.3074e-09,0.021
1.0,2.17401e-08,0.0071
10.0,8.65418e-09,0.01
20.0,2.39474e-09,0.0165
