Energy,Value,Error
1e-06,0.0,0.0
0.1,5.34693e-07,0.0008
1.0,1.00363e-06,0.0006
10.0,4.68423e-07,0.0008
20.0,1.78653e-07,0.0012
