Energy,Value,Error
1e-06,0.0,0.0
0.1,8.87275e-06,0.0
1.0,1.81189e-05,0.0
10.0,1.74571e-05,0.0
20.0,5.97169e-06,0.0
