Energy,Value,Error
0.01,0.0,0.0
0.1,1.02798e-06,0.0015
1.0,1.75675e-06,0.0011
5.0,1.43e-06,0.0009
20.0,1.11382e-06,0.0009
