Energy,Value,Error
0.01,2.11438e-13,1.0
0.1,8.04983e-10,0.0326
1.0,5.44794e-07,0.0014
5.0,6.58564e-07,0.0011
20.0,4.48658e-08,0.004
