Energy,Value,Error
1e-06,0.0,0.0
0.1,3.9699e-07,0.0011
1.0,1.56264e-06,0.0008
10.0,2.79907e-07,0.0018
20.0,8.25498e-08,0.0026
