Energy,Value,Error
1e-06,0.0,0.0
0.1,1.30722e-05,0.0005
1.0,5.09427e-07,0.0054
10.0,8.51795e-09,0.0364
20.0,2.82345e-09,0.0563
