Energy,Value,Error
0.01,1.00998e-12,1.0
0.1,1.55178e-10,0.0967
1.0,7.52211e-09,0.0283
5.0,1.46431e-08,0.016
20.0,4.40344e-10,0.0839
