Energy,Value,Error
1e-06,0.0,0.0
0.1,5.26546e-06,0.0003
1.0,7.15798e-06,0.0004
10.0,1.6813e-06,0.0008
20.0,5.40408e-07,0.0011
