Cells,Segments,Value,Error
2,1,0.9088544890352633,0.0009378496190340073
