Energy,Value,Error
1e-06,1.22205e-11,0.1487
0.1,2.26337e-05,0.0001
1.0,1.95738e-05,0.0002
10.0,5.2592e-06,0.0004
20.0,7.66819e-07,0.0007
