Energy,Value,Error
0.01,0.0,0.0
0.1,1.93815e-09,0.0577
1.0,1.23403e-07,0.0071
5.0,2.12741e-07,0.0045
20.0,1.09526e-08,0.0195
