Energy,Value,Error
1e-06,0.0,0.0
0.1,1.43627e-05,0.0001
1.0,3.36211e-05,0.0001
10.0,6.83693e-06,0.0002
20.0,9.60244e-07,0.0003
