Energy,Value,Error
0.01,0.0,0.0
0.1,1.85902e-08,0.0162
1.0,1.28316e-05,0.0006
5.0,1.60366e-05,0.0005
20.0,2.52328e-07,0.0089
