Energy,Value,Error
1e-06,2.28109e-11,0.2023
0.1,1.5455e-05,0.0003
1.0,2.12938e-05,0.0003
10.0,9.92983e-06,0.0003
20.0,3.31726e-06,0.0005
