Energy,Value,Error
1e-06,3.60036e-11,0.0585
0.1,1.14076e-05,0.0001
1.0,1.86483e-05,0.0001
10.0,1.0023e-05,0.0001
20.0,9.87901e-07,0.0003
