Energy,Value,Error
1e-06,0.0,0.0
0.1,1.02625e-05,0.0001
1.0,1.98106e-05,0.0001
10.0,8.89431e-08,0.0018
20.0,1.94467e-08,0.0032
