Energy,Value,Error
1e-06,7.71851e-12,0.2396
0.1,1.0688e-05,0.0002
1.0,2.31809e-05,0.0002
10.0,6.6663e-06,0.0003
20.0,1.94614e-06,0.0005
