Energy,Value,Error
0.01,1.82165e-13,0.5976
0.1,3.09616e-11,0.0411
1.0,1.72084e-08,0.0018
5.0,6.65097e-08,0.0009
20.0,3.23788e-09,0.0041
