Energy,Value,Error
0.01,6.14566e-11,0.2395
0.1,3.76145e-07,0.0036
1.0,9.75694e-06,0.0007
5.0,6.48788e-06,0.0007
20.0,3.92991e-07,0.0025
