Energy,Value,Error
0.01,3.39895e-12,0.6451
0.1,8.88553e-10,0.0455
1.0,3.97457e-08,0.0073
5.0,8.76423e-08,0.0051
20.0,2.24121e-09,0.0301
