Energy,Value,Error
1e-06,0.0,0.0
0.1,9.08675e-06,0.0002
1.0,2.647e-05,0.0001
10.0,2.18159e-06,0.0005
20.0,3.44594e-07,0.001
