Energy,Value,Error
0.01,2.66697e-10,0.3317
0.1,5.18256e-09,0.0333
1.0,2.03493e-06,0.0015
5.0,1.43961e-06,0.0016
20.0,1.01817e-07,0.0056
