Energy,Value,Error
0.01,0.0,0.0
0.1,8.39774e-11,0.1216
1.0,6.71859e-08,0.0055
5.0,6.92167e-08,0.005
20.0,7.15388e-09,0.0149
