Energy,Value,Error
1e-06,5.1139e-09,0.0759
0.1,1.80323e-05,0.0012
1.0,2.60703e-05,0.0009
10.0,1.61099e-05,0.0012
20.0,1.24501e-07,0.011
