Energy,Value,Error
0.01,0.0,0.0
0.1,2.55691e-11,0.2156
1.0,4.92339e-08,0.0065
5.0,4.44077e-08,0.0059
20.0,1.9971e-09,0.0281
