Energy,Value,Error
1e-06,3.07596e-12,0.5078
0.1,9.56499e-06,0.0002
1.0,1.53101e-05,0.0002
10.0,9.15952e-06,0.0002
20.0,5.41667e-06,0.0003
