Cells,Dir,Segments,Multiplier,Value,Error
2,0,1,0,-14.533786599848353,0.0001414213562373095
