Energy,Value,Error
1e-06,8.27208e-13,0.5094
0.1,6.2136e-06,0.0003
1.0,7.79875e-06,0.0003
10.0,3.40983e-07,0.0017
20.0,1.05378e-07,0.0023
