Energy,Value,Error
0.01,2.75377e-10,0.0967
0.1,7.35349e-08,0.0081
1.0,2.36378e-06,0.0018
5.0,4.08439e-06,0.0011
20.0,4.01399e-08,0.0096
