Energy,Value,Error
1e-06,0.0,0.0
0.1,6.49664e-06,0.0003
1.0,9.62777e-07,0.0016
10.0,1.80034e-07,0.0033
20.0,3.71057e-08,0.0059
