Energy,Value,Error
0.01,1.21003e-10,0.0992
0.1,1.34295e-08,0.0205
1.0,1.26819e-06,0.0012
5.0,1.7235e-06,0.0009
20.0,4.47211e-08,0.0051
