Energy,Value,Error
1e-06,2.08105e-13,0.3784
0.1,7.97804e-06,0.0001
1.0,7.97426e-06,0.0001
10.0,7.9752e-06,0.0001
20.0,7.94525e-06,0.0001
