Energy,Value,Error
1e-06,3.19881e-10,0.0208
0.1,1.35605e-05,0.0001
1.0,2.29046e-05,0.0001
10.0,9.62958e-07,0.0005
20.0,1.82026e-07,0.0008
