Energy,Value,Error
0.01,1.07528e-12,0.5909
0.1,1.04747e-09,0.0393
1.0,8.86043e-07,0.001
5.0,1.06032e-06,0.0008
20.0,7.29515e-08,0.0031
