Energy,Value,Error
1e-06,0.0,0.0
0.1,4.64184e-08,0.0037
1.0,4.50245e-08,0.0057
10.0,2.98797e-08,0.0061
20.0,1.00412e-08,0.0078
