Energy,Value,Error
1e-06,0.0,0.0
0.1,1.31356e-06,0.0007
1.0,2.33056e-06,0.0007
10.0,1.13463e-06,0.001
20.0,2.68219e-07,0.0015
