Energy,Value,Error
0.01,1.71353e-11,0.1454
0.1,3.80169e-07,0.0007
1.0,1.33341e-05,0.0001
5.0,1.5438e-05,0.0001
20.0,2.54963e-07,0.0005
