Energy,Value,Error
1e-06,6.35804e-10,0.0469
0.1,1.25117e-05,0.0003
1.0,2.18281e-05,0.0002
10.0,5.63972e-06,0.0005
20.0,1.07254e-06,0.0008
