Energy,Value,Error
1e-06,0.0,0.0
0.1,2.05283e-07,0.002
1.0,1.37588e-06,0.0009
10.0,5.05016e-07,0.0016
20.0,1.58139e-07,0.0023
