Energy,Value,Error
0.01,2.70735e-11,0.1466
0.1,8.77497e-09,0.0146
1.0,1.08861e-06,0.001
5.0,1.33383e-06,0.0008
20.0,1.3544e-08,0.0092
