Energy,Value,Error
1e-06,4.32256e-12,0.1849
0.1,4.99585e-06,0.0002
1.0,1.21177e-05,0.0002
10.0,5.69466e-07,0.0009
20.0,1.94026e-07,0.0015
