Energy,Value,Error
0.01,4.76771e-13,1.0
0.1,8.54335e-11,0.2328
1.0,2.66458e-09,0.025
5.0,5.2685e-09,0.0166
20.0,1.87378e-10,0.1254
