Energy,Value,Error
1e-06,0.0,0.0
0.1,8.68777e-06,0.0002
1.0,3.82125e-06,0.0005
10.0,1.23964e-07,0.0032
20.0,3.23984e-08,0.0048
