Energy,Value,Error
0.01,6.04028e-12,0.5399
0.1,2.46466e-08,0.015
1.0,6.90091e-06,0.0008
5.0,9.97952e-06,0.0006
20.0,1.08603e-07,0.0053
