Energy,Value,Error
1e-06,0.0,0.0
0.1,6.50248e-06,0.0002
1.0,1.65322e-06,0.0005
10.0,1.98495e-09,0.025
20.0,8.96251e-10,0.0317
