Energy,Value,Error
1e-06,4.3909e-10,0.0275
0.1,1.76163e-05,0.0001
1.0,7.7912e-07,0.001
10.0,1.80036e-08,0.0073
20.0,6.12187e-09,0.0089
