Energy,Value,Error
1e-06,0.0,0.0
0.1,3.54161e-09,0.0162
1.0,1.75285e-08,0.0065
10.0,2.13101e-09,0.0199
20.0,1.33074e-09,0.023
