Energy,Value,Error
1e-06,0.0,0.0
0.1,7.05318e-09,0.0122
1.0,2.52048e-08,0.0077
10.0,4.41268e-09,0.0195
20.0,7.69351e-10,0.037
