Energy,Value,Error
1e-06,2.56103e-12,0.1379
0.1,8.13539e-06,0.0001
1.0,8.01047e-06,0.0001
10.0,7.95797e-06,0.0001
20.0,7.9458e-06,0.0001
