Energy,Value,Error
1e-06,5.02412e-14,1.0
0.1,7.97272e-06,0.0001
1.0,7.98723e-06,0.0001
10.0,7.98338e-06,0.0001
20.0,7.93883e-06,0.0001
