Energy,Value,Error
0.01,3.14341e-11,0.2842
0.1,4.46381e-09,0.03
1.0,2.85444e-07,0.0033
5.0,4.7059e-07,0.0023
20.0,1.19415e-08,0.0129
