Energy,Value,Error
1e-06,0.0,0.0
0.1,3.34393e-06,0.0007
1.0,3.40381e-05,0.0003
10.0,1.30335e-05,0.0004
20.0,1.21301e-07,0.0034
