Energy,Value,Error
1e-06,0.0,0.0
0.1,3.05923e-07,0.0021
1.0,1.03214e-06,0.0018
10.0,2.7395e-07,0.0033
20.0,4.84145e-09,0.0142
