Energy,Value,Error
1e-06,0.0,0.0
0.1,8.8225e-06,0.0003
1.0,4.02786e-05,0.0004
10.0,7.57949e-05,0.0004
20.0,6.17702e-06,0.0003
