Energy,Value,Error
0.01,3.14732e-12,0.5292
0.1,1.37435e-06,0.0005
1.0,7.93032e-06,0.0002
5.0,5.6706e-06,0.0002
20.0,6.01772e-07,0.0006
