Energy,Value,Error
1e-06,0.0,0.0
0.1,6.43779e-06,0.0001
1.0,3.9056e-05,0.0001
10.0,6.4593e-05,0.0001
20.0,5.89387e-06,0.0001
