Energy,Value,Error
1e-06,0.0,0.0
0.1,1.21017e-05,0.0006
1.0,0.000158669,0.0008
10.0,0.000355853,0.0008
20.0,8.79001e-06,0.0005
