Energy,Value,Error
1e-06,0.0,0.0
0.1,5.55113e-07,0.0011
1.0,1.10199e-07,0.0034
10.0,1.57731e-08,0.0091
20.0,5.87933e-09,0.0104
