Energy,Value,Error
1e-06,0.0,0.0
0.1,5.59348e-06,0.0002
1.0,1.82891e-05,0.0001
10.0,8.746e-07,0.0008
20.0,1.00189e-07,0.0022
