Energy,Value,Error
0.01,5.48746e-10,0.1421
0.1,2.00346e-07,0.0073
1.0,1.35698e-05,0.0007
5.0,1.61218e-05,0.0006
20.0,1.87493e-07,0.0044
