Energy,Value,Error
0.01,1.13356e-10,0.1452
0.1,5.61763e-09,0.0225
1.0,1.43374e-06,0.0013
5.0,1.16786e-06,0.0013
20.0,2.12991e-07,0.003
