Energy,Value,Error
1e-06,4.10474e-10,0.0245
0.1,1.53399e-05,0.0001
1.0,3.36146e-05,0.0001
10.0,5.62903e-06,0.0002
20.0,1.08627e-06,0.0003
