Energy,Value,Error
0.01,0.0,0.0
0.1,3.5837e-09,0.0485
1.0,2.17179e-07,0.0041
5.0,2.1532e-07,0.0064
20.0,7.17005e-09,0.0233
