Energy,Value,Error
1e-06,0.0,0.0
0.1,6.19817e-07,0.0013
1.0,2.49861e-07,0.003
10.0,2.16272e-08,0.0094
20.0,1.93615e-09,0.0259
