Energy,Value,Error
1e-06,0.0,0.0
0.1,8.50009e-07,0.0006
1.0,8.90252e-06,0.0002
10.0,7.95502e-07,0.0008
20.0,1.8263e-07,0.0014
