Energy,Value,Error
1e-06,0.0,0.0
0.1,8.58293e-06,0.0003
1.0,1.69394e-05,0.0002
10.0,1.28749e-05,0.0003
20.0,5.78693e-06,0.0003
