Energy,Value,Error
0.01,7.05916e-11,0.2802
0.1,1.73019e-08,0.0103
1.0,1.83972e-06,0.0008
5.0,2.50025e-06,0.0006
20.0,2.60838e-08,0.0058
