Energy,Value,Error
0.01,0.0,0.0
0.1,1.08975e-08,0.0026
1.0,2.41337e-08,0.0017
5.0,5.43331e-08,0.0009
20.0,7.83166e-10,0.0075
