Energy,Value,Error
1e-06,5.58472e-07,0.0089
0.1,2.15108e-07,0.0176
1.0,1.94811e-07,0.0265
10.0,8.8519e-07,0.0069
20.0,3.00599e-07,0.0096
