Energy,Value,Error
0.01,8.70228e-13,0.1991
0.1,1.09001e-07,0.0008
1.0,3.31514e-06,0.0001
5.0,4.51257e-06,0.0001
20.0,3.39849e-08,0.0008
