Energy,Value,Error
0.01,1.40398e-11,0.3
0.1,1.48097e-08,0.0067
1.0,9.14874e-07,0.0008
5.0,7.57975e-07,0.0007
20.0,5.46128e-08,0.0025
