Energy,Value,Error
0.01,3.2953e-11,0.1708
0.1,1.46225e-08,0.013
1.0,7.36532e-07,0.0019
5.0,1.0883e-06,0.0017
20.0,5.97938e-09,0.0153
