Energy,Value,Error
0.01,3.03985e-14,1.0
0.1,3.84052e-10,0.0118
1.0,3.54458e-09,0.0035
5.0,6.56064e-09,0.0026
20.0,2.03418e-10,0.0147
