Energy,Value,Error
1e-06,0.0,0.0
0.1,8.32008e-06,0.0003
1.0,3.24118e-05,0.0003
10.0,4.06171e-05,0.0003
20.0,6.02999e-06,0.0003
