Cells,Segments,Value,Error
2,1,-329.9745835696431,0.03500900006159062
