Energy,Value,Error
1e-06,3.33797e-11,0.2064
0.1,1.19012e-05,0.0004
1.0,1.94094e-05,0.0003
10.0,7.38802e-06,0.0005
20.0,3.23823e-06,0.0006
