Energy,Value,Error
1e-06,1.04096e-11,0.2
0.1,1.1368e-05,0.0001
1.0,2.81809e-05,0.0001
10.0,7.14591e-06,0.0002
20.0,4.60356e-07,0.0006
