Energy,Value,Error
0.01,2.46873e-11,0.2142
0.1,4.43737e-09,0.0208
1.0,4.76425e-07,0.0017
5.0,7.49521e-07,0.0012
20.0,1.65703e-08,0.0081
