Energy,Value,Error
1e-06,2.658e-06,0.006
0.1,2.49742e-05,0.0015
1.0,4.52277e-06,0.0041
10.0,8.01872e-06,0.0026
20.0,4.33844e-06,0.003
