Energy,Value,Error
0.01,4.55057e-12,0.7076
0.1,1.52974e-08,0.0227
1.0,1.1333e-05,0.0007
5.0,8.04353e-06,0.0007
20.0,8.60501e-07,0.0021
