Energy,Value,Error
1e-06,8.45144e-11,0.0602
0.1,1.12037e-05,0.0002
1.0,3.01998e-05,0.0001
10.0,1.96599e-06,0.0005
20.0,2.07416e-07,0.0012
