Energy,Value,Error
0.01,0.0,0.0
0.02,0.0,0.0
0.05,0.0,0.0
0.1,6.5914e-10,0.4535
0.2,1.53296e-09,0.6849
0.3,1.69822e-09,0.172
0.4,4.84045e-09,0.3191
0.6,3.13738e-08,0.2242
0.8,2.58906e-08,0.2559
1.0,1.53814e-08,0.1412
1.22,2.61455e-08,0.145
1.44,2.1274e-08,0.2275
1.66,2.34826e-08,0.2384
2.0,1.84716e-08,0.1621
2.5,2.55982e-08,0.1569
3.0,1.49098e-08,0.1958
4.0,1.21246e-08,0.2304
5.0,4.60466e-09,0.3327
6.5,2.67771e-11,1.0
8.0,0.0,0.0
10.0,0.0,0.0
12.0,0.0,0.0
14.0,0.0,0.0
20.0,0.0,0.0
