Energy,Value,Error
1e-06,0.0,0.0
0.1,5.11656e-08,0.0035
1.0,1.10528e-07,0.0028
10.0,1.5271e-08,0.0078
20.0,1.77942e-09,0.0225
