Energy,Value,Error
1e-06,2.56672e-07,0.0201
0.1,1.18186e-07,0.0548
1.0,9.2973e-08,0.0501
10.0,4.89643e-07,0.0151
20.0,1.67619e-07,0.0218
