Cells,Dir,Segments,Multiplier,Value,Error
2,0,1,0,-263.40395946054355,0.0003162277660168379
