Energy,Value,Error
1e-06,0.0,0.0
0.1,8.11331e-06,0.0002
1.0,1.96939e-05,0.0002
10.0,2.05895e-05,0.0003
20.0,5.94201e-06,0.0002
