Energy,Value,Error
0.01,1.54484e-11,0.2947
0.1,1.85829e-08,0.0085
1.0,6.41064e-07,0.0015
5.0,3.73144e-07,0.0018
20.0,7.82475e-08,0.0044
