Energy,Value,Error
0.01,2.245e-11,0.7571
0.1,2.90838e-09,0.0245
1.0,1.21904e-06,0.0009
5.0,1.35757e-06,0.0008
20.0,2.41402e-08,0.0065
