Energy,Value,Error
1e-06,1.15382e-10,0.0498
0.1,1.28961e-05,0.0001
1.0,1.99555e-05,0.0001
10.0,2.1655e-07,0.0014
20.0,4.4905e-08,0.0021
