Energy,Value,Error
0.01,0.0,0.0
0.1,3.5263e-10,0.0988
1.0,2.70581e-07,0.003
5.0,2.77693e-07,0.0025
20.0,8.11208e-09,0.0162
