Energy,Value,Error
1e-06,4.5171e-13,0.7237
0.1,9.31799e-06,0.0002
1.0,1.4677e-05,0.0002
10.0,9.86347e-06,0.0002
20.0,5.37683e-06,0.0003
