Energy,Value,Error
1e-06,0.0,0.0
0.1,7.07908e-06,0.0002
1.0,1.87211e-06,0.0003
10.0,1.67014e-06,0.0004
20.0,6.25986e-07,0.0006
