Energy,Value,Error
0.01,1.25452e-11,0.335
0.1,2.63883e-09,0.078
1.0,5.82145e-07,0.0074
5.0,6.58083e-07,0.0071
20.0,4.67802e-08,0.0206
