Energy,Value,Error
0.01,6.41736e-11,0.1662
0.1,1.35691e-08,0.0164
1.0,6.73775e-07,0.002
5.0,1.34447e-06,0.0013
20.0,4.46214e-08,0.0064
