Energy,Value,Error
0.01,0.0,0.0
0.1,4.34712e-08,0.0153
1.0,2.14898e-05,0.0006
5.0,2.64069e-05,0.0005
20.0,3.88364e-07,0.0032
