Energy,Value,Error
0.01,0.0,0.0
0.1,9.02178e-09,0.0147
1.0,2.57672e-07,0.0032
5.0,5.2565e-07,0.0021
20.0,3.51295e-09,0.0321
