Energy,Value,Error
0.01,0.0,0.0
0.02,0.0,0.0
0.05,0.0,0.0
0.1,1.52761e-10,0.1547
0.2,5.45898e-11,0.152
0.3,3.6016e-10,0.1143
0.4,7.72915e-10,0.0603
0.6,2.57948e-09,0.0266
0.8,1.31405e-09,0.0353
1.0,1.41197e-09,0.043
1.22,1.55196e-09,0.0317
1.44,1.60406e-09,0.0325
1.66,1.5987e-09,0.0341
2.0,2.22776e-09,0.031
2.5,2.62884e-09,0.0278
3.0,1.90502e-09,0.0296
4.0,2.41312e-09,0.0504
5.0,1.05321e-09,0.0418
6.5,5.80567e-10,0.0586
8.0,9.48866e-11,0.1241
10.0,0.0,0.0
12.0,0.0,0.0
14.0,0.0,0.0
20.0,0.0,0.0
