Energy,Value,Error
0.01,1.98701e-12,1.0
0.1,1.50735e-09,0.1002
1.0,1.94549e-06,0.0011
5.0,1.69736e-06,0.001
20.0,4.23028e-08,0.0065
