Energy,Value,Error
0.01,3.12346e-11,0.2017
0.1,4.35479e-09,0.0234
1.0,6.65965e-07,0.0016
5.0,4.3749e-07,0.0017
20.0,8.42241e-08,0.004
