Energy,Value,Error
1e-06,3.01252e-12,0.1601
0.1,1.12188e-05,0.0001
1.0,3.10432e-05,0.0001
10.0,7.84348e-06,0.0001
20.0,1.885e-06,0.0002
