Energy,Value,Error
0.01,4.94794e-12,0.3219
0.1,6.93996e-09,0.0229
1.0,1.06281e-06,0.0011
5.0,1.3994e-06,0.0008
20.0,1.49333e-07,0.0026
