Energy,Value,Error
0.01,1.5015e-12,0.6417
0.1,6.92382e-10,0.0353
1.0,6.97435e-07,0.0012
5.0,8.43653e-07,0.0008
20.0,6.55127e-08,0.003
