Energy,Value,Error
0.01,2.9942e-11,0.1588
0.1,9.96929e-09,0.0129
1.0,1.18336e-06,0.0008
5.0,1.87219e-06,0.0006
20.0,4.78989e-08,0.0036
