Energy,Value,Error
0.01,4.82349e-12,0.3461
0.1,2.07253e-09,0.0175
1.0,2.19184e-07,0.0017
5.0,1.53054e-07,0.0017
20.0,3.50526e-08,0.0034
