Energy,Value,Error
1e-06,0.0,0.0
0.1,3.9524e-06,0.0004
1.0,7.43979e-06,0.0004
10.0,8.94642e-07,0.0013
20.0,1.03277e-07,0.003
