Energy,Value,Error
1e-06,5.67395e-13,1.0
0.1,1.22591e-05,0.0002
1.0,1.74164e-06,0.0008
10.0,1.31081e-08,0.0131
20.0,1.22976e-09,0.0319
