Energy,Value,Error
0.01,9.26139e-12,0.4363
0.1,2.55345e-09,0.0475
1.0,3.4833e-07,0.0036
5.0,6.59337e-07,0.0024
20.0,3.73328e-08,0.0093
