Energy,Value,Error
1e-06,1.50657e-12,0.2629
0.1,7.12998e-06,0.0002
1.0,2.07995e-05,0.0001
10.0,1.363e-06,0.0005
20.0,2.62017e-07,0.0009
