Energy,Value,Error
0.01,0.0,0.0
0.1,1.67862e-10,0.1018
1.0,7.36246e-08,0.0056
5.0,7.31057e-08,0.0047
20.0,4.85797e-09,0.0228
