Energy,Value,Error
0.01,6.99613e-13,1.0
0.1,6.54046e-11,0.2942
1.0,3.71682e-09,0.0382
5.0,6.33201e-09,0.026
20.0,1.09208e-10,0.1931
