Energy,Value,Error
1e-06,1.84792e-11,0.1858
0.1,1.25393e-05,0.0002
1.0,2.76529e-05,0.0002
10.0,1.03699e-05,0.0003
20.0,1.99816e-06,0.0005
