Energy,Value,Error
1e-06,0.0,0.0
0.1,1.11184e-06,0.0006
1.0,6.78948e-06,0.0002
10.0,1.34485e-06,0.0007
20.0,4.89257e-07,0.0009
