Energy,Value,Error
1e-06,0.0,0.0
0.1,2.62546e-07,0.0016
1.0,1.55263e-07,0.0026
10.0,1.75138e-08,0.0084
20.0,6.94839e-09,0.0101
