Energy,Value,Error
1e-06,0.0,0.0
0.1,2.10258e-08,0.0059
1.0,4.27675e-08,0.0057
10.0,2.36742e-08,0.0071
20.0,9.08515e-09,0.0088
