Energy,Value,Error
0.01,1.56396e-11,0.291
0.1,5.09275e-09,0.0291
1.0,3.27414e-07,0.0026
5.0,6.09609e-07,0.0019
20.0,1.87267e-08,0.0091
