Energy,Value,Error
1e-06,1.71051e-13,0.4481
0.1,7.9976e-06,0.0001
1.0,7.9798e-06,0.0001
10.0,7.97678e-06,0.0001
20.0,7.94419e-06,0.0001
