Energy,Value,Error
1e-06,2.47997e-10,0.093
0.1,1.66459e-05,0.0004
1.0,1.47045e-05,0.0004
10.0,9.30991e-06,0.0005
20.0,2.54797e-06,0.0008
