Energy,Value,Error
0.01,9.8295e-12,0.1518
0.1,3.08156e-07,0.0009
1.0,8.74226e-06,0.0001
5.0,1.19095e-05,0.0001
20.0,1.16923e-07,0.001
