Energy,Value,Error
0.01,9.08353e-12,0.2701
0.1,6.20839e-09,0.0202
1.0,8.51351e-07,0.0013
5.0,1.32299e-06,0.0009
20.0,7.98319e-08,0.004
