Energy,Value,Error
1e-06,0.0,0.0
0.1,1.63173e-06,0.0005
1.0,8.69582e-06,0.0002
10.0,8.51439e-07,0.001
20.0,3.25562e-07,0.0012
