Cells,Dir,Segments,Multiplier,Value,Error
2,0,1,0,-3.444823512106704,0.0003162277660168379
