Energy,Value,Error
1e-06,0.0,0.0
0.1,7.9744e-06,0.0001
1.0,7.98367e-06,0.0001
10.0,7.96325e-06,0.0001
20.0,7.94774e-06,0.0001
