Energy,Value,Error
0.01,3.42107e-11,0.2862
0.1,1.66968e-07,0.0043
1.0,6.17048e-06,0.0007
5.0,4.4507e-06,0.0007
20.0,5.01667e-07,0.0018
