Energy,Value,Error
0.01,0.0,0.0
0.1,8.69711e-13,0.3326
1.0,2.30975e-10,0.0151
5.0,1.16648e-09,0.0065
20.0,3.13764e-11,0.0365
