Energy,Value,Error
0.01,0.0,0.0
0.1,3.31129e-09,0.0361
1.0,1.76676e-07,0.0049
5.0,3.43752e-07,0.0038
20.0,8.11217e-09,0.0246
