Energy,Value,Error
1e-06,1.01565e-09,0.0241
0.1,8.40117e-06,0.0002
1.0,5.13661e-06,0.0004
10.0,2.44219e-08,0.0064
20.0,7.09112e-09,0.008
