Energy,Value,Error
1e-06,0.0,0.0
0.1,1.34299e-07,0.003
1.0,1.59049e-06,0.001
10.0,4.5954e-07,0.0021
20.0,1.94494e-07,0.0024
