Energy,Value,Error
1e-06,2.71313e-13,1.0
0.1,3.0822e-07,0.0013
1.0,1.16511e-06,0.0008
10.0,2.15244e-07,0.002
20.0,7.54326e-08,0.0024
