Energy,Value,Error
0.01,0.0,0.0
0.02,0.0,0.0
0.05,0.0,0.0
0.1,1.04695e-07,0.8487
0.2,1.20833e-06,0.1938
0.3,4.53539e-07,0.3285
0.4,1.23978e-06,0.1951
0.6,6.34461e-06,0.1117
0.8,6.22721e-06,0.1039
1.0,5.12158e-06,0.1003
1.22,5.47486e-06,0.1209
1.44,5.05249e-06,0.1084
1.66,3.51477e-06,0.1312
2.0,4.08558e-06,0.119
2.5,3.96476e-06,0.1131
3.0,2.41675e-06,0.1546
4.0,1.73353e-06,0.1589
5.0,3.69578e-07,0.3315
6.5,1.3948e-07,0.4435
8.0,0.0,0.0
10.0,0.0,0.0
12.0,0.0,0.0
14.0,0.0,0.0
20.0,0.0,0.0
