Energy,Value,Error
0.01,0.0,0.0
0.02,0.0,0.0
0.05,0.0,0.0
0.1,0.0,0.0
0.2,0.0,0.0
0.3,0.0,0.0
0.4,0.0,0.0
0.6,2.7531100000000006e-10,1.0
0.8,0.0,0.0
1.0,0.0,0.0
1.22,2.039718181818182e-10,1.0
1.44,0.0,0.0
1.66,0.0,0.0
2.0,0.0,0.0
2.5,0.0,0.0
3.0,0.0,0.0
4.0,0.0,0.0
5.0,0.0,0.0
6.5,3.5795666666666663e-10,0.3186
8.0,0.0,0.0
10.0,2.26868e-11,1.0
12.0,0.0,0.0
14.0,0.0,0.0
20.0,7.382616666666666e-12,1.0
