Energy,Value,Error
0.01,2.34638e-11,0.2446
0.1,4.67901e-09,0.0133
1.0,3.28615e-07,0.0016
5.0,6.25427e-07,0.001
20.0,1.37302e-08,0.0072
