Energy,Value,Error
0.01,2.52565e-12,0.4257
0.1,5.73262e-10,0.0222
1.0,2.62135e-07,0.0009
5.0,4.13968e-07,0.0007
20.0,2.05664e-08,0.0031
