Energy,Value,Error
0.01,2.70202e-13,1.0
0.1,2.57085e-09,0.0323
1.0,3.84799e-06,0.0007
5.0,3.39818e-06,0.0007
20.0,3.27461e-07,0.002
