Energy,Value,Error
1e-06,5.61268e-09,0.0069
0.1,1.07245e-05,0.0002
1.0,2.63893e-05,0.0001
10.0,5.78649e-07,0.0009
20.0,2.09663e-08,0.0034
