Energy,Value,Error
1e-06,0.0,0.0
0.1,9.54399e-06,0.0004
1.0,0.000107937,0.0005
10.0,0.000218978,0.0005
20.0,7.27504e-06,0.0003
