Energy,Value,Error
0.01,5.28998e-12,0.4114
0.1,1.06867e-06,0.0007
1.0,5.99347e-06,0.0003
5.0,3.76386e-06,0.0003
20.0,6.09473e-07,0.0007
