Energy,Value,Error
0.01,5.30197e-11,0.1494
0.1,9.74249e-09,0.0142
1.0,1.20287e-06,0.0011
5.0,1.61159e-06,0.0009
20.0,3.31392e-08,0.0057
