Energy,Value,Error
0.01,1.5531e-11,0.3975
0.1,2.92974e-09,0.0457
1.0,3.01639e-07,0.0034
5.0,5.88282e-07,0.0021
20.0,2.65097e-08,0.0095
