Energy,Value,Error
1e-06,3.75337e-13,0.5133
0.1,1.325e-05,0.0002
1.0,3.47079e-05,0.0001
10.0,2.58005e-06,0.0004
20.0,3.57734e-07,0.0009
