Energy,Value,Error
0.01,0.0,0.0
0.1,2.10138e-09,0.0309
1.0,3.62028e-06,0.0007
5.0,3.58517e-06,0.0006
20.0,1.2882e-07,0.0033
