Energy,Value,Error
0.01,1.26241e-12,1.0
0.1,2.34342e-08,0.0176
1.0,8.71391e-06,0.0007
5.0,1.14743e-05,0.0005
20.0,1.47809e-07,0.0044
