Energy,Value,Error
0.01,5.67139e-12,0.321
0.1,3.15374e-07,0.0012
1.0,4.62124e-06,0.0003
5.0,3.07925e-06,0.0003
20.0,2.68354e-07,0.0009
