Energy,Value,Error
1e-06,0.0,0.0
0.1,2.94251e-07,0.0012
1.0,3.46555e-06,0.0004
10.0,8.1947e-07,0.001
20.0,2.17789e-07,0.0015
