Energy,Value,Error
0.01,0.0,0.0
0.1,1.19367e-09,0.0669
1.0,1.61369e-06,0.0011
5.0,1.97591e-06,0.0008
20.0,1.72855e-07,0.0027
