Cells,Dir,Segments,Multiplier,Value,Error
2,0,1,0,-0.1517525343104023,0.001104536101718726
