Energy,Value,Error
1e-06,0.0,0.0
0.1,8.94658e-06,0.0001
1.0,2.38093e-05,0.0001
10.0,5.31373e-06,0.0002
20.0,1.00157e-06,0.0004
