Energy,Value,Error
1e-06,0.0,0.0
0.1,2.33661e-05,0.0001
1.0,1.27719e-05,0.0003
10.0,7.74022e-07,0.001
20.0,2.30186e-07,0.0015
