Energy,Value,Error
0.01,1.53103e-11,0.3025
0.1,2.20342e-09,0.0184
1.0,3.44119e-07,0.0015
5.0,6.19627e-07,0.001
20.0,7.23544e-09,0.0091
