Energy,Value,Error
1e-06,0.0,0.0
0.1,7.01257e-08,0.0033
1.0,1.37015e-07,0.0029
10.0,2.53005e-08,0.007
20.0,1.12421e-08,0.008
