Energy,Value,Error
0.01,1.7224e-11,0.3603
0.1,3.22825e-07,0.0042
1.0,1.0255e-05,0.0007
5.0,8.21578e-06,0.0007
20.0,4.20023e-07,0.0028
