Energy,Value,Error
1e-06,0.0,0.0
0.1,1.24632e-05,0.0003
1.0,2.42021e-05,0.0002
10.0,8.67108e-06,0.0004
20.0,1.94566e-06,0.0006
