Energy,Value,Error
1e-06,0.0,0.0
0.1,1.81175e-07,0.0019
1.0,1.2996e-06,0.0009
10.0,8.60027e-07,0.001
20.0,3.18734e-07,0.0013
