Energy,Value,Error
0.01,1.64667e-11,0.1654
0.1,4.00704e-09,0.0187
1.0,5.5084e-07,0.0012
5.0,8.75597e-07,0.0009
20.0,2.96285e-08,0.0043
