Energy,Value,Error
1e-06,2.69497e-09,0.0955
0.1,1.83664e-05,0.0012
1.0,3.50272e-05,0.0008
10.0,2.42867e-06,0.0033
20.0,1.27983e-07,0.0115
