Energy,Value,Error
0.01,0.0,0.0
0.1,3.05848e-06,0.0013
1.0,1.39939e-05,0.0006
5.0,5.8833e-06,0.0008
20.0,1.21607e-06,0.0017
