Energy,Value,Error
1e-06,1.28577e-09,0.0374
0.1,3.5257e-05,0.0001
1.0,1.7538e-05,0.0002
10.0,3.11146e-06,0.0006
20.0,2.38711e-07,0.0015
