Energy,Value,Error
1e-06,0.0,0.0
0.1,6.50406e-08,0.0026
1.0,9.13466e-07,0.0008
10.0,7.29503e-07,0.0009
20.0,3.07253e-07,0.0011
