Energy,Value,Error
1e-06,2.47029e-10,0.0734
0.1,5.70223e-06,0.0003
1.0,2.26128e-06,0.0007
10.0,2.38285e-08,0.0091
20.0,1.88646e-09,0.0271
