Energy,Value,Error
0.01,5.83989e-13,1.0
0.1,2.95283e-10,0.0796
1.0,2.56392e-08,0.0098
5.0,5.26958e-08,0.0064
20.0,8.02191e-10,0.0478
