Energy,Value,Error
1e-06,1.20828e-12,0.6266
0.1,4.95574e-06,0.0003
1.0,8.56249e-06,0.0003
10.0,1.41835e-06,0.0008
20.0,3.43412e-07,0.0013
