Energy,Value,Error
1e-06,0.0,0.0
0.1,9.16373e-06,0.0001
1.0,2.05768e-05,0.0001
10.0,1.04419e-06,0.0007
20.0,3.25964e-07,0.0009
