Energy,Value,Error
1e-06,0.0,0.0
0.1,8.63194e-06,0.0004
1.0,6.01821e-05,0.0004
10.0,0.000104326,0.0005
20.0,6.18994e-06,0.0003
