Energy,Value,Error
1e-06,1.76505e-12,0.3406
0.1,2.37837e-05,0.0001
1.0,1.65968e-05,0.0002
10.0,2.89485e-06,0.0005
20.0,6.94831e-07,0.0008
