Energy,Value,Error
0.01,5.40991e-12,0.599
0.1,4.54394e-08,0.0111
1.0,1.25017e-05,0.0007
5.0,1.68893e-05,0.0005
20.0,2.5438e-07,0.0035
