Energy,Value,Error
1e-06,0.0,0.0
0.1,9.90401e-06,0.0005
1.0,0.000125655,0.0006
10.0,0.000276294,0.0006
20.0,7.82829e-06,0.0004
