Energy,Value,Error
1e-06,8.49289e-13,0.7263
0.1,6.68794e-06,0.0004
1.0,1.26859e-05,0.0003
10.0,3.79775e-06,0.0007
20.0,1.22991e-06,0.0009
