Energy,Value,Error
1e-06,6.51461e-11,0.1153
0.1,9.44128e-06,0.0003
1.0,1.15016e-05,0.0002
10.0,7.21142e-06,0.0003
20.0,2.00655e-06,0.0005
