Energy,Value,Error
0.01,0.0,0.0
0.1,2.44715e-08,0.0131
1.0,6.31557e-06,0.0008
5.0,9.54476e-06,0.0005
20.0,1.02243e-07,0.0052
