Energy,Value,Error
0.01,0.0,0.0
0.1,1.43047e-08,0.0128
1.0,2.62274e-06,0.0008
5.0,3.81242e-06,0.0006
20.0,3.71596e-08,0.0055
