Energy,Value,Error
0.01,4.93954e-12,0.4334
0.1,1.50181e-09,0.3788
1.0,2.55255e-07,0.0375
5.0,4.97446e-08,0.0158
20.0,1.02809e-08,0.0471
