Energy,Value,Error
0.01,1.32225e-11,0.4012
0.1,2.44536e-09,0.043
1.0,2.63918e-07,0.0039
5.0,5.35161e-07,0.0025
20.0,2.66869e-08,0.0102
