Energy,Value,Error
1e-06,0.0,0.0
0.1,7.45341e-06,0.0002
1.0,9.06529e-06,0.0002
10.0,9.13349e-08,0.0024
20.0,2.11642e-08,0.0041
