Energy,Value,Error
0.01,7.55519e-12,0.3305
0.1,2.36396e-09,0.025
1.0,1.46028e-06,0.0008
5.0,9.82784e-07,0.0009
20.0,4.56747e-08,0.0042
