Energy,Value,Error
1e-06,0.0,0.0
0.1,1.57074e-06,0.0008
1.0,1.42408e-05,0.0003
10.0,5.21752e-06,0.0005
20.0,1.15054e-07,0.0031
