Energy,Value,Error
1e-06,0.0,0.0
0.1,7.05256e-06,0.0001
1.0,4.33789e-05,0.0001
10.0,8.55175e-05,0.0001
20.0,6.1017e-06,0.0001
