Energy,Value,Error
1e-06,0.0,0.0
0.1,1.28419e-07,0.0021
1.0,2.03284e-06,0.0005
10.0,6.52901e-07,0.0011
20.0,2.76879e-07,0.0014
