Energy,Value,Error
1e-06,1.97762e-11,0.0674
0.1,1.24048e-05,0.0001
1.0,1.28329e-05,0.0001
10.0,5.53135e-06,0.0001
20.0,7.71056e-07,0.0003
