Energy,Value,Error
1e-06,1.35741e-10,0.0949
0.1,1.32935e-05,0.0004
1.0,1.84741e-05,0.0004
10.0,7.14794e-07,0.0018
20.0,5.82565e-08,0.0049
