Energy,Value,Error
1e-06,1.54674e-09,0.0348
0.1,1.79155e-05,0.0003
1.0,1.70992e-05,0.0003
10.0,7.56476e-06,0.0005
20.0,1.84285e-06,0.0008
