Energy,Value,Error
1e-06,0.0,0.0
0.1,1.29981e-06,0.0005
1.0,9.94834e-06,0.0002
10.0,1.47605e-06,0.0006
20.0,3.09732e-07,0.0012
