Energy,Value,Error
1e-06,2.03267e-12,0.4585
0.1,1.85511e-05,0.0001
1.0,3.86266e-06,0.0005
10.0,1.12153e-07,0.003
20.0,2.679e-08,0.0045
