Energy,Value,Error
1e-06,0.0,0.0
0.1,7.97143e-06,0.0001
1.0,7.99403e-06,0.0001
10.0,7.979e-06,0.0001
20.0,7.94104e-06,0.0001
