Energy,Value,Error
0.01,3.8288e-11,0.2297
0.1,4.79366e-09,0.0242
1.0,2.95578e-07,0.0032
5.0,4.26628e-07,0.0023
20.0,3.78e-09,0.0202
