Energy,Value,Error
1e-06,1.5652e-10,0.0556
0.1,1.00003e-05,0.0002
1.0,2.22734e-05,0.0001
10.0,1.81115e-06,0.0005
20.0,1.81968e-07,0.0014
