Energy,Value,Error
1e-06,0.0,0.0
0.1,7.23865e-06,0.0004
1.0,2.81551e-05,0.0003
10.0,4.20045e-05,0.0004
20.0,6.0229e-06,0.0003
