Energy,Value,Error
0.01,2.05226e-11,0.2467
0.1,4.47402e-09,0.0228
1.0,2.39261e-07,0.0031
5.0,4.05007e-07,0.0021
20.0,8.94376e-09,0.0121
