Energy,Value,Error
0.01,7.39335e-13,1.0
0.1,9.19889e-10,0.0715
1.0,1.37662e-06,0.0013
5.0,1.22773e-06,0.0012
20.0,7.74729e-08,0.0044
