Energy,Value,Error
0.01,1.41549e-12,0.764
0.1,2.73013e-09,0.0345
1.0,9.98308e-07,0.0043
5.0,9.27913e-07,0.003
20.0,6.45944e-08,0.0198
