Energy,Value,Error
0.01,3.84827e-11,0.2019
0.1,1.15316e-08,0.0227
1.0,4.91898e-07,0.0033
5.0,8.17032e-07,0.0033
20.0,8.25184e-09,0.0276
