Energy,Value,Error
0.01,5.4276e-12,0.7121
0.1,1.47028e-09,0.0613
1.0,1.01205e-06,0.0076
5.0,9.41463e-07,0.0064
20.0,5.02006e-08,0.0456
