Energy,Value,Error
1e-06,0.0,0.0
0.1,7.98502e-06,0.0001
1.0,7.98771e-06,0.0001
10.0,7.97138e-06,0.0001
20.0,7.94322e-06,0.0001
