Energy,Value,Error
1e-06,0.0,0.0
0.1,3.5889e-08,0.0039
1.0,5.65225e-07,0.001
10.0,4.066e-07,0.0013
20.0,2.03212e-07,0.0015
