Energy,Value,Error
0.01,0.0,0.0
0.1,1.58906e-09,0.2263
1.0,1.14725e-07,0.0344
5.0,5.47435e-08,0.031
20.0,1.11101e-08,0.057
