Energy,Value,Error
1e-06,4.83024e-11,0.0832
0.1,7.89525e-06,0.0002
1.0,1.57701e-05,0.0001
10.0,1.3723e-06,0.0005
20.0,1.71485e-07,0.0013
