Energy,Value,Error
0.01,1.67243e-11,0.2663
0.1,1.12708e-08,0.0179
1.0,4.78379e-07,0.0023
5.0,7.32471e-07,0.0016
20.0,1.65094e-08,0.0097
