Energy,Value,Error
0.01,3.93904e-11,0.1377
0.1,9.41957e-09,0.0128
1.0,1.38571e-06,0.0009
5.0,2.64217e-06,0.0006
20.0,9.69247e-08,0.0029
