Energy,Value,Error
1e-06,0.0,0.0
0.1,7.96987e-06,0.0001
1.0,7.99885e-06,0.0001
10.0,7.97919e-06,0.0001
20.0,7.93909e-06,0.0001
