Energy,Value,Error
1e-06,1.5784e-11,0.162
0.1,1.36131e-05,0.0002
1.0,1.99273e-05,0.0002
10.0,3.89086e-06,0.0005
20.0,1.26692e-06,0.0007
