Energy,Value,Error
1e-06,3.47014e-10,0.0427
0.1,2.13979e-05,0.0001
1.0,1.47908e-05,0.0002
10.0,4.87906e-07,0.0013
20.0,1.49191e-07,0.0017
