Energy,Value,Error
0.01,1.39193e-12,0.7097
0.1,2.83637e-11,0.2008
1.0,1.63444e-09,0.0394
5.0,3.3454e-09,0.0222
20.0,5.94056e-11,0.1545
