Energy,Value,Error
0.01,7.0876e-13,1.0
0.1,4.5141e-11,0.1781
1.0,2.2871e-09,0.0279
5.0,4.56737e-09,0.0204
20.0,7.14518e-11,0.1387
