Energy,Value,Error
0.01,0.0,0.0
0.1,7.75584e-10,0.0522
1.0,1.24236e-06,0.0015
5.0,1.35736e-06,0.0014
20.0,1.34749e-07,0.0045
