Energy,Value,Error
1e-06,0.0,0.0
0.1,1.11924e-06,0.0007
1.0,3.15242e-06,0.0005
10.0,4.62326e-07,0.0014
20.0,1.91448e-07,0.0017
