Energy,Value,Error
1e-06,9.70481e-10,0.0176
0.1,3.97786e-07,0.0016
1.0,6.32183e-07,0.001
10.0,1.05559e-07,0.0025
20.0,3.38773e-08,0.0033
