Energy,Value,Error
1e-06,0.0,0.0
0.1,7.18489e-06,0.0004
1.0,4.50227e-05,0.0004
10.0,8.71698e-05,0.0004
20.0,6.24799e-06,0.0003
