Energy,Value,Error
0.01,8.32585e-13,0.5268
0.1,4.60739e-10,0.0297
1.0,1.03539e-07,0.0018
5.0,1.49728e-07,0.0014
20.0,5.46255e-10,0.0208
