Energy,Value,Error
1e-06,0.0,0.0
0.1,7.1121e-06,0.0003
1.0,2.8249e-05,0.0003
10.0,4.94628e-05,0.0004
20.0,5.90737e-06,0.0003
