Energy,Value,Error
1e-06,2.53001e-08,0.0062
0.1,2.01234e-05,0.0002
1.0,4.9e-06,0.0007
10.0,2.34221e-07,0.0029
20.0,2.87146e-08,0.006
