Energy,Value,Error
1e-06,0.0,0.0
0.1,7.05435e-06,0.0002
1.0,2.24195e-05,0.0001
10.0,2.13202e-06,0.0005
20.0,5.83175e-07,0.0008
