Energy,Value,Error
1e-06,1.77927e-13,0.4545
0.1,7.96651e-06,0.0001
1.0,7.96878e-06,0.0001
10.0,7.96801e-06,0.0001
20.0,7.95028e-06,0.0001
