Energy,Value,Error
1e-06,0.0,0.0
0.1,8.20809e-06,0.0002
1.0,2.2494e-05,0.0003
10.0,2.5975e-05,0.0003
20.0,5.92449e-06,0.0003
