Energy,Value,Error
1e-06,0.0,0.0
0.1,3.94055e-07,0.0008
1.0,3.39161e-06,0.0003
10.0,7.79194e-07,0.0007
20.0,1.93707e-07,0.0011
