Energy,Value,Error
0.01,0.0,0.0
0.1,1.24025e-08,0.0164
1.0,5.33872e-06,0.0007
5.0,3.96324e-06,0.0006
20.0,2.61476e-07,0.0023
