Energy,Value,Error
0.01,1.09882e-10,0.0314
0.1,6.25867e-10,0.0113
1.0,4.83889e-08,0.0011
5.0,6.7534e-08,0.001
20.0,3.33799e-09,0.0044
