Energy,Value,Error
1e-06,3.62127e-05,0.0002
0.1,3.9908e-06,0.0008
1.0,9.57707e-07,0.0017
10.0,1.8182e-06,0.001
20.0,1.73828e-07,0.0024
