Energy,Value,Error
0.01,7.47952e-12,0.3889
0.1,2.03371e-09,0.0429
1.0,1.0134e-07,0.0055
5.0,2.22359e-07,0.0033
20.0,3.97495e-09,0.0231
