Energy,Value,Error
0.01,4.06352e-11,0.5823
0.1,4.81719e-09,0.0231
1.0,3.09134e-07,0.0027
5.0,4.63581e-07,0.0019
20.0,4.94967e-09,0.018
