Energy,Value,Error
0.01,0.0,0.0
0.1,9.84887e-10,0.4509
1.0,1.18962e-07,0.107
5.0,2.09733e-07,0.0458
20.0,4.88207e-10,0.3482
