Energy,Value,Error
1e-06,1.45773e-11,0.1329
0.1,1.16782e-05,0.0002
1.0,2.48434e-05,0.0001
10.0,3.26811e-06,0.0005
20.0,6.85808e-07,0.0008
