Energy,Value,Error
1e-06,0.0,0.0
0.1,2.27951e-07,0.0019
1.0,1.49281e-06,0.0009
10.0,6.47903e-07,0.0014
20.0,1.91273e-07,0.002
