Energy,Value,Error
0.01,4.7906e-12,0.4393
0.1,1.61886e-09,0.0851
1.0,8.46154e-08,0.0113
5.0,1.42458e-07,0.0108
20.0,2.26523e-09,0.0557
