Energy,Value,Error
1e-06,1.75379e-11,0.1909
0.1,1.16337e-05,0.0003
1.0,1.55267e-05,0.0003
10.0,5.44908e-07,0.0014
20.0,1.12908e-07,0.0024
