Energy,Value,Error
1e-06,1.19616e-12,0.0878
0.1,9.70555e-06,0.0
1.0,1.66558e-05,0.0
10.0,1.43021e-05,0.0
20.0,5.89027e-06,0.0
