Energy,Value,Error
0.01,2.13604e-11,0.5868
0.1,3.38522e-07,0.0083
1.0,1.05815e-05,0.0015
5.0,1.66999e-05,0.0012
20.0,1.39103e-07,0.0099
