Energy,Value,Error
1e-06,0.0,0.0
0.1,1.12437e-08,0.0075
1.0,2.05259e-08,0.0068
10.0,1.86734e-09,0.0264
20.0,6.64236e-10,0.0334
