Energy,Value,Error
0.01,4.47063e-12,0.4664
0.1,1.75629e-09,0.0324
1.0,1.53042e-06,0.0011
5.0,1.22228e-06,0.0011
20.0,5.61336e-08,0.0049
