Energy,Value,Error
1e-06,8.85575e-11,0.0395
0.1,9.23464e-06,0.0001
1.0,1.56033e-05,0.0001
10.0,4.12726e-06,0.0002
20.0,9.1777e-07,0.0003
