Energy,Value,Error
0.01,2.1397e-12,0.5635
0.1,4.12276e-09,0.0347
1.0,1.94295e-07,0.0113
5.0,4.25591e-07,0.0079
20.0,1.373e-10,0.1895
