Energy,Value,Error
0.01,7.67427e-13,0.7392
0.1,3.46313e-10,0.03
1.0,5.89993e-08,0.0021
5.0,2.76266e-08,0.0027
20.0,6.9093e-11,0.054
