Energy,Value,Error
0.01,2.59226e-11,0.3123
0.1,6.62027e-09,0.0192
1.0,5.89706e-07,0.0023
5.0,9.65352e-07,0.0015
20.0,2.8861e-08,0.0077
