Energy,Value,Error
1e-06,8.45574e-12,0.8117
0.1,1.0171e-05,0.0002
1.0,2.16949e-05,0.0002
10.0,2.71533e-05,0.0003
20.0,5.64371e-06,0.0003
