Energy,Value,Error
1e-06,0.0,0.0
0.1,8.68675e-08,0.0006
1.0,8.77132e-07,0.0002
10.0,4.43498e-06,0.0001
20.0,2.38406e-06,0.0001
