Energy,Value,Error
1e-06,0.0,0.0
0.1,1.09132e-07,0.0034
1.0,2.33389e-07,0.0021
10.0,5.37444e-08,0.0035
20.0,9.10123e-09,0.0054
