Energy,Value,Error
0.01,2.75666e-12,0.5388
0.1,7.21849e-10,0.0363
1.0,5.15558e-07,0.0016
5.0,6.82527e-07,0.0014
20.0,4.23533e-08,0.0052
