Energy,Value,Error
0.01,0.0,0.0
0.1,6.37243e-09,0.0263
1.0,1.43403e-07,0.0045
5.0,1.16969e-07,0.0045
20.0,1.12331e-09,0.0414
