Energy,Value,Error
1e-06,4.65425e-10,0.0324
0.1,2.31333e-05,0.0001
1.0,1.15255e-05,0.0002
10.0,1.32147e-06,0.0007
20.0,1.88345e-07,0.0014
