Energy,Value,Error
0.01,0.0,0.0
0.1,1.3044e-08,0.0141
1.0,4.69645e-06,0.0007
5.0,3.85158e-06,0.0007
20.0,4.77894e-07,0.0018
