Energy,Value,Error
1e-06,6.75532e-11,0.0778
0.1,1.78526e-05,0.0002
1.0,1.53817e-05,0.0002
10.0,3.38787e-07,0.0017
20.0,6.36918e-08,0.0029
