Energy,Value,Error
0.01,0.0,0.0
0.1,5.02282e-09,0.0227
1.0,1.62232e-07,0.0044
5.0,2.97343e-07,0.0028
20.0,2.93219e-09,0.0256
