Energy,Value,Error
0.01,8.4191e-11,0.1767
0.1,2.6614e-08,0.0124
1.0,5.88299e-06,0.0007
5.0,3.92113e-06,0.0007
20.0,2.94516e-08,0.0075
