Energy,Value,Error
1e-06,7.16382e-10,0.0214
0.1,1.3299e-05,0.0002
1.0,2.64688e-05,0.0001
10.0,3.84497e-07,0.0012
20.0,5.36782e-08,0.0024
