Energy,Value,Error
0.01,0.0,0.0
0.1,1.60151e-09,0.0258
1.0,1.64974e-06,0.0011
5.0,1.02095e-06,0.0021
20.0,3.55699e-08,0.0089
