Energy,Value,Error
1e-06,0.0,0.0
0.1,8.27424e-06,0.0004
1.0,5.87723e-05,0.0004
10.0,0.000106405,0.0004
20.0,6.52597e-06,0.0003
