Cells,Dir,Segments,Multiplier,Value,Error
2,0,1,0,-92.10682873041516,0.00022360679774997898
