Energy,Value,Error
1e-06,7.29876e-11,0.1317
0.1,1.69316e-05,0.0003
1.0,2.37946e-05,0.0003
10.0,7.60966e-06,0.0005
20.0,1.23545e-06,0.0009
