Energy,Value,Error
0.01,3.56719e-12,0.7969
0.1,4.21792e-10,0.0872
1.0,1.85254e-08,0.018
5.0,4.18036e-08,0.0196
20.0,2.02282e-09,0.0332
