Energy,Value,Error
0.01,8.47471e-10,0.0118
0.1,7.68333e-10,0.0094
1.0,4.70448e-08,0.0012
5.0,9.59464e-08,0.0008
20.0,3.44576e-09,0.0042
