Energy,Value,Error
1e-06,1.48242e-10,0.0394
0.1,2.01269e-05,0.0002
1.0,2.39507e-05,0.0001
10.0,4.2619e-06,0.0004
20.0,6.94364e-07,0.0007
