Energy,Value,Error
1e-06,0.0,0.0
0.1,7.91405e-06,0.0003
1.0,2.94305e-05,0.0003
10.0,4.98247e-05,0.0003
20.0,6.0228e-06,0.0003
