Energy,Value,Error
1e-06,0.0,0.0
0.1,3.15374e-07,0.0018
1.0,1.6536e-06,0.001
10.0,3.79648e-07,0.0021
20.0,1.72412e-07,0.0024
