Energy,Value,Error
1e-06,8.14789e-07,0.0011
0.1,3.8476e-06,0.0006
1.0,2.71312e-05,0.0002
10.0,6.60477e-06,0.0004
20.0,7.09463e-07,0.0009
