Energy,Value,Error
1e-06,0.0,0.0
0.1,5.03923e-06,0.0002
1.0,1.83088e-05,0.0001
10.0,5.85827e-06,0.0002
20.0,1.84579e-06,0.0004
