Energy,Value,Error
1e-06,7.68131e-12,0.2027
0.1,1.23583e-08,0.01
1.0,4.22575e-08,0.0056
10.0,1.4183e-08,0.0096
20.0,2.13415e-09,0.0201
