Energy,Value,Error
1e-06,0.0,0.0
0.1,4.75767e-08,0.0042
1.0,1.0276e-07,0.0036
10.0,1.65115e-08,0.0093
20.0,1.94072e-09,0.0233
