Energy,Value,Error
1e-06,0.0,0.0
0.1,8.91614e-06,0.0003
1.0,1.85602e-05,0.0002
10.0,9.48421e-06,0.0003
20.0,3.87444e-06,0.0004
