Energy,Value,Error
1e-06,0.0,0.0
0.1,1.79296e-05,0.0002
1.0,1.10473e-05,0.0003
10.0,2.9575e-06,0.0006
20.0,7.16879e-07,0.001
