Energy,Value,Error
1e-06,5.88642e-13,0.5915
0.1,6.82755e-06,0.0002
1.0,7.79922e-06,0.0003
10.0,3.40959e-07,0.0017
20.0,1.05268e-07,0.0023
