Energy,Value,Error
1e-06,0.0,0.0
0.1,2.6208e-07,0.0012
1.0,3.82783e-07,0.0012
10.0,1.84628e-08,0.0062
20.0,3.22151e-09,0.0118
