Energy,Value,Error
0.01,0.0,0.0
0.02,0.0,0.0
0.05,8.54489e-13,1.0
0.1,3.00423e-11,0.2641
0.2,1.03967e-11,0.3484
0.3,3.14819e-11,0.2086
0.4,1.7314e-10,0.1726
0.6,5.34069e-10,0.0619
0.8,3.75517e-10,0.0804
1.0,3.96613e-10,0.0757
1.22,4.17641e-10,0.0701
1.44,3.71427e-10,0.0702
1.66,3.73898e-10,0.0703
2.0,5.18327e-10,0.0762
2.5,5.84611e-10,0.0644
3.0,3.86929e-10,0.0742
4.0,3.54108e-10,0.072
5.0,1.04623e-10,0.1357
6.5,4.30373e-11,0.191
8.0,0.0,0.0
10.0,0.0,0.0
12.0,0.0,0.0
14.0,0.0,0.0
20.0,0.0,0.0
