Energy,Value,Error
1e-06,3.19605e-14,1.0
0.1,7.97472e-06,0.0001
1.0,7.99059e-06,0.0001
10.0,7.98648e-06,0.0001
20.0,7.93721e-06,0.0001
