Energy,Value,Error
0.01,2.24763e-11,0.1756
0.1,4.70704e-09,0.0158
1.0,4.19246e-07,0.0017
5.0,8.23043e-07,0.0011
20.0,1.76516e-08,0.0092
