Energy,Value,Error
0.01,7.98094e-13,1.0
0.1,2.75628e-09,0.0287
1.0,1.20015e-06,0.0013
5.0,1.41467e-06,0.001
20.0,4.07025e-08,0.0058
