Energy,Value,Error
0.01,3.64254e-11,0.2807
0.1,8.5767e-09,0.015
1.0,5.66621e-07,0.0022
5.0,8.99024e-07,0.0016
20.0,1.86349e-08,0.0097
