Energy,Value,Error
1e-06,1.23321e-08,0.0054
0.1,2.04466e-05,0.0001
1.0,2.61133e-05,0.0001
10.0,1.21136e-06,0.0007
20.0,3.30464e-07,0.001
