Energy,Value,Error
1e-06,0.0,0.0
0.1,2.05165e-05,0.0002
1.0,2.60241e-05,0.0002
10.0,4.89753e-07,0.0015
20.0,4.85865e-08,0.0037
