Energy,Value,Error
0.01,2.13589e-11,0.5009
0.1,3.33226e-07,0.0058
1.0,2.79766e-05,0.0006
5.0,3.45884e-05,0.0005
20.0,5.55989e-07,0.0031
