Energy,Value,Error
0.01,4.14742e-13,1.0
0.1,4.02652e-11,0.1429
1.0,2.20696e-09,0.0357
5.0,4.84418e-09,0.016
20.0,6.76503e-11,0.1171
