Energy,Value,Error
1e-06,0.0,0.0
0.1,1.54789e-05,0.0002
1.0,1.44197e-05,0.0002
10.0,6.49495e-07,0.0014
20.0,5.22008e-08,0.0039
