Energy,Value,Error
1e-06,0.0,0.0
0.1,8.3472e-06,0.0003
1.0,1.75221e-05,0.0002
10.0,1.72653e-06,0.0007
20.0,4.44614e-07,0.0011
