Energy,Value,Error
1e-06,9.7417e-11,0.0706
0.1,1.67929e-05,0.0002
1.0,7.77584e-06,0.0004
10.0,7.32952e-07,0.0014
20.0,1.50177e-07,0.0022
