Energy,Value,Error
1e-06,5.43092e-12,0.2613
0.1,4.63447e-06,0.0003
1.0,2.73085e-06,0.0005
10.0,3.00963e-08,0.0059
20.0,9.33098e-09,0.008
