Energy,Value,Error
1e-06,8.63909e-11,0.055
0.1,1.42053e-05,0.0001
1.0,3.24276e-05,0.0001
10.0,3.13158e-06,0.0003
20.0,4.53213e-07,0.0007
