Energy,Value,Error
0.01,3.13677e-12,1.0
0.1,3.49915e-08,0.0142
1.0,1.62019e-05,0.0007
5.0,2.00941e-05,0.0006
20.0,3.04108e-07,0.0035
