Energy,Value,Error
1e-06,8.16992e-13,0.386
0.1,1.37499e-05,0.0001
1.0,2.26091e-05,0.0001
10.0,6.90853e-07,0.0007
20.0,1.23621e-08,0.0036
