Energy,Value,Error
1e-06,0.0,0.0
0.1,9.37021e-07,0.0002
1.0,3.2284e-06,0.0001
10.0,5.0021e-06,0.0001
20.0,1.02186e-06,0.0002
