Energy,Value,Error
1e-06,0.0,0.0
0.1,4.99493e-06,0.0004
1.0,2.23927e-07,0.0035
10.0,7.73066e-08,0.0048
20.0,3.00729e-08,0.0058
