Energy,Value,Error
0.01,1.98901e-11,0.1809
0.1,9.58639e-10,0.0594
1.0,3.99117e-07,0.0033
5.0,2.26058e-07,0.0045
20.0,4.74432e-09,0.0143
