Energy,Value,Error
0.01,0.0,0.0
0.1,3.92498e-09,0.0322
1.0,4.49137e-06,0.0007
5.0,4.1607e-06,0.0007
20.0,1.85386e-07,0.0032
