Energy,Value,Error
0.01,2.90229e-12,0.52
0.1,1.73724e-09,0.0332
1.0,1.19963e-06,0.0013
5.0,1.45308e-06,0.0009
20.0,6.33294e-08,0.0042
