Energy,Value,Error
1e-06,0.0,0.0
0.1,6.17377e-06,0.0003
1.0,4.37078e-06,0.0006
10.0,5.18278e-07,0.0016
20.0,5.32005e-08,0.0037
