Energy,Value,Error
0.01,0.0,0.0
0.1,4.42945e-08,0.0102
1.0,1.33257e-06,0.0017
5.0,2.21969e-06,0.0012
20.0,1.45925e-08,0.0134
