Energy,Value,Error
1e-06,0.0,0.0
0.1,7.78039e-08,0.0026
1.0,2.69575e-07,0.0018
10.0,1.15682e-07,0.0027
20.0,3.56533e-08,0.0037
