Energy,Value,Error
1e-06,2.97327e-14,1.0
0.1,7.97061e-06,0.0001
1.0,7.98729e-06,0.0001
10.0,7.97367e-06,0.0001
20.0,7.94085e-06,0.0001
