Energy,Value,Error
1e-06,0.0,0.0
0.1,2.51272e-06,0.0005
1.0,7.40657e-06,0.0004
10.0,9.05984e-07,0.0011
20.0,1.03063e-07,0.0024
