Energy,Value,Error
0.01,2.1615e-13,0.4479
0.1,5.41123e-08,0.0012
1.0,1.64327e-06,0.0002
5.0,2.03346e-06,0.0001
20.0,9.60607e-09,0.0018
