Energy,Value,Error
0.01,3.00723e-12,0.4424
0.1,9.69274e-10,0.0333
1.0,3.32063e-07,0.0017
5.0,4.83359e-07,0.0014
20.0,4.60194e-09,0.0122
