Energy,Value,Error
1e-06,0.0,0.0
0.1,4.16021e-09,0.0086
1.0,1.28162e-07,0.0014
10.0,1.29253e-07,0.0015
20.0,4.51774e-08,0.0025
