Energy,Value,Error
0.01,2.62237e-11,0.3927
0.1,2.49261e-08,0.1707
1.0,3.48727e-06,0.0102
5.0,1.38651e-06,0.0156
20.0,4.28625e-08,0.0313
