Energy,Value,Error
0.01,6.23479e-11,0.1751
0.1,3.26613e-08,0.0118
1.0,1.17746e-06,0.0018
5.0,1.93185e-06,0.0014
20.0,1.32948e-08,0.0191
