Energy,Value,Error
0.01,2.68957e-11,0.7722
0.1,1.21758e-09,0.0202
1.0,1.94977e-07,0.0017
5.0,1.72195e-07,0.0016
20.0,3.04055e-08,0.0037
