Energy,Value,Error
0.01,0.0,0.0
0.1,4.81003e-06,0.0039
1.0,1.15201e-05,0.0024
5.0,9.74768e-06,0.0019
20.0,7.36981e-07,0.007
