Energy,Value,Error
1e-06,0.0,0.0
0.1,3.7374e-08,0.0038
1.0,1.73284e-07,0.002
10.0,2.54538e-08,0.0062
20.0,1.06867e-08,0.0073
