Energy,Value,Error
1e-06,0.0,0.0
0.1,3.81057e-06,0.0003
1.0,2.85828e-06,0.0005
10.0,1.21575e-07,0.0029
20.0,3.14941e-08,0.0045
