Energy,Value,Error
0.01,0.0,0.0
0.1,2.74909e-06,0.0013
1.0,3.96292e-06,0.001
5.0,3.25317e-06,0.0008
20.0,4.55747e-07,0.0019
