Energy,Value,Error
0.01,0.0,0.0
0.1,6.01987e-11,0.1511
1.0,3.06672e-09,0.0264
5.0,5.20022e-09,0.0186
20.0,5.62271e-11,0.1529
