Energy,Value,Error
0.01,3.58926e-11,0.3096
0.1,2.18537e-07,0.0043
1.0,8.01247e-06,0.0007
5.0,5.79235e-06,0.0007
20.0,3.37598e-07,0.0027
