Energy,Value,Error
0.01,9.70242e-11,0.0907
0.1,2.1472e-09,0.0493
1.0,1.23662e-06,0.0017
5.0,6.3643e-07,0.0023
20.0,2.9577e-08,0.0112
