Energy,Value,Error
1e-06,0.0,0.0
0.1,8.89049e-08,0.0365
1.0,3.57191e-07,0.0186
10.0,5.38552e-07,0.014
20.0,6.8055e-08,0.0316
