Energy,Value,Error
1e-06,0.0,0.0
0.1,8.1981e-06,0.0002
1.0,9.2735e-07,0.0009
10.0,1.86288e-09,0.031
20.0,8.06486e-10,0.0357
