Energy,Value,Error
0.01,1.76752e-11,0.0987
0.1,6.26797e-09,0.004
1.0,1.33613e-07,0.0008
5.0,1.14146e-07,0.0008
20.0,4.57224e-09,0.0041
