Energy,Value,Error
0.01,1.97559e-11,0.299
0.1,3.42565e-09,0.0294
1.0,2.50492e-07,0.0035
5.0,3.69577e-07,0.0025
20.0,1.65112e-09,0.041
