Energy,Value,Error
1e-06,2.30962e-12,0.2945
0.1,2.66392e-05,0.0001
1.0,2.09987e-05,0.0001
10.0,5.75379e-06,0.0003
20.0,6.52174e-07,0.0005
