Energy,Value,Error
0.01,2.29418e-11,0.1669
0.1,8.49034e-09,0.0139
1.0,1.1158e-06,0.0011
5.0,1.35098e-06,0.0009
20.0,6.48449e-09,0.0182
