Energy,Value,Error
0.01,0.0,0.0
0.1,1.35345e-08,0.0158
1.0,4.86373e-06,0.0008
5.0,7.09513e-06,0.0006
20.0,8.65105e-08,0.0047
