Energy,Value,Error
1e-06,1.09471e-11,0.1136
0.1,1.41636e-05,0.0001
1.0,3.91553e-05,0.0001
10.0,2.10181e-06,0.0003
20.0,4.32367e-07,0.0006
