Energy,Value,Error
1e-06,0.0,0.0
0.1,5.36663e-08,0.0027
1.0,1.92474e-07,0.0017
10.0,2.10322e-08,0.0059
20.0,5.53443e-09,0.0086
