Energy,Value,Error
1e-06,0.0,0.0
0.1,7.96621e-06,0.0001
1.0,7.98342e-06,0.0001
10.0,7.97302e-06,0.0001
20.0,7.94092e-06,0.0001
