Cells,Dir,Segments,Multiplier,Value,Error
2,0,1,0,-9.595177882147135,0.0003162277660168379
