Energy,Value,Error
0.01,4.6893e-11,0.1782
0.1,1.07471e-07,0.0049
1.0,4.91089e-06,0.0006
5.0,2.5915e-06,0.0007
20.0,3.18713e-07,0.002
