Energy,Value,Error
1e-06,0.0,0.0
0.1,1.805e-06,0.0005
1.0,7.11685e-06,0.0003
10.0,9.96138e-07,0.0009
20.0,3.47214e-07,0.0011
