Energy,Value,Error
0.01,6.80983e-12,0.3168
0.1,2.05786e-08,0.0083
1.0,1.14972e-06,0.0009
5.0,2.07817e-06,0.0005
20.0,3.05645e-09,0.0134
