Energy,Value,Error
1e-06,0.0,0.0
0.1,9.25538e-06,0.0003
1.0,1.52941e-05,0.0003
10.0,9.51099e-06,0.0004
20.0,5.43599e-06,0.0004
