Energy,Value,Error
1e-06,0.0,0.0
0.1,2.87748e-08,0.0051
1.0,2.22074e-07,0.0021
10.0,1.02235e-07,0.0034
20.0,3.1604e-08,0.0047
