Energy,Value,Error
1e-06,0.0,0.0
0.1,1.53297e-07,0.0015
1.0,5.4034e-06,0.0003
10.0,3.00267e-06,0.0004
20.0,7.95461e-07,0.0006
