Energy,Value,Error
0.01,1.74985e-11,0.3328
0.1,8.11134e-09,0.017
1.0,2.13542e-06,0.0008
5.0,2.26125e-06,0.0007
20.0,1.12321e-07,0.0031
