Energy,Value,Error
0.01,8.81846e-11,0.0434
0.1,4.61796e-08,0.0014
1.0,1.20265e-07,0.0008
5.0,1.61832e-07,0.0007
20.0,1.19609e-08,0.0025
