Cells,Dir,Segments,Multiplier,Value,Error
2,0,1,0,-378.18724453383504,0.0005099019513592785
