Energy,Value,Error
0.01,7.91164e-11,0.1048
0.1,2.30293e-08,0.0083
1.0,4.84137e-07,0.0022
5.0,7.60976e-07,0.0016
20.0,3.59844e-09,0.0243
