Energy,Value,Error
0.01,0.0,0.0
0.1,8.69686e-08,0.0106
1.0,2.58359e-05,0.0006
5.0,3.07803e-05,0.0005
20.0,4.90927e-07,0.0031
