Energy,Value,Error
1e-06,0.0,0.0
0.1,7.76499e-14,0.5447
1.0,5.00394e-10,0.0094
10.0,2.29665e-07,0.0004
20.0,7.87355e-08,0.0005
