Energy,Value,Error
0.01,1.60254e-11,0.5341
0.1,2.35503e-07,0.0061
1.0,1.3971e-05,0.0007
5.0,1.65289e-05,0.0006
20.0,1.37644e-07,0.0053
