Energy,Value,Error
0.01,0.0,0.0
0.1,1.54127e-10,0.0903
1.0,6.12406e-08,0.0058
5.0,5.87328e-08,0.0054
20.0,3.75471e-09,0.0191
