Energy,Value,Error
0.01,9.16257e-12,0.4679
0.1,2.53353e-09,0.0417
1.0,3.70309e-07,0.0032
5.0,6.7976e-07,0.0022
20.0,4.39943e-08,0.0079
