Energy,Value,Error
1e-06,0.0,0.0
0.1,1.21674e-05,0.0002
1.0,5.377e-06,0.0005
10.0,2.58041e-08,0.0094
20.0,1.96059e-09,0.0279
