Energy,Value,Error
0.01,0.0,0.0
0.1,1.00907e-09,0.0395
1.0,3.46953e-07,0.0021
5.0,4.55242e-07,0.0016
20.0,2.77541e-08,0.0062
