Energy,Value,Error
1e-06,0.0,0.0
0.1,8.69195e-07,0.0009
1.0,3.24235e-06,0.0005
10.0,5.77858e-07,0.0013
20.0,2.83417e-07,0.0016
