Cells,Segments,Value,Error
2,1,-92.10682873041516,0.005129574468222487
