Energy,Value,Error
0.01,2.82603e-12,0.3384
0.1,4.76456e-07,0.0008
1.0,4.23897e-06,0.0003
5.0,3.0669e-06,0.0003
20.0,1.20856e-07,0.0012
