Energy,Value,Error
1e-06,5.83967e-08,0.0036
0.1,1.73701e-05,0.0002
1.0,1.14717e-05,0.0002
10.0,3.01264e-07,0.0018
20.0,1.97209e-08,0.0047
