Energy,Value,Error
0.01,1.31959e-11,0.2737
0.1,4.03633e-09,0.0833
1.0,1.87523e-07,0.0041
5.0,3.53275e-07,0.0026
20.0,1.18784e-08,0.0135
