Energy,Value,Error
1e-06,0.0,0.0
0.1,8.64486e-06,0.0003
1.0,5.15061e-06,0.0005
10.0,9.01359e-07,0.0011
20.0,2.16547e-07,0.0018
