Energy,Value,Error
0.01,2.63902e-11,0.197
0.1,8.37795e-09,0.0175
1.0,5.13434e-07,0.002
5.0,8.06114e-07,0.0014
20.0,1.46799e-08,0.0111
