Energy,Value,Error
1e-06,3.04874e-14,1.0
0.1,7.976e-06,0.0001
1.0,7.98036e-06,0.0001
10.0,7.96712e-06,0.0001
20.0,7.94192e-06,0.0001
