Energy,Value,Error
0.01,0.0,0.0
0.1,1.89167e-10,0.0926
1.0,5.5378e-08,0.0051
5.0,5.78296e-08,0.004
20.0,3.34355e-09,0.0165
