Energy,Value,Error
1e-06,4.27772e-05,0.0003
0.1,1.65201e-06,0.0024
1.0,5.17027e-07,0.0039
10.0,5.82722e-07,0.0032
20.0,8.06156e-08,0.0065
