Energy,Value,Error
1e-06,0.0,0.0
0.1,5.59621e-06,0.0003
1.0,1.43823e-05,0.0002
10.0,8.62672e-07,0.001
20.0,1.93321e-07,0.0016
