Energy,Value,Error
0.01,0.0,0.0
0.1,3.2545e-09,0.0322
1.0,1.20799e-07,0.0052
5.0,3.18295e-07,0.0026
20.0,1.85532e-10,0.1524
