Energy,Value,Error
1e-06,0.0,0.0
0.1,5.23597e-06,0.0004
1.0,2.17296e-06,0.0008
10.0,3.77097e-07,0.002
20.0,6.28466e-08,0.0037
