Energy,Value,Error
1e-06,1.70862e-11,0.1278
0.1,9.79025e-06,0.0002
1.0,8.91727e-07,0.0009
10.0,2.10219e-08,0.0068
20.0,6.96375e-09,0.009
