Energy,Value,Error
0.01,9.13283e-12,0.15
0.1,2.29927e-09,0.0161
1.0,1.04025e-06,0.0005
5.0,1.4299e-06,0.0004
20.0,6.77714e-08,0.0016
