Energy,Value,Error
1e-06,0.0,0.0
0.1,4.27726e-06,0.0003
1.0,6.9245e-06,0.0003
10.0,6.5331e-07,0.0012
20.0,2.16365e-07,0.0017
