Energy,Value,Error
0.01,3.69566e-13,0.7505
0.1,2.85912e-10,0.1174
1.0,3.09023e-07,0.0035
5.0,3.23918e-07,0.0029
20.0,1.10997e-08,0.0133
