Energy,Value,Error
0.01,8.23563e-13,1.0
0.1,8.67772e-10,0.0457
1.0,5.96795e-07,0.0016
5.0,7.88703e-07,0.0013
20.0,5.75892e-08,0.0053
