Energy,Value,Error
0.01,6.99024e-11,0.1073
0.1,2.29467e-08,0.017
1.0,3.92947e-07,0.0022
5.0,6.13309e-07,0.0017
20.0,2.35396e-09,0.0228
