Energy,Value,Error
1e-06,2.81581e-13,0.3359
0.1,8.10093e-06,0.0001
1.0,7.98249e-06,0.0001
10.0,7.97686e-06,0.0001
20.0,7.93666e-06,0.0001
