Energy,Value,Error
1e-06,2.4683e-11,0.0823
0.1,6.5893e-06,0.0002
1.0,5.13185e-06,0.0002
10.0,3.33087e-07,0.0012
20.0,1.12827e-07,0.0016
