Cells,Dir,Segments,Multiplier,Value,Error
2,0,1,0,-45.2329396979328,0.0003162277660168379
