Energy,Value,Error
1e-06,2.28446e-11,0.3054
0.1,9.14052e-06,0.0003
1.0,1.76083e-05,0.0003
10.0,8.37012e-06,0.0004
20.0,2.13136e-06,0.0006
