Energy,Value,Error
0.01,1.82574e-11,0.1751
0.1,5.51186e-09,0.0186
1.0,6.8773e-07,0.0013
5.0,1.22557e-06,0.0009
20.0,6.07286e-08,0.0038
