Energy,Value,Error
1e-06,0.0,0.0
0.1,9.84699e-06,0.0002
1.0,2.02975e-06,0.0008
10.0,5.76269e-07,0.0013
20.0,1.98283e-07,0.0017
