Energy,Value,Error
1e-06,4.32609e-10,0.0231
0.1,1.21195e-05,0.0001
1.0,1.9128e-05,0.0001
10.0,5.88771e-06,0.0002
20.0,6.39973e-07,0.0004
