Energy,Value,Error
0.01,1.21442e-11,0.2192
0.1,4.79941e-09,0.0161
1.0,1.82642e-06,0.0008
5.0,2.26986e-06,0.0006
20.0,1.15764e-07,0.0028
