Energy,Value,Error
1e-06,3.3292e-14,1.0
0.1,7.96401e-06,0.0001
1.0,7.96531e-06,0.0001
10.0,7.96296e-06,0.0001
20.0,7.94918e-06,0.0001
