Energy,Value,Error
0.01,1.92814e-11,0.2566
0.1,8.31387e-09,0.0532
1.0,7.92057e-07,0.0044
5.0,6.08744e-07,0.0052
20.0,1.43463e-07,0.0122
