Energy,Value,Error
1e-06,0.0,0.0
0.1,3.74829e-06,0.0007
1.0,1.47979e-05,0.0004
10.0,5.60001e-06,0.0007
20.0,1.94692e-06,0.001
