Energy,Value,Error
0.01,3.56762e-11,0.6882
0.1,7.74996e-10,0.146
1.0,6.31185e-08,0.0278
5.0,1.16047e-07,0.0236
20.0,9.32278e-10,0.162
