Energy,Value,Error
1e-06,0.0,0.0
0.1,4.52168e-06,0.0003
1.0,1.0908e-05,0.0002
10.0,2.2379e-06,0.0005
20.0,8.32713e-07,0.0006
