Cells,Segments,Value,Error
2,1,-14.533786599848353,1.0042832731172864
