Cells,Value,Error
48.0,2.00479,0.0007
21.0,1.66355e-06,0.0033
