Energy,Value,Error,Angle
0.01 - 0.1,4.9906866433619735e-05,0.0012745059575626756,24.9 deg
0.1 - 1,0.00010144358837700995,0.001046338510656553,24.9 deg
1 - 3.5,7.56309442147618e-05,0.0016711805725486114,24.9 deg
3.5 - 10,6.145888547985939e-05,0.0028395814896281873,24.9 deg
10 - 20,0.0002081369845342546,0.0019426628696892444,24.9 deg
