Energy,Value,Error,Angle
0.01 - 0.1,7.40174241369812e-06,0.005189670240001134,12.2 deg
0.1 - 1,0.00016147869407204878,0.0011443049984427272,12.2 deg
1 - 3.5,0.0001496508869622485,0.0015173377111507658,12.2 deg
3.5 - 10,1.9674203375663544e-05,0.007357622499936627,12.2 deg
10 - 20,0.00021256766188913444,0.003799297556107205,12.2 deg
