Energy,Value,Error,Angle
0.1 - 1,2.3365022288744568e-05,0.0034338024785951155,24.9 deg
1 - 3.5,7.233248771210619e-05,0.0021273388679390413,24.9 deg
3.5 - 10,8.322020996759825e-05,0.002760535652860031,24.9 deg
10 - 20,0.0006272901368171812,0.0016463749198239474,24.9 deg
