Energy,Value,Error,Angle
0.01 - 0.1,2.1634965345416687e-06,0.007175750693397018,0 deg
0.1 - 1,8.191006631652681e-05,0.0010230635491517664,0 deg
1 - 3.5,0.00021277531939829916,0.0006761823354610638,0 deg
3.5 - 10,0.00011633246565243023,0.0011643487359107821,0 deg
10 - 20,0.004397200757906912,0.00025792830524218986,0 deg
