Energy,Value,Error,Angle
0.01 - 0.1,5.727307414939615e-06,0.0039909257618515655,41.8 deg
0.1 - 1,1.6812162962301755e-05,0.002566242661398328,41.8 deg
1 - 3.5,2.9663811200204254e-07,0.023611562352120516,41.8 deg
3.5 - 10,1.2530061874890527e-08,0.14989803931075993,41.8 deg
10 - 20,9.517556409365806e-09,0.177834148872564,41.8 deg
