Energy,Value,Error,Angle
0.01 - 0.1,5.214137657706895e-06,0.006064879014363594,24.9 deg
0.1 - 1,7.02206830672479e-05,0.001668852834517046,24.9 deg
1 - 3.5,3.404344033656788e-05,0.003025982853225713,24.9 deg
3.5 - 10,1.8452790004634278e-06,0.024840533834792698,24.9 deg
10 - 20,4.498690932433579e-06,0.023434243966585847,24.9 deg
