Energy,Value,Error,Angle
0.01 - 0.1,6.22827845568792e-06,0.00552932542129373,41.8 deg
0.1 - 1,0.00013685429958346866,0.0012115347966881707,41.8 deg
1 - 3.5,0.0001205386714369841,0.001636005398978004,41.8 deg
3.5 - 10,1.2110270094334066e-05,0.008899378303705817,41.8 deg
10 - 20,1.7927139828949688e-05,0.009848199800256403,41.8 deg
