Energy,Value,Error,Angle
0.01 - 0.1,5.0524724943887575e-06,0.00567707060574248,41.8 deg
0.1 - 1,0.00010397230783993831,0.001389610844134951,41.8 deg
1 - 3.5,0.00010604284874264667,0.001507156189576915,41.8 deg
3.5 - 10,3.544119940604505e-05,0.0037344696778405036,41.8 deg
10 - 20,5.426933227481118e-05,0.003865364847513038,41.8 deg
