Energy,Value,Error,Angle
0.01 - 0.1,3.580920851163441e-06,0.006929634568808732,0 deg
0.1 - 1,3.28854015359153e-05,0.0021307769996916654,0 deg
1 - 3.5,0.00014822207253634598,0.0011646579352807484,0 deg
3.5 - 10,0.00011890122667961252,0.0016082898076251535,0 deg
10 - 20,0.003407107421948391,0.00037033014299907475,0 deg
