Energy,Value,Error,Angle
0.01 - 0.1,5.2523629072418185e-05,0.0012449300947442894,12.2 deg
0.1 - 1,0.00010688692011510256,0.0010316496282696485,12.2 deg
1 - 3.5,8.054640221930455e-05,0.0016474939093061912,12.2 deg
3.5 - 10,6.696095255491527e-05,0.0027085134200019504,12.2 deg
10 - 20,0.000374340982870659,0.0015432416832105223,12.2 deg
