Energy,Value,Error,Angle
0.01 - 0.1,4.419382236237035e-05,0.0013478471280723929,41.8 deg
0.1 - 1,8.997278774000624e-05,0.001088329064435593,41.8 deg
1 - 3.5,6.558689734404486e-05,0.0017579943021789682,41.8 deg
3.5 - 10,5.059729881125066e-05,0.003118426042421007,41.8 deg
10 - 20,7.803980985254633e-05,0.0030625342869228128,41.8 deg
