Energy,Value,Error
0.001 - 0.01,0.00345023,0.0015999999999999999
0.01 - 0.03,0.01485146,0.0008044244024369014
0.03 - 0.06,0.008213066,0.001095837454947977
0.06 - 0.1,0.023568844,0.0006530111942284387
0.1 - 0.15,0.03626406,0.000524287913204647
0.15 - 0.2,0.045712829999999996,0.00045566403554581807
0.2 - 0.4,0.18584413,0.0002279736692710008
0.4 - 0.5,0.06592049999999999,0.0003924401647605673
0.5 - 0.7,0.1435527,0.0002566281772785165
