Energy,Value,Error
0.001 - 0.01,0.00824809,0.001
0.01 - 0.03,0.03633769,0.0005196362203746291
0.03 - 0.06,0.013105976,0.0008699760577658231
0.06 - 0.1,0.03945241,0.0005033397601331041
0.1 - 0.15,0.06022602,0.00040931760330560884
0.15 - 0.2,0.0718224,0.0003746033621074539
0.2 - 0.4,0.26945441,0.00018965931090916276
0.4 - 0.5,0.0742678,0.0003705624251385888
0.5 - 0.7,0.15699269999999999,0.0002361032223671614
