Cells,Value,Error
510,0.0000287,0.035
511,0.00000415,0.036
512,0.000000973,0.04
513,0.000000257,0.045
514,8.18e-08,0.045
