Energy,Value,Error
1e-06,1.6869e-13,1.0
0.1,7.42904e-06,0.0002
1.0,2.5862e-05,0.0001
10.0,1.65955e-06,0.0005
20.0,2.02537e-07,0.0012
