Energy,Value,Error
1e-06,1.37631e-11,0.2453
0.1,1.00006e-05,0.0003
1.0,1.13162e-05,0.0003
10.0,9.04892e-06,0.0003
20.0,3.94954e-06,0.0004
