Energy,Value,Error
0.01,4.31414e-11,0.3428
0.1,1.16231e-07,0.0054
1.0,3.90981e-06,0.0007
5.0,3.10075e-06,0.0007
20.0,5.05351e-07,0.0016
