Energy,Value,Error
1e-06,3.65898e-05,0.0002
0.1,3.95141e-06,0.0008
1.0,9.16132e-07,0.0017
10.0,1.74526e-06,0.001
20.0,1.7527e-07,0.0025
