Energy,Value,Error
1e-06,5.20092e-10,0.0157
0.1,1.25426e-05,0.0001
1.0,1.81379e-05,0.0001
10.0,5.08446e-06,0.0002
20.0,5.83128e-07,0.0004
