Energy,Value,Error
1e-06,3.50204e-12,0.2289
0.1,3.07837e-05,0.0001
1.0,8.52453e-06,0.0003
10.0,3.4865e-07,0.0014
20.0,1.89974e-08,0.0044
