Energy,Value,Error
1e-06,2.93135e-10,0.0942
0.1,1.69429e-05,0.0004
1.0,1.41234e-05,0.0005
10.0,9.77236e-06,0.0005
20.0,2.6477e-06,0.0008
