Energy,Value,Error
1e-06,4.29405e-05,0.0003
0.1,1.66852e-06,0.0024
1.0,5.24477e-07,0.0039
10.0,6.26349e-07,0.0031
20.0,8.22043e-08,0.0064
