Energy,Value,Error
0.01,0.0,0.0
0.02,0.0,0.0
0.05,0.0,0.0
0.1,3.58322e-10,0.3053
0.2,6.32302e-11,0.7719
0.3,6.72506e-10,0.2492
0.4,1.4788e-09,0.1596
0.6,1.16515e-08,0.0719
0.8,7.5981e-09,0.0937
1.0,6.77871e-09,0.0804
1.22,5.36106e-09,0.0943
1.44,4.20315e-09,0.0889
1.66,4.21186e-09,0.0911
2.0,3.978e-09,0.1068
2.5,6.40147e-09,0.0848
3.0,2.59597e-08,0.0442
4.0,1.89542e-09,0.1364
5.0,2.08325e-09,0.1509
6.5,4.49225e-10,0.2613
8.0,1.19152e-10,0.462
10.0,0.0,0.0
12.0,0.0,0.0
14.0,0.0,0.0
20.0,0.0,0.0
