Energy,Value,Error
1e-06,0.0,0.0
0.1,1.54331e-05,0.0001
1.0,1.21051e-05,0.0002
10.0,1.06478e-07,0.0016
20.0,2.30628e-08,0.0024
