Energy,Value,Error
0.01,0.0,0.0
0.1,4.76452e-14,1.0
1.0,4.14533e-11,0.0392
5.0,4.22633e-11,0.0347
20.0,1.46646e-09,0.0058
