Energy,Value,Error
1e-06,0.0,0.0
0.1,1.44511e-10,0.0323
1.0,1.2257e-08,0.0035
10.0,9.82085e-08,0.001
20.0,3.59296e-08,0.0014
