Energy,Value,Error
0.01,1.14775e-12,0.4637
0.1,1.14586e-06,0.0007
1.0,6.57272e-06,0.0003
5.0,3.29709e-06,0.0003
20.0,5.64669e-07,0.0007
