Energy,Value,Error
0.01,0.0,0.0
0.1,8.04037e-12,0.0871
1.0,1.21113e-10,0.0283
5.0,2.631e-11,0.0403
20.0,2.82736e-11,0.0361
