Energy,Value,Error
0.01,0.0,0.0
0.1,6.18865e-10,0.0662
1.0,4.52165e-07,0.0024
5.0,4.34782e-07,0.0023
20.0,3.38985e-08,0.0082
