Energy,Value,Error
0.01,0.0,0.0
0.1,3.06947e-06,0.0009
1.0,7.74336e-06,0.0006
5.0,3.8404e-09,0.0206
20.0,6.74332e-11,0.1368
