Energy,Value,Error
0.01,0.0,0.0
0.1,1.10109e-06,0.0017
1.0,1.96153e-06,0.0012
5.0,2.63713e-06,0.0008
20.0,4.77551e-10,0.0524
