Energy,Value,Error
0.01,9.72768e-12,0.34
0.1,1.40612e-09,0.0232
1.0,2.35653e-07,0.0017
5.0,1.01322e-07,0.0022
20.0,4.44331e-08,0.008
