Energy,Value,Error
1e-06,4.45226e-09,0.0861
0.1,1.78284e-05,0.0013
1.0,2.60918e-05,0.001
10.0,1.58597e-05,0.0013
20.0,1.16277e-07,0.0118
