Energy,Value,Error
0.01,4.63657e-11,0.4309
0.1,1.16465e-07,0.0042
1.0,3.61388e-06,0.0007
5.0,3.01053e-06,0.0006
20.0,3.68404e-07,0.0017
