Energy,Value,Error
1e-06,2.68629e-10,0.0469
0.1,1.6586e-05,0.0002
1.0,3.49191e-05,0.0001
10.0,7.72169e-06,0.0003
20.0,2.25576e-07,0.0012
