Energy,Value,Error
0.01,1.72652e-12,0.7102
0.1,3.83091e-07,0.0025
1.0,4.26789e-06,0.0007
5.0,3.10534e-06,0.0007
20.0,3.12668e-07,0.0019
