Energy,Value,Error
0.01,9.45572e-12,0.4445
0.1,1.14575e-09,0.0298
1.0,1.46748e-07,0.0019
5.0,1.15554e-07,0.0018
20.0,5.25591e-08,0.0027
