Energy,Value,Error
0.01,2.78879e-12,0.5444
0.1,2.30401e-09,0.0367
1.0,2.42882e-07,0.0022
5.0,9.96229e-08,0.0028
20.0,4.93675e-08,0.004
