Energy,Value,Error
1e-06,8.20234e-13,0.7255
0.1,7.24792e-06,0.0002
1.0,2.19219e-05,0.0001
10.0,2.09755e-07,0.0018
20.0,9.33341e-09,0.0066
