Energy,Value,Error
0.01,3.82722e-12,1.0
0.1,1.03468e-09,0.2196
1.0,6.91484e-08,0.0466
5.0,1.36448e-07,0.0162
20.0,3.02826e-09,0.0888
