Energy,Value,Error
0.01,4.35368e-12,0.4758
0.1,4.61653e-07,0.0008
1.0,4.13051e-06,0.0003
5.0,3.56893e-06,0.0002
20.0,3.45883e-07,0.0007
