Energy,Value,Error
0.01,1.07941e-12,0.3404
0.1,3.38505e-07,0.001
1.0,3.00371e-06,0.0003
5.0,2.18673e-06,0.0003
20.0,3.33051e-07,0.0006
