Energy,Value,Error
1e-06,5.58683e-09,0.0068
0.1,1.07223e-05,0.0001
1.0,2.63908e-05,0.0001
10.0,5.78863e-07,0.0008
20.0,2.09578e-08,0.0031
