Energy,Value,Error
0.01,9.47459e-13,0.4151
0.1,3.19363e-07,0.001
1.0,2.83725e-06,0.0003
5.0,2.06013e-06,0.0003
20.0,3.85275e-07,0.0006
