Energy,Value,Error
1e-06,2.02012e-13,0.4087
0.1,7.9789e-06,0.0001
1.0,7.97401e-06,0.0001
10.0,7.97748e-06,0.0001
20.0,7.94193e-06,0.0001
