Energy,Value,Error
1e-06,0.0,0.0
0.1,6.91283e-07,0.001
1.0,3.6309e-07,0.0017
10.0,8.49761e-09,0.0123
20.0,3.03385e-09,0.0172
