Energy,Value,Error
0.01,0.0,0.0
0.1,6.21343e-07,0.0066
1.0,6.25574e-06,0.002
5.0,4.42955e-06,0.0018
20.0,1.19831e-06,0.003
