Energy,Value,Error
0.01,0.0,0.0
0.1,2.75061e-06,0.0012
1.0,3.96451e-06,0.001
5.0,3.25472e-06,0.0008
20.0,4.55847e-07,0.0019
