Energy,Value,Error
0.01,1.56734e-11,0.2993
0.1,8.94726e-10,0.0335
1.0,2.30606e-07,0.0025
5.0,1.06319e-07,0.003
20.0,1.40597e-07,0.0026
