Energy,Value,Error
1e-06,8.7316e-08,0.0034
0.1,1.84328e-05,0.0002
1.0,2.49168e-06,0.0007
10.0,7.7592e-08,0.0043
20.0,1.9347e-08,0.0066
