Energy,Value,Error
1e-06,3.98395e-09,0.0069
0.1,2.38771e-05,0.0001
1.0,2.05913e-05,0.0001
10.0,8.18739e-07,0.0007
20.0,2.47688e-08,0.0028
