Energy,Value,Error
1e-06,2.03454e-10,0.0516
0.1,2.03943e-05,0.0002
1.0,2.71419e-06,0.0007
10.0,7.52529e-08,0.0042
20.0,2.42039e-08,0.0057
