Energy,Value,Error
1e-06,8.55745e-09,0.0044
0.1,1.46176e-05,0.0001
1.0,3.01003e-05,0.0001
10.0,2.29066e-06,0.0003
20.0,1.78959e-07,0.0009
