Energy,Value,Error
0.01,7.79722e-12,0.1971
0.1,9.29486e-09,0.0066
1.0,5.79504e-07,0.0008
5.0,2.307e-07,0.001
20.0,6.4319e-08,0.002
