Energy,Value,Error
1e-06,3.23586e-12,0.1955
0.1,2.19379e-05,0.0001
1.0,2.6078e-05,0.0001
10.0,1.88024e-06,0.0004
20.0,1.94444e-07,0.0009
