Energy,Value,Error
0.01,0.0,0.0
0.1,8.36725e-10,0.0592
1.0,4.26087e-07,0.0025
5.0,4.40293e-07,0.0021
20.0,2.298e-08,0.0096
