Energy,Value,Error
1e-06,7.84101e-11,0.1035
0.1,1.01282e-05,0.0003
1.0,1.19247e-05,0.0003
10.0,7.18895e-06,0.0003
20.0,2.1616e-06,0.0005
