Energy,Value,Error
0.01,0.0,0.0
0.1,2.82571e-10,0.075
1.0,4.60805e-07,0.002
5.0,3.6988e-07,0.0018
20.0,3.40738e-08,0.006
