Energy,Value,Error
0.01,0.0,0.0
0.1,6.86821e-06,0.0011
1.0,8.38367e-06,0.0009
5.0,6.59701e-06,0.0008
20.0,4.97539e-06,0.0009
