Energy,Value,Error
1e-06,1.44197e-10,0.0332
0.1,2.26126e-05,0.0001
1.0,2.01507e-05,0.0001
10.0,4.35876e-07,0.0009
20.0,2.029e-08,0.0031
