Cells,Value,Error
481.0,0.5267287582339999,0.00017686493309929213
