Energy,Value,Error
0.001 - 0.01,0.0100228,0.0013
0.01 - 0.03,0.03891291,0.0007071250858139138
0.03 - 0.06,0.013431978,0.0012197148787608627
0.06 - 0.1,0.0392047,0.0007118791314768531
0.1 - 0.15,0.0588838,0.0005816502159448735
0.15 - 0.2,0.0711239,0.0005179263710337856
0.2 - 0.4,0.27191914,0.0002686939354377474
0.4 - 0.5,0.0759848,0.0005060396216540325
0.5 - 0.7,0.1592442,0.00034767816770976077
