Energy,Value,Error
0.001 - 0.01,0.00731128,0.0015
0.01 - 0.03,0.026403147,0.0008551572409693729
0.03 - 0.06,0.011053554,0.0013392058504499856
0.06 - 0.1,0.03149712,0.0007832717818996305
0.1 - 0.15,0.04715669,0.000648010774951225
0.15 - 0.2,0.058875,0.0005800269827466726
0.2 - 0.4,0.23471828,0.000289823602698284
0.4 - 0.5,0.0738132,0.0005150544107191559
0.5 - 0.7,0.1589368,0.00034774826554982214
