Cells,Value,Error
5,1.35858e-05,0.0024
15,7.47141e-07,0.0045
25,6.62516e-08,0.0081
35,7.15282e-09,0.0137
