Cells,Value,Error
5,0.000610287,0.0022
15,0.000280139,0.0009
25,9.36383e-05,0.0008
35,2.59962e-05,0.0014
