Cells,Value,Error
500.0,1.53839e-05,0.001
501.0,3.58343e-06,0.002
502.0,3.44746e-07,0.0064
503.0,4.567e-08,0.0168
