Cells,Value,Error
641.0,0.000649621,0.0025
643.0,0.000289065,0.0012
645.0,9.49194e-05,0.0011
647.0,2.6331e-05,0.0021
