Cells,Value,Error
611.0,0.000169319,0.0034
614.0,1.27112e-05,0.0056
623.0,1.29792e-06,0.0092
633.0,1.5344e-07,0.0195
