Time,Value,Error
0s,8.799236046e-10,0.05449266005619472
2.7h,8.798532134e-10,0.05449266005619472
24h,8.793182042e-10,0.05449266005619472
11.6d,8.72945355e-10,0.05449266005619472
30d,8.619495265e-10,0.05449266005619472
10y,7.165085732e-11,0.05449266005619472
