Energy,Value,Error
31.100001,4.05093990057e-05,0.03800052631214468
