Energy,Value,Error
31.100001,4.668999816e-05,3.734677850652985e-05
