Time,Value,Error
0s,1.9366,0.0004
2.7h,1.92521,0.0004
24h,1.84037,0.0004
11.6d,1.07362,0.0004
30d,0.419753,0.0004
10y,3.86447e-81,0.0004
