Energy,Value,Error
31.100001,4.4111582071570005e-05,5.279446814162931e-05
