Energy,Value,Error
31.100001,4.12114109848e-05,3.51146959365748e-05
