Energy,Value,Error
31.100001,3.313180486e-05,0.004571651780264984
