Energy,Value,Error
31.100001,9.20990493e-07,0.011389468819923079
