Time,Value,Error
0s,1.6491332e-12,0.18780484551789392
2.7h,1.6443575e-12,0.18780484551789392
24h,1.6083726999999999e-12,0.18780484551789392
11.6d,1.2344797e-12,0.18780484551789392
30d,7.7849211e-13,0.18780484551789392
10y,3.9735172e-52,0.18780484551789392
