Time,Value,Error
0s,33.6575,0.0019
2.7h,32.4667,0.0019
24h,24.6561,0.0019
11.6d,0.917811,0.0019
30d,0.00296717,0.0019
10y,0.0,0.0
