Energy,Value,Error
31.100001,3.43569702682e-05,2.7706799888323365e-05
