Energy,Value,Error
31.100001,3.60637801469e-05,0.03820039266813889
