Energy,Value,Error
1e-06,8.06682e-11,0.0194
0.1,2.4354e-05,0.0
1.0,9.33738e-06,0.0001
10.0,5.94669e-07,0.0003
20.0,7.08406e-08,0.0007
