Energy,Value,Error
31.100001,4.8748213910000005e-05,0.0055054518434003216
