Energy,Value,Error
31.100001,4.506795092999999e-05,0.005525395913416522
