Energy,Value,Error
31.100001,1.070553544313e-05,0.13980096566190095
