Time,Value,Error
0s,0.00581563,0.0002
2.7h,2.32601e-16,0.0002
24h,0.0,0.0
11.6d,0.0,0.0
30d,0.0,0.0
10y,0.0,0.0
