Time,User,Value,Error
0s,-28058.0,123097.031224,0.00510098029794274
2.7h,-28058.0,0.014973600000000005,0.00510098029794274
24h,-28058.0,5.45657e-05,0.0051
11.6d,-28058.0,3.78605e-34,0.0051
30d,-28058.0,5.85375e-85,0.0051
10y,-28058.0,0.0,0.0
