Energy,Value,Error
31.100001,5.21418530766e-05,2.5427612278680707e-05
