Time,Value,Error
0s,2.76843,0.0075
2.7h,0.964911,0.0075
24h,0.000307118,0.0075
11.6d,4.65153e-46,0.0075
30d,0.0,0.0
10y,0.0,0.0
