Time,Value,Error
0s,1731.16,0.0002
2.7h,1587.34,0.00019999999999999998
24h,818.275,0.0002
11.6d,0.296279,0.0002
30d,2.98687e-07,0.0002
10y,0.0,
