Energy,Value,Error
31.100001,5.73864808633e-05,2.979926215287265e-05
