Energy,Value,Error
1e-06,5.36086e-09,0.0026
0.1,2.05632e-05,0.0
1.0,1.86584e-05,0.0
10.0,2.06296e-07,0.0005
20.0,2.18365e-08,0.0013
