Time,Value,Error
0s,0.0128981,0.0001
2.7h,0.0128858,0.0001
24h,0.0127919,0.0001
11.6d,0.0117204,0.0001
30d,0.0100633,0.0001
10y,1.02722e-15,0.0001
