Time,Value,Error
0s,0.0112421,0.0
2.7h,0.0107175,0.0
24h,0.00743916,0.0
11.6d,9.44829e-05,0.0
30d,4.68995e-08,0.0
10y,0.0,0.0
