Time,Value,Error
0s,0.00681906,0.008999999999999998
2.7h,0.00627932,0.009
24h,0.00334433,0.009
11.6d,1.78868e-06,0.009
30d,3.55856e-12,0.009
10y,0.0,
