Energy,Value,Error
31.100001,3.82452220682139e-05,2.451636601620024e-05
