Time,Value,Error
0s,3.2346761579999997e-10,0.15955466148000816
2.7h,3.233842406e-10,0.15955466148000816
24h,3.227494209e-10,0.15955466148000816
11.6d,3.152600424e-10,0.15955466148000816
30d,3.026217117e-10,0.15955466148000816
10y,9.862776007e-14,0.15955466148000816
