Time,Value,Error
0s,4.813031063e-09,0.00030003593779836895
2.7h,4.812927055e-09,0.00030003588849281473
24h,4.812163992e-09,0.00030003592661561836
11.6d,4.803010247e-09,0.0003000359371348728
30d,4.7870959509999994e-09,0.0003000358929023137
10y,2.4964394569999997e-09,0.0003000359187085078
