Time,Value,Error
0s,0.0163807,0.0
2.7h,0.0163804,0.0
24h,0.0163784,0.0
11.6d,0.0163541,0.0
30d,0.0163119,0.0
10y,0.00982118,0.0
