Time,Value,Error
0s,0.0116955,0.0
2.7h,0.0116917,0.0
24h,0.0116631,0.0
11.6d,0.0113258,0.0
30d,0.0107612,0.0
10y,4.71969e-07,0.0
