Energy,Value,Error
31.100001,4.4711006418579995e-05,3.643741032939633e-05
