User,Time,Value,Error
0.0,0s,0.0,0.0
0.0,2.7h,0.0,0.0
0.0,24h,0.0,0.0
0.0,11.6d,0.0,0.0
0.0,30d,0.0,0.0
0.0,10y,0.0,0.0
-14028.0,0s,123097.0,0.0001
-14028.0,2.7h,5.03928e-18,0.0001
-14028.0,24h,0.0,0.0
-14028.0,11.6d,0.0,0.0
-14028.0,30d,0.0,0.0
-14028.0,10y,0.0,0.0
-14030.0,0s,0.031224,0.0051
-14030.0,2.7h,0.0149736,0.0051
-14030.0,24h,5.45657e-05,0.0051
-14030.0,11.6d,3.78605e-34,0.0051
-14030.0,30d,5.85375e-85,0.0051
-14030.0,10y,0.0,0.0
