Time,Value,Error
0s,5.5555011909e-12,0.26529677721374606
2.7h,5.3158786712e-12,0.26529677721374606
24h,3.7956345478e-12,0.26529677721374606
11.6d,6.7595590618e-14,0.26529677721374606
30d,6.0471415813e-17,0.26529677721374606
10y,0.0,0.0
