Energy,Value,Error
31.100001,6.81454335e-06,0.005670097000933935
