Time,Value,Error
0s,2.2192564e-11,0.05484067833278506
2.7h,1.8990858e-11,0.05484067833278506
24h,5.7756135999999995e-12,0.05484067833278506
11.6d,3.8010063999999995e-18,0.05484067833278506
30d,6.4259409e-29,0.05484067833278506
10y,0.0,0.0
