Energy,Value,Error
31.100001,4.038069232615599e-05,0.4355000688863321
