Time,Value,Error
0s,6.051502920001497e-12,0.33806724183215386
2.7h,5.90469036000146e-12,0.33806724183215386
24h,4.894474800001211e-12,0.33806724183215386
11.6d,5.190815060001285e-13,0.33806724183215386
30d,1.0403150000002574e-14,0.33806724183215386
10y,0.0,0.0
