Time,Value,Error
0s,1.0422132e-13,0.37869980195400155
2.7h,1.0175604e-13,0.37869980195400155
24h,8.47475e-14,0.37869980195400155
11.6d,9.511661000000001e-15,0.37869980195400155
30d,2.1040352e-16,0.37869980195400155
10y,0.0,0.0
