Energy,Value,Error
31.100001,4.54470634508e-05,0.06050024793337627
