Energy,Value,Error
31.100001,4.06787824253e-05,3.1003349076113895e-05
