Energy,Value,Error
31.100001,3.0075304723000003e-05,0.00844393273303382
