Energy,Value,Error
31.100001,1.1925106994000001e-05,0.017532826355154494
