Time,Value,Error
0s,6.7271497466e-10,0.0016527446352729053
2.7h,2.3661324850000002e-70,0.0016527445929064477
24h,0.0,
11.6d,0.0,
30d,0.0,
10y,0.0,
