Energy,Value,Error
31.100001,3.9512815403e-05,0.020407351616513105
