Time,Value,Error
0s,1.38547236959e-12,1.0007014389916706
2.7h,1.2703754447400002e-12,1.0007014389916706
24h,6.548779745199999e-13,1.0007014389916706
11.6d,2.37116258032e-16,1.0007014389916706
30d,2.39043513136e-22,1.0007014389916706
10y,0.0,0.0
