Energy,Value,Error
31.100001,3.56440501332e-06,0.00010428927000078866
