Time,Value,Error
0s,4.45806e-10,0.0078
2.7h,1.55382e-10,0.0078
24h,4.94558e-14,0.0078
11.6d,7.49044e-56,0.0078
30d,0.0,0.0
10y,0.0,0.0
