Time,Value,Error
0s,108.933,0.0003
2.7h,108.925,0.0003
24h,108.859,0.0003
11.6d,108.07,0.00030000000000000003
30d,106.708,0.0003
10y,8.87029,0.0003
