Energy,Value,Error
31.100001,3.6714746325000005e-05,0.011302654555457314
