Time,Value,Error
0s,7.531597553e-10,0.12805487105143637
2.7h,7.531441537999999e-10,0.12805487105143637
24h,7.530242425e-10,0.12805487105143637
11.6d,7.515912074e-10,0.12805487105143637
30d,7.491023725e-10,0.12805487105143637
10y,3.906524553e-10,0.12805487105143637
