Energy,Value,Error
31.100001,3.433198859999999e-05,2.5377988717343066e-05
