Time,Value,Error
0s,0.00282491,0.0598
2.7h,0.00276908,0.0598
24h,0.00237743,0.0598
11.6d,0.000383842,0.0598
30d,1.60002e-05,0.0598
10y,0.0,0.0
