Energy,Value,Error
31.100001,4.321669635999999e-05,0.015903458743304868
