Energy,Value,Error
1e-06,0.0,0.0
0.1,1.57224e-06,0.0002
1.0,6.93322e-06,0.0001
10.0,2.23682e-06,0.0002
20.0,9.27041e-07,0.0002
