Time,Value,Error
0s,0.00150517,0.0001
2.7h,0.00129344,0.0001
24h,0.000406196,0.0001
11.6d,3.92356e-10,0.0001
30d,1.29451e-20,0.0001
10y,0.0,0.0
