Energy,Value,Error
31.100001,2.5212998908800005e-05,3.334457682385288e-05
