Time,Value,Error
0s,7.110122304200001e-08,0.09951050195833604
2.7h,6.9855098958e-08,0.09951050195833604
24h,6.1029040029e-08,0.09951050195833604
11.6d,1.2135118774199999e-08,0.09951050195833604
30d,7.2720178348e-10,0.09951050195833604
10y,0.0,0.0
