Energy,Value,Error
31.100001,1.173654655276e-05,1.5386272086728302e-05
