Time,Value,Error
0s,4.54022811e-12,0.15637359112075158
2.7h,4.42565416e-12,0.15637359112075158
24h,3.64056814e-12,0.15637359112075158
11.6d,3.5238802500000005e-13,0.15637359112075158
30d,6.0229669e-15,0.15637359112075158
10y,0.0,0.0
