Time,Value,Error
0s,0.0298374,0.0
2.7h,0.0298362,0.0
24h,0.0298267,0.0
11.6d,0.0297134,0.0
30d,0.0295169,0.0
10y,0.0080298,0.0
