Energy,Value,Error
31.100001,3.9700791750700005e-05,0.020505121311516303
