Time,Value,Error
0s,2.427436366e-17,0.1758078780942424
2.7h,2.427436366e-17,0.1758078780942424
24h,2.427436366e-17,0.1758078780942424
11.6d,2.427436366e-17,0.1758078780942424
30d,2.427436366e-17,0.1758078780942424
10y,2.427436366e-17,0.1758078780942424
