Energy,Value,Error
31.100001,3.7149757016649995e-05,0.08771379595023807
