Time,Value,Error
0s,8.610990714000001e-10,0.0014938030369010394
2.7h,9.236632233e-41,0.0014938030270103839
24h,0.0,
11.6d,0.0,
30d,0.0,
10y,0.0,
