Energy,Value,Error
31.100001,3.741956253e-05,2.9499468007473125e-05
