Time,Value,Error
0s,3.2555586942e-11,0.7020400273488684
2.7h,3.2496922542e-11,0.7020400273488684
24h,3.2052375920999996e-11,0.7020400273488684
11.6d,2.71845264729e-11,0.7020400273488684
30d,2.0401546674700002e-11,0.7020400273488684
10y,7.0321483504e-36,0.7020400273488684
