Time,Value,Error
0s,0.00428039,0.0001
2.7h,0.00424669,0.0001
24h,0.00399784,0.0001
11.6d,0.00194186,0.0001
30d,0.000551743,0.0001
10y,0.0,0.0
