Energy,Value,Error
31.100001,4.102103817799999e-05,0.009703092290605094
