Time,Value,Error
0s,9.349461171e-11,0.29123835599041553
2.7h,8.94620474e-11,0.29123835599041553
24h,6.3877410805e-11,0.29123835599041553
11.6d,1.1375804768999999e-12,0.29123835599041553
30d,1.017685313e-15,0.29123835599041553
10y,0.0,0.0
