Time,Value,Error
0s,3.0010917172029996e-08,0.2309183188922005
2.7h,2.7887490946659997e-08,0.2309183188922005
24h,1.591970594e-08,0.2309183188922005
11.6d,1.951754065244e-11,0.2309183188922005
30d,1.6479967073080998e-16,0.2309183188922005
10y,0.0,0.0
