Time,Value,Error
0s,2.385000727395e-08,0.6414326698882744
2.7h,2.3793003666359997e-08,0.6414326698882744
24h,2.336153410895e-08,0.6414326698882744
11.6d,1.877050729797e-08,0.6414326698882744
30d,1.2819982176070002e-08,0.6414326698882744
10y,4.104189576184e-41,0.6414326698882744
