Energy,Value,Error
31.100001,3.9512815403e-05,2.811572760371241e-05
