Time,Value,Error
0s,1.1376450968963001e-07,0.30610039202849776
2.7h,1.0002610851949e-07,0.30610039202849776
24h,3.741841318703e-08,0.30610039202849776
11.6d,2.928439249423e-13,0.30610039202849776
30d,3.7013543152539997e-22,0.30610039202849776
10y,0.0,0.0
