Time,Value,Error
0s,701.656,0.0004
2.7h,600.428,0.0004
24h,182.606,0.0004
11.6d,0.000120175,0.0004
30d,2.03167e-15,0.0004
10y,0.0,0.0
