Energy,Value,Error
1e-06,3.01469e-11,0.0382
0.1,9.85328e-06,0.0001
1.0,1.8675e-05,0.0
10.0,5.58828e-06,0.0001
20.0,1.94719e-06,0.0001
