Time,Value,Error
0s,3.339999759e-10,0.25425827420164715
2.7h,3.336214965e-10,0.25425827420164715
24h,3.307486483e-10,0.25425827420164715
11.6d,2.982524783e-10,0.25425827420164715
30d,2.490678396e-10,0.25425827420164715
10y,1.0906242714000001e-25,0.25425827420164715
