Time,Value,Error
0s,33.0799,0.0048
2.7h,0.000236142,0.0048
24h,1.13438e-43,0.0048
11.6d,0.0,0.0
30d,0.0,0.0
10y,0.0,0.0
