Energy,Value,Error
31.100001,2.793219179726e-05,3.091866928420337e-05
