Time,Value,Error
0s,686.716,0.00019999999999999998
2.7h,662.421,0.0002
24h,503.059,0.0002
11.6d,18.7261,0.0002
30d,0.0605393,0.0002
10y,0.0,
