Time,Value,Error
0s,0.000284214,0.0001
2.7h,0.000277319,0.0001
24h,0.000229873,0.0001
11.6d,2.43791e-05,0.0001
30d,4.88593e-07,0.0001
10y,0.0,0.0
