Energy,Value,Error
31.100001,4.248334525564e-05,2.999440100727036e-05
