Time,Value,Error
0s,0.00395414,0.0001
2.7h,0.00393634,0.0001
24h,0.00380296,0.0001
11.6d,0.00251825,0.0001
30d,0.00122784,0.0001
10y,7.44125e-65,0.0001
