Time,Value,Error
0s,0.000109642,0.0
2.7h,0.000109642,0.0
24h,0.000109641,0.0
11.6d,0.000109636,0.0
30d,0.000109627,0.0
10y,0.000107842,0.0
