Time,Value,Error
0s,0.000834936,0.0001
2.7h,0.000834919,0.0001
24h,0.000834786,0.0001
11.6d,0.000833198,0.0001
30d,0.000830439,0.0001
10y,0.000433068,0.0001
