Time,Value,Error
0s,72.4752,0.0017
2.7h,70.7169,0.0017
24h,58.6182,0.0017
11.6d,6.21673,0.0017
30d,0.124592,0.0017
10y,0.0,0.0
