Time,Value,Error
0s,0.00338281,0.0001
2.7h,0.0032369,0.0001
24h,0.0023112,0.0001
11.6d,4.11598e-05,0.0001
30d,3.68218e-08,0.0001
10y,0.0,0.0
