Time,Value,Error
0s,0.00330726,0.0
2.7h,0.00330719,0.0
24h,0.00330667,0.0
11.6d,0.00330038,0.0
30d,0.00328945,0.0
10y,0.00171543,0.0
