Time,Value,Error
0s,0.00490832,0.0001
2.7h,0.0048223,0.0001
24h,0.00421301,0.0001
11.6d,0.000837723,0.0001
30d,5.02008e-05,0.0001
10y,0.0,0.0
