Time,Value,Error
0s,1.24549610836e-08,0.0001414273782832194
2.7h,1.18737351791e-08,0.00014142737713888556
24h,8.2417515784e-09,0.00014142737469066227
11.6d,1.0467633204e-10,0.00014142737943591917
30d,5.1959299417999995e-14,0.00014142737447450505
10y,0.0,
