Time,Value,Error
0s,5.13543,0.0083
2.7h,4.94835,0.0083
24h,3.72674,0.0083
11.6d,0.125577,0.0083
30d,0.0003413,0.0083
10y,0.0,0.0
