Energy,Value,Error
31.100001,5.73864808633e-05,0.026004038147949254
