Time,Value,Error
0s,0.0153492,0.0
2.7h,0.0148061,0.0
24h,0.0112442,0.0
11.6d,0.000418559,0.0
30d,1.35315e-06,0.0
10y,0.0,0.0
