Energy,Value,Error
31.100001,3.07893699504e-05,0.027800719415151835
