Time,Value,Error
0s,8.746756597019999e-08,0.1569003505413548
2.7h,3.580686653777e-30,0.1569003505413548
24h,0.0,0.0
11.6d,0.0,0.0
30d,0.0,0.0
10y,0.0,0.0
