Time,Value,Error
0s,3.8619571000000006e-12,0.17905448891329145
2.7h,3.859393e-12,0.17905448891329145
24h,3.8398934e-12,0.17905448891329145
11.6d,3.6141695e-12,0.17905448891329145
30d,3.2520905999999997e-12,0.17905448891329145
10y,3.276546e-21,0.17905448891329145
