Energy,Value,Error
31.100001,2.5303624999999998e-05,1.975847920710252e-05
