Energy,Value,Error
31.100001,4.1211930984799996e-05,0.031900470215970166
