Energy,Value,Error
1e-06,1.75863e-09,0.0056
0.1,7.42006e-06,0.0001
1.0,1.74718e-05,0.0
10.0,2.73377e-07,0.0004
20.0,9.47571e-09,0.0014
