Time,Value,Error
0s,0.0012453,0.0001
2.7h,0.00106564,0.0001
24h,0.00032409,0.0001
11.6d,2.13288e-10,0.0001
30d,3.60582e-21,0.0001
10y,0.0,0.0
