Energy,Value,Error
31.100001,4.19375834954e-05,0.04770041928536897
