Energy,Value,Error
31.100001,3.32544191e-05,2.3806364696876657e-05
