Energy,Value,Error
1e-06,6.82139e-14,0.4674
0.1,8.62701e-06,0.0001
1.0,2.76185e-05,0.0
10.0,1.78661e-06,0.0002
20.0,2.12648e-07,0.0004
