Energy,Value,Error
31.100001,2.2927976010549998e-05,0.0951168754743342
