Energy,Value,Error
31.100001,3.5644889133199996e-06,0.06572244669821718
