Time,Value,Error
0s,0.00122874,0.0001
2.7h,0.00112666,0.0001
24h,0.000580794,0.0001
11.6d,2.10292e-07,0.0001
30d,2.12002e-13,0.0001
10y,0.0,0.0
