Energy,Value,Error
31.100001,3.7803327501e-05,0.009615612304996494
