Energy,Value,Error
1e-06,0.0,0.0
0.1,8.75187e-08,0.0007
1.0,3.62269e-07,0.0004
10.0,5.63844e-07,0.0003
20.0,7.52093e-08,0.0007
