Energy,Value,Error
31.100001,5.5494967210000006e-05,0.004941659640242335
