Energy,Value,Error
31.100001,1.9353935132129002e-05,0.4355002525831644
