Time,Value,Error
0s,0.101721,0.0139
2.7h,0.101427,0.0139
24h,0.0992072,0.0139
11.6d,0.0761445,0.0139
30d,0.0480186,0.0139
10y,2.45093e-41,0.0139
