Energy,Value,Error
31.100001,4.3217268334999995e-05,2.710143206679767e-05
