Time,Value,Error
0s,0.147663,0.0062
2.7h,0.0700586,0.0062
24h,0.000235263,0.0062
11.6d,6.14151e-34,0.0062
30d,1.72874e-85,0.006199999999999999
10y,0.0,
