Time,Value,Error
0s,6.393963743226e-09,0.13406587932803785
2.7h,6.366502780635e-09,0.13406587932803785
24h,6.1605605212059995e-09,0.13406587932803785
11.6d,4.157670572247e-09,0.13406587932803785
30d,2.095431912689e-09,0.13406587932803785
10y,8.430657205374001e-68,0.13406587932803785
