Energy,Value,Error
31.100001,2.058161098e-05,0.0023706539182259396
