Energy,Value,Error
1e-06,2.33709e-08,0.0013
0.1,2.02196e-05,0.0
1.0,4.86299e-06,0.0001
10.0,1.82571e-07,0.0006
20.0,1.4195e-08,0.0017
