Energy,Value,Error
31.100001,3.253318578e-05,2.9706057025287338e-05
