Energy,Value,Error
31.100001,2.5303045900000002e-05,0.0022248595461286987
