Energy,Value,Error
31.100001,3.4329273300000004e-05,0.0017521415467935232
