Time,Value,Error
0s,115.402,0.0002
2.7h,101.466,0.0002
24h,37.957,0.0002
11.6d,0.000297059,0.0002
30d,3.75462e-13,0.0002
10y,0.0,
