Energy,Value,Error
31.100001,4.5746536913e-05,0.011218288639538564
