Energy,Value,Error
1e-06,1.99252e-10,0.0131
0.1,4.38614e-07,0.0003
1.0,6.81751e-07,0.0003
10.0,1.42637e-08,0.0022
20.0,1.47848e-09,0.0055
