Time,Value,Error
0s,0.0329656,0.0
2.7h,0.0140387,0.0
24h,0.00431503,0.0
11.6d,0.00375261,0.0
30d,0.0034062,0.0
10y,0.000377732,0.0
