Energy,Value,Error
31.100001,4.6336969671499994e-05,0.03770053050024627
