Time,Value,Error
0s,7.94841,0.0063
2.7h,7.71968,0.0063
24h,6.17608,0.0063
11.6d,0.428687,0.0063
30d,0.00410452,0.0063
10y,0.0,
