Energy,Value,Error
1e-06,1.0873e-10,0.0169
0.1,6.53632e-06,0.0001
1.0,5.16255e-06,0.0001
10.0,1.65468e-07,0.0007
20.0,6.10852e-08,0.0008
