Energy,Value,Error
31.100001,4.248334525564e-05,0.08050018633518807
