Energy,Value,Error
1e-06,5.25564e-12,0.0805
0.1,1.06841e-05,0.0001
1.0,2.31867e-05,0.0
10.0,6.66599e-06,0.0001
20.0,1.94655e-06,0.0001
