Energy,Value,Error
31.100001,1.1669321e-05,7.731948277839638e-05
