Energy,Value,Error
31.100001,4.149847782e-05,3.411089364008014e-05
