Time,Value,Error
0s,2803.43,0.0001
2.7h,2398.98,0.0001
24h,729.594,0.0001
11.6d,0.000480156,0.0001
30d,8.11746e-15,0.0001
10y,0.0,
