Energy,Value,Error
31.100001,2.92234413e-05,0.0015842979517754858
