Energy,Value,Error
31.100001,3.1857230000000006e-05,5.0000063379719817e-05
