Energy,Value,Error
31.100001,4.6338659572e-05,5.614593722472715e-05
