Time,Value,Error
0s,0.0037934,0.0
2.7h,0.00379089,0.0
24h,0.00377173,0.0
11.6d,0.00355002,0.0
30d,0.00319436,0.0
10y,3.21838e-12,0.0
