Time,Value,Error
0s,2.886207696e-10,0.11175929491545658
2.7h,2.8179310060000003e-10,0.11175929491545658
24h,2.3469154516e-10,0.11175929491545658
11.6d,2.634068763e-11,0.11175929491545658
30d,5.82670253e-13,0.11175929491545658
10y,0.0,0.0
