Time,Value,Error
0s,3.06506934e-11,1.0489109542759099
2.7h,1.0891300660000001e-44,1.0489109542759099
24h,0.0,0.0
11.6d,0.0,0.0
30d,0.0,0.0
10y,0.0,0.0
