Energy,Value,Error
31.100001,2.6402654900460002e-05,0.06370204078363582
