Time,Value,Error
0s,7.485146887000001e-13,0.8395585804457006
2.7h,3.5513242201e-13,0.8395585804457006
24h,1.1925656796e-15,0.8395585804457006
11.6d,3.1131761409999997e-45,0.8395585804457006
30d,8.7628661e-97,0.1502751143736048
10y,0.0,0.0
