Time,Value,Error
0s,26864.4,0.0001
2.7h,23620.2,0.0001
24h,8835.99,0.0001
11.6d,0.0691523,0.0001
30d,8.74037e-11,0.0001
10y,0.0,0.0
