Time,Value,Error
0s,0.122498,0.0
2.7h,0.122412,0.0
24h,0.12176,0.0
11.6d,0.114223,0.0
30d,0.102188,0.0
10y,3.31241e-11,0.0
