Time,Value,Error
0s,3387.0,0.0001
2.7h,4.93225e-07,0.0001
24h,3.46834e-82,0.0001
11.6d,0.0,0.0
30d,0.0,0.0
10y,0.0,0.0
