Energy,Value,Error
1e-06,5.98178e-10,0.0097
0.1,1.25029e-05,0.0001
1.0,2.18144e-05,0.0
10.0,5.63027e-06,0.0001
20.0,1.07287e-06,0.0002
