Time,Value,Error
0s,0.000162398,0.9801
2.7h,0.000162119,0.9801
24h,0.000160002,0.9801
11.6d,0.000136722,0.9801
30d,0.000103956,0.9801
10y,4.6433e-28,0.9801
