Energy,Value,Error
1e-06,2.76946e-09,0.0042
0.1,2.35056e-05,0.0
1.0,9.5347e-06,0.0001
10.0,7.00221e-08,0.001
20.0,1.87133e-08,0.0015
