Time,Value,Error
0s,0.183374,0.0001
2.7h,7.50684e-24,0.0001
24h,0.0,0.0
11.6d,0.0,0.0
30d,0.0,0.0
10y,0.0,0.0
