Time,Value,Error
0s,2.041465844129e-13,0.008834650242850113
2.7h,2.0413776941e-13,0.008834650954947051
24h,2.0407295238720003e-13,0.00883465071587067
11.6d,2.03297560116e-13,0.008834650196858099
30d,2.019526466458e-13,0.00883465246374432
10y,5.4939454618499995e-14,0.008834652196925736
