Energy,Value,Error
31.100001,3.82452220682139e-05,0.4674002246469293
