Energy,Value,Error
31.100001,1.3846435999999998e-06,0.00016516590125137376
