Time,Value,Error
0s,1.48055,0.0092
2.7h,0.689572,0.0092
24h,0.00201043,0.0092
11.6d,9.68239e-34,0.0092
30d,1.43335e-86,0.0092
10y,0.0,0.0
