Energy,Value,Error
31.100001,3.43290181e-05,0.0017521415467935232
