Energy,Value,Error
1e-06,8.48612e-13,0.1599
0.1,1.19172e-05,0.0001
1.0,2.44731e-05,0.0
10.0,2.8969e-07,0.0005
20.0,1.17529e-08,0.0015
