Energy,Value,Error
31.100001,4.06787824253e-05,0.05550054053790828
