Time,Value,Error
0s,0.00103646,0.0001
2.7h,0.00103518,0.0001
24h,0.00102544,0.0001
11.6d,0.000915863,0.0001
30d,0.00075215,0.0001
10y,1.23894e-20,0.0001
