Time,Value,Error
0s,7.6560791261e-08,0.03320813153430948
2.7h,7.6487530858e-08,0.03320813153430948
24h,7.593007779099999e-08,0.03320813153430948
11.6d,6.9570142797e-08,0.03320813153430948
30d,5.9734018675e-08,0.03320813153430948
10y,6.0973618495999995e-21,0.03320813153430948
