Time,Value,Error
0s,0.00391707,0.0707
2.7h,0.00382441,0.0707
24h,0.00318516,0.0707
11.6d,0.000357487,0.0707
30d,7.90782e-06,0.0707
10y,0.0,0.0
