Energy,Value,Error
31.100001,5.5494967210000006e-05,3.325278097776152e-05
