Energy,Value,Error
31.100001,3.741976129e-05,0.003013303834663873
