Time,Value,Error
0s,0.00126046,0.0001
2.7h,0.00110824,0.0001
24h,0.000414578,0.0001
11.6d,3.24457e-09,0.0001
30d,4.10091e-18,0.0001
10y,0.0,0.0
