Energy,Value,Error
31.100001,2.150786e-06,0.0010954451150103322
