Energy,Value,Error
1e-06,2.05736e-10,0.0149
0.1,4.38826e-07,0.0003
1.0,6.82028e-07,0.0003
10.0,1.43402e-08,0.0022
20.0,1.47532e-09,0.006
