Energy,Value,Error
31.100001,3.186515e-05,5.0000107855433225e-05
