Time,Value,Error
0s,0.0066847,0.0001
2.7h,0.00667967,0.0001
24h,0.00664139,0.0001
11.6d,0.0062002,0.0001
30d,0.00550028,0.0001
10y,3.40441e-13,0.0001
