Time,Value,Error
0s,0.0762245,0.0
2.7h,0.0664921,0.0
24h,0.0234169,0.0
11.6d,8.90496e-08,0.0
30d,3.20001e-17,0.0
10y,0.0,0.0
