Energy,Value,Error
31.100001,4.7755783e-07,0.0003123562047509327
