Time,Value,Error
0s,0.00278836,0.0
2.7h,0.00277196,0.0
24h,0.00264981,0.0
11.6d,0.00154582,0.0
30d,0.000604371,0.0
10y,5.56416e-84,0.0
