Time,Value,Error
0s,1.04618715e-16,0.4160664610371761
2.7h,1.04545619e-16,0.4160664610371761
24h,1.0398842e-16,0.4160664610371761
11.6d,9.7551695e-17,0.4160664610371761
30d,8.7272723e-17,0.4160664610371761
10y,2.8289464e-26,0.4160664610371761
