Time,Value,Error
0s,0.00308819,0.12
2.7h,0.00308728,0.12
24h,0.00308032,0.12
11.6d,0.00299836,0.12
30d,0.00286071,0.12
10y,2.82674e-07,0.12
