Energy,Value,Error
1e-06,0.0,0.0
0.1,9.10547e-06,0.0001
1.0,1.92195e-05,0.0
10.0,1.05051e-07,0.0006
20.0,2.43268e-08,0.0009
