Time,Value,Error
0s,6.96759,0.0023
2.7h,6.91273,0.0023
24h,6.50765,0.0023
11.6d,3.16094,0.0023
30d,0.898123,0.0023
10y,0.0,
