Energy,Value,Error
1e-06,0.0,0.0
0.1,4.23538e-10,0.0106
1.0,7.02308e-09,0.003
10.0,3.69882e-09,0.0043
20.0,3.48061e-09,0.0036
