Energy,Value,Error
31.100001,3.43290181e-05,2.5375821006799312e-05
