Energy,Value,Error
31.100001,4.07940500973318e-05,0.4160000360576907
