Energy,Value,Error
31.100001,1.173748653134e-05,0.06156313832156383
