Energy,Value,Error
31.100001,3.32547225e-05,2.3803740522691587e-05
