Time,Value,Error
0s,0.0991398,0.0
2.7h,0.0990298,0.0
24h,0.0981935,0.0
11.6d,0.088724,0.0
30d,0.0743526,0.0
10y,6.47353e-17,0.0
