Energy,Value,Error
31.100001,1.3840758e-06,0.00016514329950917622
