Energy,Value,Error
31.100001,1.1368752559999999e-06,0.01621819965347572
