Energy,Value,Error
1e-06,0.0,0.0
0.1,2.64497e-05,0.0
1.0,1.02424e-05,0.0001
10.0,2.13852e-07,0.0006
20.0,3.4624e-08,0.0011
