Time,Value,Error
0s,0.000697259,0.0001
2.7h,0.000696797,0.0001
24h,0.000693276,0.0001
11.6d,0.000652523,0.0001
30d,0.000587151,0.0001
10y,5.91566e-13,0.0001
