Time,Value,Error
0s,1.89382973e-15,0.9775388687924383
2.7h,1.89057242e-15,0.9775388687924383
24h,1.86587701e-15,0.9775388687924383
11.6d,1.59440783e-15,0.9775388687924383
30d,1.21230038e-15,0.9775388687924383
10y,5.4148508e-39,0.9775388687924383
