Energy,Value,Error
31.100001,1.815720658e-05,1.9172630990422e-05
