Energy,Value,Error
31.100001,9.357991999999999e-06,0.0005567764362830022
