Energy,Value,Error
31.100001,3.9700665047599994e-05,0.01920546797138773
