Energy,Value,Error
31.100001,3.32547225e-05,0.0012569805089976535
