Time,Value,Error
0s,0.0116933,0.0
2.7h,0.0116851,0.0
24h,0.0116231,0.0
11.6d,0.0109059,0.0
30d,0.00976032,0.0
10y,3.3995e-12,0.0
