Energy,Value,Error
31.100001,2.8261037361999998e-05,4.160873231638131e-05
