Energy,Value,Error
1e-06,8.33015e-11,0.019
0.1,2.4353e-05,0.0
1.0,9.33723e-06,0.0001
10.0,5.94857e-07,0.0003
20.0,7.08724e-08,0.0007
