Energy,Value,Error
31.100001,4.5746610969e-05,3.2978800239683826e-05
