Time,Value,Error
0s,2.4323164e-14,0.29468296523552223
2.7h,2.4322861e-14,0.29468296523552223
24h,2.4320336e-14,0.29468296523552223
11.6d,2.4290036000000003e-14,0.29468296523552223
30d,2.4237414e-14,0.29468296523552223
10y,1.5837827e-14,0.29468296523552223
