Energy,Value,Error
1e-06,3.25501e-10,0.0096
0.1,1.3368e-05,0.0001
1.0,2.34113e-05,0.0
10.0,9.02417e-07,0.0002
20.0,1.21285e-07,0.0005
