Time,Value,Error
0s,2.2271714750000003e-09,0.0004791292795454595
2.7h,2.225615544e-09,0.00047912928311266283
24h,2.2137585520000003e-09,0.0004791293049597414
11.6d,2.076723685e-09,0.00047912926072159537
30d,1.857904873e-09,0.00047912929939816155
10y,6.022388766e-19,0.0004791293225759143
