Energy,Value,Error
31.100001,3.8397139576319996e-05,3.491863544444416e-05
