Energy,Value,Error
1e-06,5.61825e-07,0.0003
0.1,2.15432e-07,0.0007
1.0,1.87112e-07,0.0007
10.0,8.88125e-07,0.0002
20.0,2.98292e-07,0.0003
