Energy,Value,Error
31.100001,4.6338659572e-05,0.037300536189175615
