Energy,Value,Error
31.100001,3.82447520682139e-05,2.4516764249406212e-05
