Energy,Value,Error
31.100001,4.038069232615599e-05,4.3137444034016665e-05
