Energy,Value,Error
31.100001,4.5746610969e-05,0.011218288639538564
