Energy,Value,Error
31.100001,3.742027339e-05,0.003013303834663873
