Time,Value,Error
0s,1.865625722e-10,0.15917028617176007
2.7h,1.8546488920000002e-10,0.15917028617176007
24h,1.7729202709999999e-10,0.15917028617176007
11.6d,1.034270665e-10,0.15917028617176007
30d,4.0436986380000004e-11,0.15917028617176007
10y,3.722850579e-91,0.15917028617176007
