Energy,Value,Error
31.100001,3.6691743748612e-05,3.2721792044986944e-05
