Time,Value,Error
0s,7.59999e-11,0.03351969570267606
2.7h,7.323129999999999e-11,0.03351969570267606
24h,5.51525e-11,0.03351969570267606
11.6d,1.858431e-12,0.03351969570267606
30d,5.050942e-15,0.03351969570267606
10y,0.0,0.0
