Energy,Value,Error
31.100001,3.43569702682e-05,0.019415200230747044
