Energy,Value,Error
31.100001,6.81498919e-06,9.50725227998761e-05
