Energy,Value,Error
31.100001,1.0259762414826e-06,0.00017938308351868868
