Time,Value,Error
0s,0.0117325,0.0001
2.7h,8.37529e-08,0.0001
24h,4.02331e-47,0.0001
11.6d,0.0,0.0
30d,0.0,0.0
10y,0.0,0.0
