Time,Value,Error
0s,0.0166241,0.0
2.7h,0.0166053,0.0
24h,0.0164623,0.0
11.6d,0.0148448,0.0
30d,0.0123968,0.0
10y,5.42831e-18,0.0
