Time,Value,Error
0s,1.72423,0.0049
2.7h,1.72258,0.0049
24h,1.71003,0.0049
11.6d,1.5668,0.0049
30d,1.34528,0.0049
10y,1.37319e-13,0.0049
