Energy,Value,Error
31.100001,3.741976129e-05,2.949957415577041e-05
