Energy,Value,Error
1e-06,1.8236e-10,0.0159
0.1,2.84321e-05,0.0
1.0,1.1208e-05,0.0001
10.0,3.1599e-06,0.0001
20.0,4.16514e-07,0.0003
