Time,Value,Error
0s,0.00652666,0.0001
2.7h,0.00652597,0.0001
24h,0.00652067,0.0001
11.6d,0.00645759,0.0001
30d,0.00634913,0.0001
10y,0.000228618,0.0001
