Time,Value,Error
0s,0.0318159,0.0
2.7h,0.0318151,0.0
24h,0.0318089,0.0
11.6d,0.0317347,0.0
30d,0.0316058,0.0
10y,0.0142225,0.0
