Energy,Value,Error
31.100001,1.8156529830000003e-05,0.004288356328478313
