Time,Value,Error
0s,1.38408668e-12,0.5986146924357938
2.7h,1.3118133500000002e-12,0.5986146924357938
24h,8.7081791e-13,0.5986146924357938
11.6d,6.4869737e-15,0.5986146924357938
30d,1.27081074e-18,0.5986146924357938
10y,0.0,0.0
