Time,Value,Error
0s,4.1161,0.0009
2.7h,3.92402,0.0009
24h,2.72373,0.0008999999999999999
11.6d,0.0345934,0.0009
30d,1.71715e-05,0.0009
10y,0.0,
