Time,Value,Error
0s,4.6504260714000005e-08,0.06464588153935252
2.7h,4.6499213392e-08,0.06464588153935252
24h,4.646150782e-08,0.06464588153935252
11.6d,4.6012006382000005e-08,0.06464588153935252
30d,4.5239178977000005e-08,0.06464588153935252
10y,1.62895985795e-09,0.06464588153935252
