Time,Value,Error
0s,0.00139283,0.0001
2.7h,0.0011969,0.0001
24h,0.000375878,0.0001
11.6d,3.63072e-10,0.0001
30d,1.19789e-20,0.0001
10y,0.0,0.0
