Time,Value,Error
0s,0.000240669,0.0001
2.7h,0.000239973,0.0001
24h,0.000234722,0.0001
11.6d,0.000180156,0.0001
30d,0.000113611,0.0001
10y,5.79883e-44,0.0001
