Time,Value,Error
0s,0.00129686,0.0001
2.7h,0.00129453,0.0001
24h,0.00127682,0.0001
11.6d,0.00108291,0.0001
30d,0.000812704,0.0001
10y,2.80128e-28,0.0001
