Time,Value,Error
0s,5.220541521e-09,0.22215733163683793
2.7h,5.2155448656e-09,0.22215733163683793
24h,5.1775306446e-09,0.22215733163683793
11.6d,4.7438664414e-09,0.22215733163683793
30d,4.0731525129e-09,0.22215733163683793
10y,4.1576813491e-22,0.22215733163683793
