Energy,Value,Error
1e-06,0.0,0.0
0.1,1.43532e-05,0.0
1.0,7.38657e-07,0.0003
10.0,1.14957e-08,0.0026
20.0,3.91678e-09,0.0033
