Time,Value,Error
0s,0.000308513,0.0138
2.7h,0.000307807,0.0138
24h,0.000302469,0.0138
11.6d,0.000245369,0.0138
30d,0.000170408,0.0138
10y,1.45024e-35,0.0138
