Time,Value,Error
0s,7.214135988e-12,0.7205180219814075
2.7h,3.3599968790000003e-12,0.7205180219814075
24h,9.795992816e-15,0.7205180219814075
11.6d,4.717838232e-45,0.7205180219814075
30d,6.96869e-98,0.020141995928904366
10y,0.0,0.0
