Time,Value,Error
0s,0.0849921,0.0
2.7h,0.0848789,0.0
24h,0.0840188,0.0
11.6d,0.0743853,0.0
30d,0.0601622,0.0
10y,4.93822e-20,0.0
