Time,Value,Error
0s,0.0725426,0.0
2.7h,0.0344178,0.0
24h,0.000115578,0.0
11.6d,3.01715e-34,0.0
30d,8.49278e-86,0.0
10y,0.0,0.0
