Time,Value,Error
0s,10.9111,0.0015
2.7h,3.80678,0.0015
24h,0.00122094,0.0015
11.6d,2.0261e-45,0.0015
30d,0.0,
10y,0.0,
