Time,Value,Error
0s,3.2527829258e-10,0.6369247208265668
2.7h,3.1376984176e-10,0.6369247208265668
24h,2.382845748e-10,0.6369247208265668
11.6d,8.8700459228e-12,0.6369247208265668
30d,2.8675745161000004e-14,0.6369247208265668
10y,0.0,0.0
