Energy,Value,Error
31.100001,1.9891136999999997e-07,0.005735852159879994
