Energy,Value,Error
1.15 - 3,0.00022867844,0.0008233410943383391
3 - 6,6.0731399e-05,0.0019289585591891448
6 - 9,2.632527e-05,0.00343304692715825
9 - 12,2.4109245e-05,0.0034764523122278513
12 - 20,0.00044827238499999997,0.0008704172075192245
