Energy,Value,Error
0.4 - 3,7.2601229e-06,0.000691699506772075
3 - 6,1.4482205299999999e-06,0.001179945242315571
6 - 10,4.8446410569999997e-08,0.006012515330371863
