Cells,Value,Error
5,0.000166816,0.0011
15,1.22059e-05,0.0018
25,1.23958e-06,0.003
35,1.46005e-07,0.0068
