Cells,Value,Error
5,4.38019e-05,0.0023
15,2.6261e-06,0.0042
25,2.48902e-07,0.0074
35,2.73576e-08,0.0128
