Cells,Value,Error
5,1.3607e-05,0.0011
15,7.55077e-07,0.002
25,6.63637e-08,0.0036
35,7.01928e-09,0.0062
