Cells,Value,Error
5,4.50106e-05,0.0011
15,2.75427e-06,0.0019
25,2.58308e-07,0.0033
35,2.89372e-08,0.0065
