Cells,Value,Error
48.0,210.257,0.0008
21.0,0.000378918,0.0076
54.0,323.176,0.0004
86.0,5.56162e-05,0.007
