Cells,Value,Error
481.0,0.578198300114,0.0004176564193742485
