Cells,Value,Error
481.0,0.578198300114,0.007793587107359486
