Energy,Value,Error
1e-06,2.42147e-10,0.013
0.1,1.69277e-05,0.0001
1.0,1.41289e-05,0.0001
10.0,9.77733e-06,0.0001
20.0,2.64648e-06,0.0001
