User,Time,Value,Error
0.0,H1.0,0.00126046,0.0001
0.0,H2.0,0.00110824,0.0001
0.0,H3.0,0.000414578,0.0001
0.0,H4.0,3.24457e-09,0.0001
0.0,H5.0,4.10091e-18,0.0001
0.0,H6.0,0.0,0.0
