User,Time,Value,Error
0.0,1.0,6.78641e-05,0.0001
0.0,2.0,5.96687e-05,0.0001
0.0,3.0,2.23213e-05,0.0001
0.0,4.0,1.74691e-10,0.0001
0.0,5.0,2.20797e-19,0.0001
0.0,6.0,0.0,0.0
total,6.0,0.0,0.0
