User,Time,Value,Error
0.0,1.0,0.0138639,0.0001
0.0,2.0,0.0121897,0.0001
0.0,3.0,0.00456,0.0001
0.0,4.0,3.56875e-08,0.0001
0.0,5.0,4.51065e-17,0.0001
0.0,6.0,0.0,0.0
total,6.0,0.0,0.0
