Energy,Value,Error
1e-06,1.84461e-10,0.0152
0.1,2.84326e-05,0.0
1.0,1.12077e-05,0.0001
10.0,3.16003e-06,0.0001
20.0,4.16581e-07,0.0003
