User,Time,Value,Error
0.0,1.0,8.01204e-11,0.0013
0.0,2.0,8.01204e-11,0.0013
0.0,3.0,8.01204e-11,0.0013
0.0,4.0,8.01204e-11,0.0013
0.0,5.0,8.01204e-11,0.0013
0.0,6.0,8.01197e-11,0.0013
total,6.0,8.01197e-11,0.0013
