User,Time,Value,Error
0.0,H1.0,0.183374,0.0001
0.0,H2.0,7.50684e-24,0.0001
0.0,H3.0,0.0,0.0
0.0,H4.0,0.0,0.0
0.0,H5.0,0.0,0.0
0.0,H6.0,0.0,0.0
