Energy,Value,Error
1e-06,1.05516e-09,0.0073
0.1,1.42051e-05,0.0001
1.0,2.1837e-05,0.0
10.0,1.00394e-05,0.0001
20.0,6.07443e-07,0.0002
