User,Time,Value,Error
0.0,1.0,0.068706,0.0001
0.0,2.0,2.81264e-24,0.0001
0.0,3.0,0.0,0.0
0.0,4.0,0.0,0.0
0.0,5.0,0.0,0.0
0.0,6.0,0.0,0.0
total,6.0,0.0,0.0
