User,Time,Value,Error
0.0,1.0,1.82485e-09,0.0122
0.0,2.0,8.17981e-11,0.0122
0.0,3.0,4.07683e-21,0.0122
0.0,4.0,0.0,0.0
0.0,5.0,0.0,0.0
0.0,6.0,0.0,0.0
total,6.0,0.0,0.0
