Time,Value,Error
1.0,0.00432024,0.0001
2.0,0.00424453,0.0001
3.0,0.00370824,0.0001
4.0,0.000737353,0.0001
5.0,4.41861e-05,0.0001
6.0,0.0,0.0
