Time,Value,Error
1.0,0.00490832,0.0001
2.0,0.0048223,0.0001
3.0,0.00421301,0.0001
4.0,0.000837723,0.0001
5.0,5.02008e-05,0.0001
6.0,0.0,0.0
