User,Time,Value,Error
0.0,1.0,2.068e-06,0.0026
0.0,2.0,1.76965e-06,0.0026
0.0,3.0,5.38197e-07,0.0026
0.0,4.0,3.54195e-13,0.0026
0.0,5.0,5.98798e-24,0.0026
0.0,6.0,0.0,0.0
total,6.0,0.0,0.0
