User,Time,Value,Error
0.0,H1.0,2.2581e-06,0.0002
0.0,H2.0,2.07051e-06,0.0002
0.0,H3.0,1.06735e-06,0.0002
0.0,H4.0,3.86463e-10,0.0002
0.0,H5.0,3.89604e-16,0.0002
0.0,H6.0,0.0,0.0
