User,Time,Value,Error
0.0,1.0,0.0012453,0.0001
0.0,2.0,0.00106564,0.0001
0.0,3.0,0.00032409,0.0001
0.0,4.0,2.13288e-10,0.0001
0.0,5.0,3.60582e-21,0.0001
0.0,6.0,0.0,0.0
total,6.0,0.0,0.0
