User,Time,Value,Error,abs_error
0.0,D1.0,827.968,0.0004,0.3311872
0.0,D2.0,827.175,0.0004,0.33087
0.0,D3.0,821.146,0.0004,0.3284584
0.0,D4.0,752.367,0.0004,0.3009468
0.0,D5.0,645.994,0.0004,0.2583976
0.0,D6.0,6.594e-11,0.0004,2.6375999999999998e-14
