Energy,Value,Error
1e-06,2.67319e-12,0.1743
0.1,1.78373e-05,0.0
1.0,2.79224e-05,0.0
10.0,2.47918e-06,0.0002
20.0,2.96071e-07,0.0004
