User,Time,Value,Error
0.0,H1.0,0.000449454,0.0001
0.0,H2.0,0.000438822,0.0001
0.0,H3.0,0.000365473,0.0001
0.0,H4.0,4.10189e-05,0.0001
0.0,H5.0,9.07361e-07,0.0001
0.0,H6.0,0.0,0.0
