User,Time,Value,Error,abs_error
0.0,D1.0,0.0154267,0.033,0.0005090811
0.0,D2.0,0.0150617,0.033,0.0004970361
0.0,D3.0,0.0125442,0.033,0.0004139586
0.0,D4.0,0.0014079,0.033,4.64607e-05
0.0,D5.0,3.11435e-05,0.033,1.0277355e-06
0.0,D6.0,0.0,0.0,0.0
