Time,Value,Error
H1.0,0.384844,0.0
H2.0,1.53922e-14,0.0
H3.0,0.0,0.0
H4.0,0.0,0.0
H5.0,0.0,0.0
H6.0,0.0,0.0
