Time,Value,Error
H1.0,0.0273423,0.0001
H2.0,1.09358e-15,0.0001
H3.0,0.0,0.0
H4.0,0.0,0.0
H5.0,0.0,0.0
H6.0,0.0,0.0
