User,Time,Value,Error
0.0,H1.0,0.00939778,0.0001
0.0,H2.0,3.30547e-63,0.0001
0.0,H3.0,0.0,0.0
0.0,H4.0,0.0,0.0
0.0,H5.0,0.0,0.0
0.0,H6.0,0.0,0.0
