Time,Value,Error
H1.0,0.00581563,0.0002
H2.0,2.32601e-16,0.0002
H3.0,0.0,0.0
H4.0,0.0,0.0
H5.0,0.0,0.0
H6.0,0.0,0.0
