Energy,Value,Error
1e-06,5.79123e-09,0.0027
0.1,1.09241e-05,0.0001
1.0,2.59507e-05,0.0
10.0,5.18184e-07,0.0003
20.0,2.07873e-08,0.0013
