Energy,Value,Error
1e-06,2.00031e-12,0.1009
0.1,9.27129e-06,0.0001
1.0,2.09552e-05,0.0
10.0,2.08227e-07,0.0005
20.0,1.54163e-08,0.0011
