Energy,Value,Error
1e-06,5.79599e-09,0.0027
0.1,1.09242e-05,0.0001
1.0,2.59508e-05,0.0
10.0,5.18179e-07,0.0003
20.0,2.07863e-08,0.0013
