User,Time,Value,Error
0.0,1.0,4.08544e-06,0.0001
0.0,2.0,4.08511e-06,0.0001
0.0,3.0,4.0826e-06,0.0001
0.0,4.0,4.05276e-06,0.0001
0.0,5.0,4.00127e-06,0.0001
0.0,6.0,3.25518e-07,0.0001
total,6.0,3.25518e-07,0.0001
