User,Time,Value,Error
0.0,H1.0,8.31573e-12,0.1324
0.0,H2.0,3.94539e-12,0.1324
0.0,H3.0,1.3249e-14,0.1324
0.0,H4.0,3.45863e-44,0.1324
0.0,H5.0,9.73548e-96,0.1324
0.0,H6.0,0.0,0.0
