User,Time,Value,Error
0.0,1.0,0.00529019,0.0001
0.0,2.0,0.00528066,0.0001
0.0,3.0,0.00520842,0.0001
0.0,4.0,0.00441741,0.0001
0.0,5.0,0.00331519,0.0001
0.0,6.0,1.1427e-27,0.0001
total,6.0,1.1427e-27,0.0001
