User,Time,Value,Error,abs_error
0.0,D1.0,6.0846,0.005,0.030423000000000002
0.0,D2.0,6.07364,0.005,0.0303682
0.0,D3.0,5.99055,0.005,0.02995275
0.0,D4.0,5.08076,0.005,0.0254038
0.0,D5.0,3.81303,0.005,0.01906515
0.0,D6.0,1.3143e-24,0.005,6.5715e-27
