User,Time,Value,Error
0.0,H1.0,0.00129686,0.0001
0.0,H2.0,0.00129453,0.0001
0.0,H3.0,0.00127682,0.0001
0.0,H4.0,0.00108291,0.0001
0.0,H5.0,0.000812704,0.0001
0.0,H6.0,2.80128e-28,0.0001
