User,Time,Value,Error
0.0,1.0,0.0013368,0.0002
0.0,2.0,0.000634244,0.0002
0.0,3.0,2.12985e-06,0.0002
0.0,4.0,5.55994e-36,0.0002
0.0,5.0,1.56503e-87,0.0002
0.0,6.0,0.0,0.0
total,6.0,0.0,0.0
