User,Time,Value,Error
0.0,1.0,7.35751e-08,0.023
0.0,2.0,7.35562e-08,0.023
0.0,3.0,7.34119e-08,0.023
0.0,4.0,7.17083e-08,0.023
0.0,5.0,6.88336e-08,0.023
0.0,6.0,2.24336e-11,0.023
total,6.0,2.24336e-11,0.023
