User,Time,Value,Error
0.0,H1.0,0.000457365,0.0001
0.0,H2.0,0.00045723,0.0001
0.0,H3.0,0.0004562,0.0001
0.0,H4.0,0.000444061,0.0001
0.0,H5.0,0.000423675,0.0001
0.0,H6.0,4.18645e-08,0.0001
