Time,Value,Error
1.0,0.0166241,0.0
2.0,0.0166053,0.0
3.0,0.0164623,0.0
4.0,0.0148448,0.0
5.0,0.0123968,0.0
6.0,5.42831e-18,0.0
