User,Time,Value,Error
0.0,1.0,1.22628e-05,0.0002
0.0,2.0,1.22623e-05,0.0002
0.0,3.0,1.22584e-05,0.0002
0.0,4.0,1.22118e-05,0.0002
0.0,5.0,1.21311e-05,0.0002
0.0,6.0,3.30014e-06,0.0002
total,6.0,3.30014e-06,0.0002
