User,Time,Value,Error
0.0,1.0,0.00303015,0.0001
0.0,2.0,0.00303002,0.0001
0.0,3.0,0.00302906,0.0001
0.0,4.0,0.00301755,0.0001
0.0,5.0,0.00299759,0.0001
0.0,6.0,0.000815467,0.0001
total,6.0,0.000815467,0.0001
