Energy,Value,Error
1e-06,2.77595e-09,0.0037
0.1,1.69416e-05,0.0
1.0,1.13877e-06,0.0003
10.0,6.45527e-08,0.001
20.0,8.83118e-09,0.0019
