Time,Value,Error
1.0,0.000831614,0.0001
2.0,0.00083158,0.0001
3.0,0.000831315,0.0001
4.0,0.000828156,0.0001
5.0,0.000822681,0.0001
6.0,0.000223802,0.0001
