Time,Value,Error
1.0,0.00141816,0.0004
2.0,5.03921e-37,0.0004
3.0,0.0,0.0
4.0,0.0,0.0
5.0,0.0,0.0
6.0,0.0,0.0
