User,Time,Value,Error
0.0,1.0,0.0326807,0.0
0.0,2.0,4.75906e-12,0.0
0.0,3.0,3.34656e-87,0.0
0.0,4.0,0.0,0.0
0.0,5.0,0.0,0.0
0.0,6.0,0.0,0.0
total,6.0,0.0,0.0
