Time,Value,Error
H1.0,0.00141816,0.0004
H2.0,5.03921e-37,0.0004
H3.0,0.0,0.0
H4.0,0.0,0.0
H5.0,0.0,0.0
H6.0,0.0,0.0
