Energy,Value,Error
1e-06,4.61074e-10,0.0083
0.1,1.30487e-05,0.0
1.0,1.67663e-05,0.0
10.0,2.14624e-07,0.0005
20.0,4.29613e-08,0.0007
