Energy,Value,Error
1e-06,3.33722e-09,0.0032
0.1,1.30173e-05,0.0001
1.0,2.39059e-05,0.0
10.0,3.8807e-07,0.0004
20.0,5.09854e-08,0.0008
