User,Time,Value,Error
0.0,1.0,0.0762245,0.0
0.0,2.0,0.0664921,0.0
0.0,3.0,0.0234169,0.0
0.0,4.0,8.90496e-08,0.0
0.0,5.0,3.20001e-17,0.0
0.0,6.0,0.0,0.0
total,6.0,0.0,0.0
