Energy,Value,Error
1e-06,3.10308e-11,0.0368
0.1,9.85406e-06,0.0001
1.0,1.86739e-05,0.0
10.0,5.58826e-06,0.0001
20.0,1.94727e-06,0.0001
