User,Time,Value,Error
0.0,H1.0,0.00103646,0.0001
0.0,H2.0,0.00103518,0.0001
0.0,H3.0,0.00102544,0.0001
0.0,H4.0,0.000915863,0.0001
0.0,H5.0,0.00075215,0.0001
0.0,H6.0,1.23894e-20,0.0001
