Time,Value,Error
1.0,0.00826232,0.0
2.0,0.0082521,0.0
3.0,0.00817448,0.0
4.0,0.00730095,0.0
5.0,0.00599589,0.0
6.0,9.87643e-20,0.0
