User,Time,Value,Error
0.0,H1.0,0.0066847,0.0001
0.0,H2.0,0.00667967,0.0001
0.0,H3.0,0.00664139,0.0001
0.0,H4.0,0.0062002,0.0001
0.0,H5.0,0.00550028,0.0001
0.0,H6.0,3.40441e-13,0.0001
