User,Time,Value,Error
0.0,1.0,0.00179505,0.0002
0.0,2.0,0.0017515,0.0002
0.0,3.0,0.00145184,0.0002
0.0,4.0,0.000153975,0.0002
0.0,5.0,3.08588e-06,0.0002
0.0,6.0,0.0,0.0
total,6.0,0.0,0.0
