Energy,Value,Error
1e-06,3.63322e-09,0.0044
0.1,2.51565e-05,0.0
1.0,2.65911e-05,0.0
10.0,9.05528e-07,0.0003
20.0,2.67412e-07,0.0004
