User,Time,Value,Error
0.0,1.0,0.000332623,0.0001
0.0,2.0,0.000306295,0.0001
0.0,3.0,0.000163131,0.0001
0.0,4.0,8.72488e-08,0.0001
0.0,5.0,1.73581e-13,0.0001
0.0,6.0,0.0,0.0
total,6.0,0.0,0.0
