User,Time,Value,Error
0.0,1.0,0.00189989,0.0001
0.0,2.0,0.00188494,0.0001
0.0,3.0,0.00177448,0.0001
0.0,4.0,0.000861912,0.0001
0.0,5.0,0.000244897,0.0001
0.0,6.0,0.0,0.0
total,6.0,0.0,0.0
