Energy,Value,Error
1e-06,6.51332e-12,0.0657
0.1,1.93833e-06,0.0001
1.0,1.54457e-06,0.0002
10.0,5.861e-08,0.0011
20.0,2.28885e-08,0.0014
