User,Time,Value,Error
0.0,1.0,0.000284214,0.0001
0.0,2.0,0.000277319,0.0001
0.0,3.0,0.000229873,0.0001
0.0,4.0,2.43791e-05,0.0001
0.0,5.0,4.88593e-07,0.0001
0.0,6.0,0.0,0.0
total,6.0,0.0,0.0
