Time,Value,Error
1.0,0.000114165,0.0001
2.0,0.000114165,0.0001
3.0,0.000114165,0.0001
4.0,0.000114159,0.0001
5.0,0.00011415,0.0001
6.0,0.000112291,0.0001
