User,Time,Value,Error
0.0,H1.0,0.000114165,0.0001
0.0,H2.0,0.000114165,0.0001
0.0,H3.0,0.000114165,0.0001
0.0,H4.0,0.000114159,0.0001
0.0,H5.0,0.00011415,0.0001
0.0,H6.0,0.000112291,0.0001
