User,Time,Value,Error
0.0,1.0,0.00286507,0.0001
0.0,2.0,0.00276371,0.0001
0.0,3.0,0.00209883,0.0001
0.0,4.0,7.81279e-05,0.0001
0.0,5.0,2.52578e-07,0.0001
0.0,6.0,0.0,0.0
total,6.0,0.0,0.0
