Energy,Value,Error
1e-06,8.73941e-11,0.0251
0.1,1.63631e-05,0.0001
1.0,3.83423e-05,0.0
10.0,2.43288e-06,0.0002
20.0,2.51981e-07,0.0004
