Energy,Value,Error
1e-06,9.73318e-14,0.416
0.1,8.94228e-06,0.0001
1.0,1.8663e-05,0.0
10.0,9.28995e-06,0.0001
20.0,3.89882e-06,0.0001
