Time,Value,Error
1.0,0.000834936,0.0001
2.0,0.000834919,0.0001
3.0,0.000834786,0.0001
4.0,0.000833198,0.0001
5.0,0.000830439,0.0001
6.0,0.000433068,0.0001
