Energy,Value,Error
1e-06,1.24253e-11,0.0555
0.1,9.86749e-06,0.0001
1.0,2.20414e-05,0.0
10.0,7.19539e-06,0.0001
20.0,1.57449e-06,0.0002
