Time,Value,Error
H1.0,0.00330726,0.0
H2.0,0.00330719,0.0
H3.0,0.00330667,0.0
H4.0,0.00330038,0.0
H5.0,0.00328945,0.0
H6.0,0.00171543,0.0
