Energy,Value,Error
1e-06,1.0645e-13,0.3936
0.1,1.66429e-05,0.0001
1.0,3.23772e-05,0.0
10.0,3.72978e-06,0.0001
20.0,5.84323e-07,0.0003
