Time,Value,Error
1.0,0.122498,0.0
2.0,0.122412,0.0
3.0,0.12176,0.0
4.0,0.114223,0.0
5.0,0.102188,0.0
6.0,3.31241e-11,0.0
