User,Time,Value,Error,abs_error
0.0,D1.0,0.00230727,0.127,0.00029302329000000004
0.0,D2.0,0.00230574,0.127,0.00029282898
0.0,D3.0,0.00229408,0.127,0.00029134816
0.0,D4.0,0.00215923,0.127,0.00027422221
0.0,D5.0,0.00194291,0.127,0.00024674957
0.0,D6.0,1.95752e-12,0.127,2.4860503999999997e-13
