Energy,Value,Error
1e-06,6.46134e-12,0.0614
0.1,1.11302e-05,0.0
1.0,5.94137e-07,0.0003
10.0,9.32976e-09,0.0029
20.0,3.81331e-09,0.0034
