Energy,Value,Error
1e-06,0.0,0.0
0.1,3.35463e-07,0.0003
1.0,2.14805e-07,0.0005
10.0,7.75827e-09,0.0032
20.0,3.09235e-09,0.0038
