User,Time,Value,Error
0.0,H1.0,0.0166356,0.0001
0.0,H2.0,0.0166004,0.0001
0.0,H3.0,0.0163341,0.0001
0.0,H4.0,0.0134616,0.0001
0.0,H5.0,0.00961013,0.0001
0.0,H6.0,1.81925e-31,0.0001
