User,Time,Value,Error
0.0,1.0,0.000112511,0.0001
0.0,2.0,0.00011045,0.0001
0.0,3.0,9.58991e-05,0.0001
0.0,4.0,1.77086e-05,0.0001
0.0,5.0,9.32806e-07,0.0001
0.0,6.0,0.0,0.0
total,6.0,0.0,0.0
