User,Time,Value,Error
0.0,1.0,0.000768144,0.0001
0.0,2.0,0.000752964,0.0001
0.0,3.0,0.000646467,0.0001
0.0,4.0,0.000104374,0.0001
0.0,5.0,4.35074e-06,0.0001
0.0,6.0,0.0,0.0
total,6.0,0.0,0.0
