Time,Value,Error
1.0,0.000768144,0.0001
2.0,0.000752964,0.0001
3.0,0.000646467,0.0001
4.0,0.000104374,0.0001
5.0,4.35074e-06,0.0001
6.0,0.0,0.0
