Energy,Value,Error
1e-06,0.0,0.0
0.1,6.30483e-08,0.0009
1.0,1.17734e-07,0.0008
10.0,1.62833e-08,0.0021
20.0,1.84577e-09,0.0052
