Energy,Value,Error
1e-06,3.68643e-10,0.0097
0.1,2.47239e-07,0.0004
1.0,6.47328e-07,0.0003
10.0,2.41911e-08,0.0017
20.0,1.86375e-09,0.0057
