User,Time,Value,Error
0.0,1.0,2.77074e-10,0.0001
0.0,2.0,2.77074e-10,0.0001
0.0,3.0,2.77074e-10,0.0001
0.0,4.0,2.77074e-10,0.0001
0.0,5.0,2.77074e-10,0.0001
0.0,6.0,2.77074e-10,0.0001
total,6.0,2.77074e-10,0.0001
