Energy,Value,Error
1e-06,2.72969e-10,0.0112
0.1,1.45606e-05,0.0001
1.0,2.91229e-05,0.0
10.0,1.93976e-06,0.0002
20.0,1.23078e-07,0.0006
