User,Time,Value,Error,abs_error
0.0,D1.0,10.9111,0.0015,0.01636665
0.0,D2.0,3.80678,0.0015,0.00571017
0.0,D3.0,0.00122094,0.0015,1.83141e-06
0.0,D4.0,2.0261e-45,0.0015,3.03915e-48
0.0,D5.0,0.0,0.0,0.0
0.0,D6.0,0.0,0.0,0.0
