User,Time,Value,Error
0.0,1.0,0.000388485,0.0001
0.0,2.0,0.000375472,0.0001
0.0,3.0,0.000289423,0.0001
0.0,4.0,1.28746e-05,0.0001
0.0,5.0,5.67733e-08,0.0001
0.0,6.0,0.0,0.0
total,6.0,0.0,0.0
