User,Time,Value,Error
0.0,1.0,0.000425471,0.0001
0.0,2.0,4.19561e-05,0.0001
0.0,3.0,1.67439e-05,0.0001
0.0,4.0,3.50069e-06,0.0002
0.0,5.0,3.0714e-06,0.0002
0.0,6.0,2.76408e-09,0.0004
total,6.0,2.76408e-09,0.0004
