Energy,Value,Error
1e-06,4.40982e-10,0.0117
0.1,1.21913e-05,0.0001
1.0,1.95035e-05,0.0
10.0,5.50701e-06,0.0001
20.0,5.72585e-07,0.0002
