Energy,Value,Error
0.4 - 3,2.8475968999999998e-05,0.0023259604243719358
3 - 6,5.48437162e-06,0.017338258146707
6 - 10,2.17556821e-07,0.013428614134067084
