Energy,Value,Error
1.15 - 3,3.1229448e-05,0.001069147533137631
3 - 6,7.154498e-06,0.002425768332428117
6 - 9,3.1168768e-06,0.003980949075700671
9 - 12,3.0564712e-06,0.00413729529443785
12 - 20,3.3567959e-05,0.0014558212215795366
