Energy,Value,Error
0.4 - 3,0.000112977369,0.0029473088026300835
3 - 6,1.92452618e-05,0.008250462303909733
6 - 10,7.3541265e-07,0.007452270493360278
