Energy,Value,Error
1.15 - 3,4.3325501e-07,0.002833012851608318
3 - 6,9.063146e-08,0.006815825494129326
6 - 9,4.100501e-08,0.011288721946584849
9 - 12,4.131135e-08,0.023808101185310848
12 - 20,3.0376825000000003e-07,0.0048003453522832695
