Cells,Value,Error
31,5.48825e-06,0.0026
25,4.38468e-08,0.0049
71,7.15983e-06,0.0013
82,6.09798e-09,0.0048
