Cells,Value,Error
31,0.00944481,0.0012
25,7.46727e-05,0.0025
71,0.012893,0.0006
82,1.13665e-05,0.0022
