Cells,Value,Error
48,113.919,0.0004
21,0.000162991,0.0037
54,176.532,0.0002
86,2.35847e-05,0.0035
