Cells,Value,Error
48,1.72357,0.0004
21,1.46581e-06,0.0048
54,2.69293,0.0002
86,1.99621e-07,0.0048
