Cells,Value,Error
31,0.106412,0.0018
25,0.0010438,0.0033
71,0.142236,0.0009
82,0.000163129,0.003
