Cells,Value,Error
48,211.34,0.0003
21,0.00038746,0.0024
54,324.938,0.0001
86,5.68449e-05,0.0022
