Cells,Value,Error
31,0.57041,0.0012
25,0.00553867,0.0022
71,0.76349,0.0006
82,0.000863619,0.002
