Cells,Value,Error
48,9.12965,0.0002
21,3.9073e-05,0.0019
54,13.7219,0.0001
86,5.67945e-06,0.0017
