Cells,Value,Error
48,647.097,0.0003
21,0.00109691,0.0025
54,1000.79,0.0001
86,0.000160253,0.0024
