Energy,Value,Error
1.15 - 3,3.63338e-06,0.001726490505081038
3 - 6,7.817284e-07,0.004037611263743717
6 - 9,3.639106e-07,0.00648732169299612
9 - 12,3.3486007e-07,0.006991541124584963
12 - 20,2.90626243e-06,0.0025683614961100254
