Energy,Value,Error
1.15 - 3,3.1138662e-05,0.00107156500881104
3 - 6,7.200201e-06,0.0025395673150916216
6 - 9,3.302364e-06,0.0038838797380385875
9 - 12,3.1095174e-06,0.003997365323460246
12 - 20,3.35497547e-05,0.001453525650602632
