Energy,Value,Error
1.15 - 3,0.00022873022,0.0008438801528148831
3 - 6,6.104759e-05,0.001934277800485813
6 - 9,2.7254819e-05,0.003233539894685443
9 - 12,2.418392e-05,0.00348957571994009
12 - 20,0.000448794843,0.0008707163012688877
