Energy,Value,Error
0.4 - 3,0.000113026122,0.0008146325404434443
3 - 6,1.92864034e-05,0.001709729741755664
6 - 10,6.36562242e-07,0.00732309868227097
