Cells,Value,Error
481.0,0.30339973469299997,0.0004140171285629798
