Energy,Value,Error
1.15 - 3,4.375204533836743e-07,0.0062617359849739315
3 - 6,9.230533089779109e-08,0.01306103570862643
6 - 9,3.993991464183489e-08,0.020716870442390886
9 - 12,4.081567233049539e-08,0.02098969610528498
12 - 20,3.0247502420626046e-07,0.010232565241307025
