Energy,Value,Error
1.15 - 3,3.7086376734061838e-06,0.0030972522030468315
3 - 6,7.868900908179001e-07,0.008088877152581699
6 - 9,3.4109596201298054e-07,0.0113291098275472
9 - 12,3.3629107357286223e-07,0.0115931283548971
12 - 20,2.9191967772924695e-06,0.005855298891441848
