Energy,Value,Error
1.15 - 3,4.343578027811126e-07,0.0023278352064958854
3 - 6,9.087046478547578e-08,0.005691686266166969
6 - 9,4.1656127021186296e-08,0.009222097685960256
9 - 12,4.139381271822691e-08,0.009373719573925129
12 - 20,3.065473278638252e-07,0.004401277777269679
