Energy,Value,Error
0.4 - 3,2.719102251832662e-05,0.0005138911455029411
3 - 6,5.610336592987622e-06,0.0011588472802488375
6 - 10,2.2252903554435114e-07,0.0056219891883224704
