Energy,Value,Error
0.4 - 3,0.0006166553849201654,0.0010762992937410894
3 - 6,8.858055838783195e-05,0.0028127100148660046
6 - 10,3.4884212903798725e-06,0.014317952586857469
