Energy,Value,Error
1.15 - 3,3.159262130471466e-05,0.0014182265776840196
3 - 6,7.128360308501343e-06,0.003647089340368295
6 - 9,3.0815485422327623e-06,0.0053489255858932
9 - 12,3.079001137094595e-06,0.005611874869184346
12 - 20,3.402688017997753e-05,0.002275512355831924
