Energy,Value,Error
0.4 - 3,0.00032017023210424895,0.0004127060244017633
3 - 6,6.501476160120726e-05,0.000931306968473989
6 - 10,2.622720251391811e-06,0.004650424573060148
