Energy,Value,Error
0.4 - 3,0.00011501184884301595,0.0007772020479773375
3 - 6,1.958536188423097e-05,0.001789756180238551
6 - 10,7.568562569251493e-07,0.008978846058068589
