Energy,Value,Error
1.15 - 3,0.00016081829273326093,0.0018435481025966282
3 - 6,3.374134074117954e-05,0.004370333709596301
6 - 9,1.5002009214557265e-05,0.006821440039509525
9 - 12,1.4483006979763688e-05,0.00695821293818495
12 - 20,0.00012873056739995736,0.003071667001221298
