Energy,Value,Error
0.4 - 3,0.0006297259468749153,0.0011132484058771711
3 - 6,8.85636070506037e-05,0.0027920644461410407
6 - 10,3.4660707152812767e-06,0.014338244873170444
