Cells,Value,Error
"115In(n,n')115mIn",4.93517e-30,0.005599999999999999
