Energy,Value,Error
0.1 - 0.15,9.499071645522407e-05,0.00020730336512142806
0.15 - 0.2,6.000716815539014e-05,0.00023906926507844597
0.2 - 0.4,5.9100497870995204e-05,0.00019719394083428897
0.4 - 0.5,2.1537618305384557e-05,0.00024498161956432353
0.5 - 0.7,3.313437868283214e-05,0.00018195134731744945
0.7 - 1,2.666883292172674e-05,0.00018323358777525903
1 - 1.2,8.384999349908175e-06,0.00028720459050685554
1.2 - 1.5,1.5002145227170854e-06,0.0006473013741466666
