Cells,Value,Error
5,4.37389e-05,0.0033
15,2.62906e-06,0.006
25,2.47037e-07,0.0104
35,2.80915e-08,0.0174
