Cells,Value,Error
5,0.000601722,0.0028
15,0.000279789,0.0012
25,9.348e-05,0.0011
35,2.59784e-05,0.0019
