Cells,Time,Value,Error
10,1.0,0.0151085,0.0336
10,2.0,0.0131527,0.0337
11,1.0,0.0122199,0.0379
11,2.0,0.0106399,0.0381
12,1.0,0.00836998,0.0497
12,2.0,0.00729064,0.0501
13,1.0,0.00542651,0.0911
13,2.0,0.00473207,0.0923
