Cells,Value,Error
4.10115,0.0109604,0.0207
10.40115,0.0154773,0.0183
16.70115,0.0135531,0.0207
23.00115,0.00824284,0.0252
