Cells,Value,Error
4.10115,8.74534e-05,0.0016
10.40115,2.24771e-05,0.0032
16.70115,7.51207e-06,0.0056
23.00115,2.79429e-06,0.0091
