Value,Error,Energy
3.124918581785897,0.004930460223698604,0.1 - 1
3.337945566734368,0.003797936197252228,1 - 3.5
1.1422792095121421,0.0058738437373033695,3.5 - 10
14.333082781130118,0.000871349166221471,10 - 20
