Value,Error,Energy
0.0730713467086215,0.00801318026019458,0.01 - 0.1
7.939679782584875,0.004107092430800216,0.1 - 1
4.38290698202452,0.004139024415168363,1 - 3.5
1.2235808992686303,0.0071995239447594376,3.5 - 10
16.34557123835215,0.0010817199817749652,10 - 20
