Energy,Value,Error
0.1 - 1,3.124918581785897,0.0007848560419577005
1 - 3.5,3.337945566734368,0.0007623548687043286
3.5 - 10,1.1422792095121421,0.0012992471005763512
10 - 20,14.333082781130118,0.00033620131606952906
