Energy,Value,Error
0.1 - 1,2.0442380001093015,0.0007460025857810101
1 - 3.5,2.1118644,0.0007717100494427455
3.5 - 10,0.50030212,0.0014922254804676331
10 - 20,0.00219198,0.01083623359223421
