Energy,Value,Error
0.1 - 1,3.906199730836097,0.0007464555396062991
1 - 3.5,3.0998146897204784,0.0008408726656658109
3.5 - 10,2.0494360803627987,0.0010308388010378084
10 - 20,5.054472429875953,0.0006741389364851167
