Energy,Value,Error
0.1 - 1,1.732644881437694,0.001145677570681939
1 - 3.5,2.615186445924114,0.0009293589071450445
3.5 - 10,1.7626332601182133,0.0011151985469242888
10 - 20,17.96557918007723,0.0003483203193787176
