Energy,Value,Error
0.01 - 0.1,0.6703215809868568,0.0016959050382524422
0.1 - 1,17.347571590950384,0.0003503579232922002
1 - 3.5,3.606315218268942,0.0007898165768027517
3.5 - 10,0.7678136863627967,0.0016961584604238786
10 - 20,2.5570201538762944,0.0009417762793809386
