Value,Error,Energy
0.004700354271333216,0.018058464256974886,0.01 - 0.1
2.031910845262814,0.0056221504803491236,0.1 - 1
2.8028075400258534,0.0037508207327994923,1 - 3.5
1.4262853736228092,0.004637114531175715,3.5 - 10
10.478160246738804,0.0010325033161652584,10 - 20
