Energy,Value,Error
0.1 - 1,0.7936083666787452,0.0013255485902656323
1 - 3.5,1.2402668000000001,0.0010840253445229735
3.5 - 10,0.11773343519999999,0.0033983195781225363
10 - 20,0.0001228076,0.04634929196570909
