Energy,Value,Error
0.01 - 0.1,0.7476920288477235,0.0017832439564893228
0.1 - 1,13.031919136109618,0.00042932794388203613
1 - 3.5,7.520813912676422,0.0005668727030160671
3.5 - 10,1.5952305051614644,0.001234211150853252
10 - 20,9.32654211861471,0.0004928865706058324
