Energy,Value,Error
0.1 - 1,1.1500960000585,0.0009723914120232252
1 - 3.5,2.2183741,0.0007835124153736599
3.5 - 10,0.32046978,0.001774822401959336
10 - 20,0.000898455,0.0125
