Value,Error,Energy
0.8266768750552873,0.0035703214899543492,0.01 - 0.1
17.947141359726636,0.002700542381328214,0.1 - 1
6.786926854347582,0.0032164375178308884,1 - 3.5
1.2277444433547058,0.007055585638990878,3.5 - 10
3.606285754505938,0.0025426057982050757,10 - 20
