Energy,Value,Error
0.1 - 1,0.8041010000441828,0.0010351375108597475
1 - 3.5,1.6749239000000002,0.0007932495992818242
3.5 - 10,0.36350144,0.0015804270577945586
10 - 20,0.0027328739999999997,0.008671210963744567
