Energy,Value,Error
1.15 - 3,4.08661e-06,0.015476540693511908
3 - 6,7.8203e-07,0.012476298554858956
6 - 9,2.59007e-07,0.014920429387384708
9 - 12,2.54244e-07,0.016211727616254796
12 - 20,2.3372179999999995e-06,0.016216491144765928