Energy,Value,Error
1.15 - 3,3.1212500000000007e-05,0.015610135444931816
3 - 6,6.04987e-06,0.012006305410500951
6 - 9,2.02892e-06,0.016828076949438893
9 - 12,2.0465299999999998e-06,0.01638227073735955
12 - 20,2.746711e-05,0.0166790399872731