Energy,Value,Error
1.15 - 3,5.07948e-07,0.014773409671840668
3 - 6,1.12902e-07,0.012641359971755615
6 - 9,4.0076e-08,0.02048733344316858
9 - 12,3.8229000000000004e-08,0.022290092374674515
12 - 20,2.6884000000000007e-07,0.02228972319596762