Energy,Value,Error
0.4 - 3,9.281239999999998e-05,0.008582803054888226
3 - 6,2.0666400000000003e-05,0.010456088127835888
6 - 10,2.3020493e-06,0.04607864580796826
