Cells,Value,Error
5,0.000166745,0.0011
15,1.21645e-05,0.0018
25,1.24693e-06,0.003
35,1.44286e-07,0.0064
