Cells,Value,Error
5,0.000596124,0.0009
15,0.000275966,0.0004
25,9.25273e-05,0.0004
35,2.59049e-05,0.0006
