Cells,Value,Error
5,2.54181e-05,0.0019
15,1.23886e-05,0.0007
25,4.42306e-06,0.0007
35,1.30599e-06,0.0011
