Cells,Value,Error
5,4.48534e-05,0.0011
15,2.73397e-06,0.0019
25,2.57758e-07,0.0033
35,2.87521e-08,0.006
