Cells,Value,Error
5,0.000131175,0.001
15,1.35971e-05,0.0012
25,1.5654e-06,0.0019
35,1.89827e-07,0.0043
