Energy,Value,Error
0.001 - 0.01,0.0131048,0.0011
0.01 - 0.03,0.07002214,0.0005314209616676492
0.03 - 0.06,0.018944152,0.001043255016990755
0.06 - 0.1,0.05426452,0.000612102219914814
0.1 - 0.15,0.08185724,0.0004994331189261174
0.15 - 0.2,0.08998020000000001,0.00048235914890446257
0.2 - 0.4,0.3092507,0.00025949594854887686
0.4 - 0.5,0.0749466,0.0005297085214735688
0.5 - 0.7,0.1326927,0.0003977662253017746
