Energy,Value,Error
0.001 - 0.01,0.00415157,0.0021
0.01 - 0.03,0.020847978,0.0009709726489210396
0.03 - 0.06,0.009983915,0.0014094131434130629
0.06 - 0.1,0.02849225,0.0008314706478824843
0.1 - 0.15,0.04539158,0.0006547940354675453
0.15 - 0.2,0.0563219,0.0005899365441068497
0.2 - 0.4,0.22499558,0.00029519716373819995
0.4 - 0.5,0.0749235,0.0005151234973068352
0.5 - 0.7,0.1507937,0.0003483036827548886
