Energy,Value,Error
0.001 - 0.01,0.00118052,0.004
0.01 - 0.03,0.007024578,0.001673907597125727
0.03 - 0.06,0.005603473,0.001874208949634515
0.06 - 0.1,0.014698705,0.0011640454720748847
0.1 - 0.15,0.02302505,0.0009247054909709364
0.15 - 0.2,0.03032367,0.0008120392380237141
0.2 - 0.4,0.13126397,0.0003878019865606519
0.4 - 0.5,0.0570089,0.0005798261697773999
0.5 - 0.7,0.1144223,0.00040118189528596566
