Energy,Value,Error,Angle
0.01 - 0.1,4.9816361015889e-06,0.006030172037275642,24.9 deg
0.1 - 1,9.900286724446912e-05,0.001463826318308419,24.9 deg
1 - 3.5,0.0001051654008596725,0.0015886957315457788,24.9 deg
3.5 - 10,4.0243340786005935e-05,0.0037988764698575167,24.9 deg
10 - 20,0.0002812584364455305,0.0023779782693029057,24.9 deg
