Value,Error,Energy,Angle
2.3106719981544315e-06,0.04682172726805101,0.01 - 0.1,0 deg
8.781103480894623e-05,0.005942475077863614,0.1 - 1,0 deg
0.0002279887463544146,0.003344452447427201,1 - 3.5,0 deg
0.00012465400150138344,0.005460017401195578,3.5 - 10,0 deg
0.004711167329729723,0.000600156092635483,10 - 20,0 deg
