Value,Error,Energy,Angle
3.544440337587244e-06,0.04204350509020086,0.01 - 0.1,24.9 deg
2.0288408921007495e-05,0.019805852197303707,0.1 - 1,24.9 deg
3.6729420090244546e-05,0.012645021154398675,1 - 3.5,24.9 deg
3.961083353937314e-05,0.014636965516222056,3.5 - 10,24.9 deg
8.209458524693746e-05,0.008833565716958612,10 - 20,24.9 deg
