Value,Error,Energy,Angle
6.228278455687919e-06,0.03231060549856512,0.01 - 0.1,41.8 deg
0.00013685429958346866,0.007643096076941739,0.1 - 1,41.8 deg
0.00012053867143698411,0.008161495954580761,1 - 3.5,41.8 deg
1.2110270094334067e-05,0.03995959592946047,3.5 - 10,41.8 deg
1.792713982894969e-05,0.026139897954679667,10 - 20,41.8 deg
