Value,Error,Energy,Angle
1.3273722870131386e-05,0.01592847690815589,0.01 - 0.1,0 deg
0.000163141518119032,0.005768897826039833,0.1 - 1,0 deg
6.100329771566939e-05,0.008059579701726527,1 - 3.5,0 deg
1.1347266153219892e-05,0.03140611808027061,3.5 - 10,0 deg
0.00039610854227687515,0.0029797887550607476,10 - 20,0 deg
