Energy,Value,Error,Angle
0.01 - 0.1,2.9855641667723963e-06,0.007410935191540774,66.8 deg
0.1 - 1,3.652319826808707e-05,0.0022323594037117946,66.8 deg
1 - 3.5,1.4787680881459622e-05,0.004365361067392672,66.8 deg
3.5 - 10,5.558561386762669e-07,0.04040360196290759,66.8 deg
10 - 20,3.3840076135114775e-07,0.056885413444633305,66.8 deg
