Value,Error,Energy,Angle
3.6890075329013997e-06,0.04145382427279451,0.01 - 0.1,12.2 deg
2.117287929989986e-05,0.019519193676347434,0.1 - 1,12.2 deg
3.8672528611330596e-05,0.01281087962360002,1 - 3.5,12.2 deg
4.91502777448749e-05,0.0139784151357909,3.5 - 10,12.2 deg
0.0002953938777600892,0.0056162216585466255,10 - 20,12.2 deg
