Energy,Value,Error,Angle
0.01 - 0.1,1.3420569505673567e-05,0.002668540906147701,12.2 deg
0.1 - 1,6.91405942488849e-05,0.001304250146596346,12.2 deg
1 - 3.5,6.194232434398626e-06,0.0046226202952411475,12.2 deg
3.5 - 10,5.785858182738944e-07,0.03287229774394066,12.2 deg
10 - 20,3.4644681257289417e-06,0.017795807438656136,12.2 deg
