Energy,Value,Error,Angle
0.01 - 0.1,4.4193524481581967e-05,0.0013478470983606047,41.8 deg
0.1 - 1,8.997211372438269e-05,0.0010883295967763639,41.8 deg
1 - 3.5,6.558689734404486e-05,0.0017579943021789682,41.8 deg
3.5 - 10,5.059749879185892e-05,0.0031184223459895977,41.8 deg
10 - 20,7.803980985254633e-05,0.0030625342869228128,41.8 deg
