Energy,Value,Error,Angle
0.01 - 0.1,3.216671122196174e-06,0.007014192552753559,41.8 deg
0.1 - 1,1.814638776652294e-05,0.003260895446206339,41.8 deg
1 - 3.5,3.386437919198773e-05,0.0026263435094458186,41.8 deg
3.5 - 10,2.9032407736116137e-05,0.0035850723320647536,41.8 deg
10 - 20,3.194482297246143e-05,0.004357184069675788,41.8 deg
