Energy,Value,Error,Angle
0.01 - 0.1,5.3042462986416935e-06,0.005891053010623409,0 deg
0.1 - 1,0.00020719928147957671,0.0008310869339739793,0 deg
1 - 3.5,0.00027340305930503584,0.0007441766477676569,0 deg
3.5 - 10,0.00011716589008353527,0.001746220708051363,0 deg
10 - 20,0.006600847929872837,0.00028096724741374495,0 deg
