Value,Error,Energy,Angle
8.86421964904439e-06,0.01815890678392719,0.01 - 0.1,66.8 deg
9.161168217543956e-05,0.007477394396941754,0.1 - 1,66.8 deg
2.340807444486143e-05,0.01333472565048298,1 - 3.5,66.8 deg
3.3347973807772964e-06,0.055750653874726046,3.5 - 10,66.8 deg
2.1329741498310205e-06,0.05305662183061864,10 - 20,66.8 deg
