Energy,Value,Error,Angle
0.1 - 1,2.4036293568066247e-05,0.003195977515249079,41.8 deg
1 - 3.5,7.442356960678667e-05,0.0019660029430483526,41.8 deg
3.5 - 10,8.375259454172203e-05,0.0023817638577577926,41.8 deg
10 - 20,0.00020842485788247398,0.0020211800710537935,41.8 deg
