Value,Error,Energy,Angle
8.406305366087731e-06,0.01712736321627641,0.01 - 0.1,0 deg
2.474879697411555e-05,0.012641191165406301,0.1 - 1,0 deg
7.899926786520132e-07,0.05011902129467911,1 - 3.5,0 deg
2.611047039132572e-08,0.5530161709993979,3.5 - 10,0 deg
2.236246735726232e-07,0.11439996143583263,10 - 20,0 deg
