Value,Error,Energy,Angle
1.3108064823811817e-05,0.014513745438326781,0.01 - 0.1,0 deg
7.073520069635338e-05,0.008056193967703268,0.1 - 1,0 deg
6.948439721392251e-06,0.019920129130559915,1 - 3.5,0 deg
5.931396753633083e-07,0.14669943336515712,3.5 - 10,0 deg
9.04046891753511e-06,0.01992327298307305,10 - 20,0 deg
