Value,Error,Energy,Angle
5.074639693402005e-06,0.03258696684493285,0.01 - 0.1,41.8 deg
0.00010418550393457062,0.008599609807007271,0.1 - 1,41.8 deg
0.00010604612765522001,0.0075233577327275866,1 - 3.5,41.8 deg
3.545579727286067e-05,0.017118074239892225,3.5 - 10,41.8 deg
5.426947052417379e-05,0.010647647387901162,10 - 20,41.8 deg
