Value,Error,Energy,Angle
5.212829083360079e-06,0.03646474717007008,0.01 - 0.1,24.9 deg
7.0219885076947e-05,0.010751378028585976,0.1 - 1,24.9 deg
3.4043176331054907e-05,0.01498625824137126,1 - 3.5,24.9 deg
1.8452784004746795e-06,0.10936636088076727,3.5 - 10,24.9 deg
4.498675113721754e-06,0.05919234953978153,10 - 20,24.9 deg
