Energy,Value,Error,Angle
0.01 - 0.1,1.3598979281703225e-05,0.0028961947074415493,12.2 deg
0.1 - 1,0.00015296265646785095,0.0009821576435559277,12.2 deg
1 - 3.5,5.252648970663065e-05,0.0018868544660704755,12.2 deg
3.5 - 10,1.0240870245960931e-05,0.007509094749916247,12.2 deg
10 - 20,0.00010731614277143095,0.003580965689951603,12.2 deg
