Energy,Value,Error,Angle
0.01 - 0.1,3.544440337587244e-06,0.006746546495716741,24.9 deg
0.1 - 1,2.0288408921007498e-05,0.0031324285203902826,24.9 deg
1 - 3.5,3.6729420090244546e-05,0.002645739868087034,24.9 deg
3.5 - 10,3.961083353937314e-05,0.0032928107296928215,24.9 deg
10 - 20,8.209458524693746e-05,0.003773556596851305,24.9 deg
