Value,Error,Energy,Angle
8.496092439300107e-06,0.017138267506007956,0.01 - 0.1,12.2 deg
2.402389343241214e-05,0.013074611451371317,0.1 - 1,12.2 deg
6.622425644891936e-07,0.059364338279753855,1 - 3.5,12.2 deg
2.5556077722288594e-08,0.5384834131319043,3.5 - 10,12.2 deg
1.1399117167150382e-07,0.1814614767016798,10 - 20,12.2 deg
