Energy,Value,Error,Angle
0.1 - 1,8.069474001065164e-06,0.004420478324315919,24.9 deg
1 - 3.5,2.2034573230785965e-05,0.0026570350453207488,24.9 deg
3.5 - 10,2.6181343450092658e-05,0.0037628999876422944,24.9 deg
10 - 20,3.9143712548045186e-05,0.004797744356409716,24.9 deg
