Cells,Value,Error
"115In(n,n')115mIn",3.855075e-30,0.003782526811816639
