Energy,Value,Error
0.7 - 1,7.260955556362328e-06,0.0001
1 - 1.2,3.967869999999999e-06,0.0002400113179263339
1.2 - 1.5,3.530523000000003e-06,0.00021736982508300281
1.5 - 2,2.288998e-06,0.0003186993288958457
2 - 2.5,9.21301e-07,0.0005846689848221599
2.5 - 3,4.17938e-07,0.0009766143961501843
3 - 4,3.9158009999999996e-07,0.001080418954058818
4 - 7,2.9630481e-07,0.0016225978352638908
7 - 10,4.8348275000000015e-08,0.0047826828980694226
10 - 20,5.752881000000002e-09,0.015228822449990817
