Energy,Value,Error
0.1,7.064706918756196e-06,0.00025796393742199197
0.1059,1.003231136950951e-05,0.000319480542682387
0.1122,9.331694853926092e-06,0.0002723096437679269
0.1188,8.983418620572567e-06,0.0002849600242908711
0.1259,1.4314149534273062e-05,0.0002309152542454037
0.1334,2.0974236024982354e-05,0.00021305468015626145
0.1413,1.7686558411354418e-05,0.00020529115518411677
0.1496,1.4846027533320523e-05,0.00017106567523215657
0.1585,2.1623030482122444e-05,0.00018852073688512534
0.1679,1.0186901446566527e-05,0.00018845451103718483
0.1778,6.100400502307561e-06,0.0002940461898362384
0.1884,7.812426874865243e-06,0.00029384658858465834
0.1995,6.129339457611143e-06,0.0002840355267349205
0.2113,4.643458742168888e-06,0.000321750717506963
0.2239,4.870558315665561e-06,0.0002776501005390292
0.2371,6.6722518125399705e-06,0.0002545807238193622
0.2512,4.662024491659122e-06,0.00024890160294462554
0.2661,5.162437837404631e-06,0.0002735876527265753
0.2818,6.385875781234444e-06,0.00024251341336152998
0.2985,4.233168739289731e-06,0.00023967058245189099
0.3162,4.304386233795378e-06,0.0002612537751403168
0.335,4.912157887911649e-06,0.0002734850431404593
0.3548,4.262309510278409e-06,0.00027476369372025276
0.3758,4.489428144538734e-06,0.00023995833972217216
0.3981,6.9382423811325355e-06,0.00019020219680123323
0.4217,9.709590404005695e-06,0.00016831750349438396
0.4467,5.8734167469830266e-06,0.0001775692249537708
0.4732,4.084405934359487e-06,0.00021942750288253117
0.5012,4.756333832452602e-06,0.0002013498795480871
0.5309,5.080448754777247e-06,0.00017608815372431808
0.5623,6.15185677242647e-06,0.00018028210980334947
0.5957,6.6826071740547575e-06,0.00014500354345758963
0.631,5.5558953355923566e-06,0.0001760314267956043
0.6683,4.4728857334397835e-06,0.0001778347194352608
0.7079,5.134902139642545e-06,0.00015300488000153452
0.7499,6.841832992070557e-06,0.00015718420908963717
0.7943,4.958762887501858e-06,0.0001571133171275936
0.8414,3.7331950916265356e-06,0.00018373976938354725
0.8913,3.3402791138091227e-06,0.00020163099647072758
0.9441,2.580652779055597e-06,0.0002230828168271348
1.0,2.368036004947395e-06,0.00023652516174537964
1.0592,2.3578471728166475e-06,0.00020917874410710888
1.122,1.947138193642407e-06,0.0002360985352053421
1.1885,1.4976423626649694e-06,0.00026159022770937595
1.2589,1.0195817776519621e-06,0.00030570745382208566
1.3335,5.82938644080833e-07,0.00047738136745317463
