Value,Error,Energy
0.989532129438026,0.003272326224124305,0.01 - 0.1
17.682856623361015,0.0027501530366374006,0.1 - 1
5.6193436253051505,0.003532117108963311,1 - 3.5
1.2438651839613692,0.007005687224208006,3.5 - 10
3.865712395920275,0.002438417659068961,10 - 20
