Energy,Value,Error
0.1 - 1,0.5726507000264702,0.0012313140606385695
1 - 3.5,0.7396483,0.001201191059060726
3.5 - 10,0.07702570519999999,0.0031708334844876658
10 - 20,5.457242e-05,0.06576910097410027
