Energy,Value,Error
0.1 - 1,7.634585226360038,0.0006413766825137636
1 - 3.5,7.4572493662324,0.0006482722883011506
3.5 - 10,2.614080872620801,0.001090148034428402
10 - 20,17.5501597304481,0.00040259422409674283
