Energy,Value,Error
0.01 - 0.1,0.6587786668075201,0.0017312133106248972
0.1 - 1,18.135714496127306,0.00034572415166623393
1 - 3.5,3.356812317791202,0.0008214697648830284
3.5 - 10,0.8772813594827007,0.0015992878972447859
10 - 20,2.0269803689927017,0.0010619587556172233
