Energy,Value,Error
0.01 - 0.1,0.989532129438026,0.001529567917124188
0.1 - 1,17.682856623361015,0.00036628230807025827
1 - 3.5,5.6193436253051505,0.0006503149892928628
3.5 - 10,1.243865183961369,0.0013834446324916473
10 - 20,3.865712395920275,0.000778146304883409
