Value,Error,Energy
0.005507652014422797,0.01667446401910837,0.01 - 0.1
2.170864132023586,0.005457689428311585,0.1 - 1
2.939812822443184,0.003665927968651503,1 - 3.5
1.5519745359111852,0.004435144360305486,3.5 - 10
10.12285298092256,0.0010500068337215406,10 - 20
