Energy,Value,Error
0.1 - 1,2.7810358799333765,0.0008328890541628398
1 - 3.5,3.5243303406562876,0.0007405042583857128
3.5 - 10,1.5530635134017559,0.0011099344201649032
10 - 20,14.038747584631313,0.0003369856839617397
