Energy,Value,Error
0.1 - 1,0.9395820000886432,0.0008529798016922727
1 - 3.5,1.0962105,0.0009932175664866289
3.5 - 10,0.1369359462,0.002356167003823276
10 - 20,0.00017203139999999998,0.039178638328184204
