Energy,Value,Error
0.01 - 0.1,0.1682015947813173,0.0036944318121990448
0.1 - 1,9.72251719886409,0.0004955917897070066
1 - 3.5,5.323997762124584,0.0006767403277787636
3.5 - 10,1.5857244961600832,0.0012370466422692383
10 - 20,13.256771843882804,0.0004180330353941335
