Energy,Value,Error
0.1 - 1,1.9612503334588112,0.0006889400378838359
1 - 3.5,2.4140463999999997,0.0006565210495402611
3.5 - 10,0.37569944,0.001293211193477139
10 - 20,0.00784766,0.0050650511666061535
