Value,Error,Energy
3.9136577375872483,0.005358173175086095,0.1 - 1
3.095488280212494,0.004685557179413596,1 - 3.5
2.043247024584808,0.00525810409305894,3.5 - 10
5.048229555685246,0.0023613646953482,10 - 20
