Cells,Value,Error
641.0,0.000623,0.04
643.0,0.000298,0.04
645.0,0.000103,0.04
647.0,2.84e-05,0.055
