Cells,Value,Error
602.0,0.000306,0.044000000000000004
613.0,1.76e-05,0.05
622.0,1.57e-06,0.055
632.0,1.76e-07,0.06
