Energy,Value,Error
0.01,3.21169e-12,0.8244
0.1,1.86778e-10,0.0982
1.0,1.34865e-08,0.0171
5.0,3.22772e-08,0.0078
20.0,3.9613e-10,0.0682
