Energy,Value,Error
1e-06,8.70951e-12,0.2967
0.1,8.92028e-06,0.0003
1.0,1.04143e-05,0.0003
10.0,9.42265e-06,0.0003
20.0,3.84483e-06,0.0005
