Energy,Value,Error
1e-06,2.15859e-12,0.2189
0.1,9.43661e-06,0.0001
1.0,2.02021e-05,0.0001
10.0,5.53212e-07,0.0005
20.0,2.29217e-08,0.0017
