Energy,Value,Error
0.01,7.37033e-12,0.5078
0.1,2.4811e-07,0.0038
1.0,8.94946e-06,0.0005
5.0,1.17105e-05,0.0004
20.0,1.59274e-07,0.0028
