Energy,Value,Error
1e-06,7.36684e-14,1.0
0.1,1.4824e-05,0.0001
1.0,3.26006e-05,0.0001
10.0,4.03535e-06,0.0003
20.0,5.98231e-07,0.0006
