Energy,Value,Error
0.01,3.44494e-11,0.1573
0.1,1.11421e-08,0.0137
1.0,3.89129e-07,0.0056
5.0,7.11444e-07,0.0023
20.0,9.05178e-09,0.0152
