Energy,Value,Error
0.01,6.30112e-12,0.2351
0.1,2.08585e-09,0.0215
1.0,8.7115e-07,0.001
5.0,1.18172e-06,0.0008
20.0,6.23926e-08,0.0035
