Cells,Dir,Segments,Multiplier,Value,Error
2,0,1,0,-0.38369358518685204,0.0003162277660168379
