Energy,Value,Error
0.01,4.20459e-12,0.4261
0.1,1.92838e-09,0.0378
1.0,1.41816e-06,0.0009
5.0,1.83063e-06,0.0007
20.0,1.07135e-07,0.003
