Energy,Value,Error
1e-06,7.38496e-09,0.0079
0.1,2.40254e-05,0.0001
1.0,1.01411e-05,0.0003
10.0,9.32448e-07,0.0009
20.0,2.91582e-07,0.0012
