Energy,Value,Error
1e-06,3.32214e-09,0.007
0.1,1.28836e-05,0.0001
1.0,2.38565e-05,0.0001
10.0,3.89178e-07,0.0009
20.0,5.10146e-08,0.0018
