Cells,Segments,Value,Error
2,1,-1.0698326046949882,0.0002669307696538267
