Energy,Value,Error
1e-06,1.08077e-13,0.5001
0.1,7.97912e-06,0.0
1.0,7.97428e-06,0.0
10.0,7.97517e-06,0.0
20.0,7.94509e-06,0.0
