Energy,Value,Error
1e-06,2.10767e-12,0.1304
0.1,7.49465e-06,0.0001
1.0,1.78504e-05,0.0001
10.0,6.34717e-06,0.0001
20.0,1.55624e-06,0.0002
