Energy,Value,Error
1e-06,2.228e-12,0.4193
0.1,5.12542e-06,0.0004
1.0,1.66397e-05,0.0003
10.0,3.34577e-06,0.0007
20.0,9.19929e-07,0.001
