Energy,Value,Error
1e-06,0.0,0.0
0.1,6.22666e-06,0.0005
1.0,5.28602e-07,0.0028
10.0,7.19031e-09,0.0311
20.0,2.09961e-09,0.0371
