Energy,Value,Error
1e-06,3.57997e-13,1.0
0.1,1.94304e-05,0.0002
1.0,1.70621e-05,0.0002
10.0,3.1393e-06,0.0005
20.0,7.40036e-07,0.0008
