Energy,Value,Error
1e-06,1.3493e-10,0.0536
0.1,1.02428e-05,0.0002
1.0,2.69755e-05,0.0001
10.0,2.08729e-06,0.0005
20.0,1.94386e-07,0.0012
