Energy,Value,Error
1e-06,0.0,0.0
0.1,4.84693e-07,0.0019
1.0,1.14877e-06,0.0015
10.0,9.06848e-08,0.0059
20.0,3.01719e-08,0.0084
