Energy,Value,Error
1e-06,1.07967e-08,0.0366
0.1,8.4526e-06,0.0015
1.0,1.23505e-05,0.0012
10.0,3.16943e-07,0.0069
20.0,1.91541e-08,0.0197
