Cells,Segments,Value,Error
2,1,-0.2283237548995896,0.000535579866109575
