Energy,Value,Error
0.01,1.3447e-11,0.2947
0.1,3.25901e-09,0.0292
1.0,2.46813e-07,0.0031
5.0,3.84863e-07,0.0022
20.0,5.04532e-09,0.018
