Energy,Value,Error
0.01,0.0,0.0
0.1,1.18872e-09,0.1511
1.0,1.10747e-07,0.0232
5.0,5.99322e-08,0.0304
20.0,1.84007e-09,0.1356
