Energy,Value,Error
0.01,2.97378e-12,0.464
0.1,3.45014e-10,0.3737
1.0,1.43283e-08,0.0102
5.0,3.23235e-08,0.0067
20.0,8.15e-10,0.0408
