Energy,Value,Error
0.01,5.19277e-11,0.3374
0.1,2.42353e-07,0.0042
1.0,9.21449e-06,0.0007
5.0,6.33023e-06,0.0007
20.0,4.21069e-07,0.0025
