Energy,Value,Error
1e-06,0.0,0.0
0.1,1.4274e-10,0.0317
1.0,1.28043e-08,0.0033
10.0,9.84508e-08,0.001
20.0,3.58833e-08,0.0015
