Energy,Value,Error
1e-06,8.84116e-11,0.0652
0.1,2.43581e-05,0.0001
1.0,9.33051e-06,0.0003
10.0,5.95498e-07,0.0012
20.0,7.07966e-08,0.0025
