Energy,Value,Error
0.01,0.0,0.0
0.02,0.0,0.0
0.05,0.0,0.0
0.1,6.92838e-10,0.2176
0.2,8.49324e-10,0.4185
0.3,1.34805e-09,0.1623
0.4,6.02229e-09,0.2393
0.6,2.58437e-08,0.0812
0.8,1.68111e-08,0.1349
1.0,1.73291e-08,0.1194
1.22,2.18492e-08,0.1102
1.44,1.37148e-08,0.0956
1.66,1.65005e-08,0.1196
2.0,2.34084e-08,0.111
2.5,3.02536e-08,0.0984
3.0,2.01001e-08,0.0753
4.0,2.66541e-08,0.1216
5.0,1.00807e-08,0.111
6.5,3.14925e-09,0.3499
8.0,0.0,0.0
10.0,0.0,0.0
12.0,0.0,0.0
14.0,0.0,0.0
20.0,0.0,0.0
