Energy,Value,Error
1e-06,1.05782e-11,0.1617
0.1,1.18871e-05,0.0001
1.0,1.33494e-05,0.0002
10.0,9.16812e-07,0.0008
20.0,2.02626e-07,0.0013
