Energy,Value,Error
1e-06,1.21218e-11,0.3927
0.1,7.06788e-06,0.0005
1.0,1.51676e-05,0.0004
10.0,1.02123e-05,0.0005
20.0,3.80749e-06,0.0007
