Energy,Value,Error
1e-06,0.0,0.0
0.1,3.52126e-05,0.0001
1.0,1.77715e-06,0.0008
10.0,2.48948e-07,0.002
20.0,5.18004e-08,0.003
