Energy,Value,Error
0.01,8.56471e-12,0.6731
0.1,1.01217e-09,0.0471
1.0,1.84422e-07,0.0044
5.0,6.61432e-08,0.0091
20.0,3.87502e-09,0.011
