Energy,Value,Error
1e-06,0.0,0.0
0.1,3.39926e-07,0.0012
1.0,9.1656e-07,0.0009
10.0,9.00801e-08,0.0032
20.0,3.57458e-08,0.0041
