Energy,Value,Error
0.01,1.0816e-10,0.1159
0.1,2.16439e-09,0.0375
1.0,1.17092e-06,0.0011
5.0,4.63112e-07,0.0015
20.0,2.63292e-08,0.0061
