Energy,Value,Error
0.01,0.0,0.0
0.02,0.0,0.0
0.05,7.8404e-12,0.8622
0.1,5.12625e-11,0.2453
0.2,4.1279e-11,0.2924
0.3,1.12425e-10,0.1657
0.4,2.36773e-10,0.157
0.6,7.11874e-10,0.07
0.8,5.67618e-10,0.0784
1.0,6.60752e-10,0.1017
1.22,6.93939e-10,0.0758
1.44,6.00065e-10,0.0808
1.66,4.62262e-10,0.082
2.0,6.58091e-10,0.079
2.5,6.14386e-10,0.0705
3.0,3.57108e-10,0.1028
4.0,2.83973e-10,0.1063
5.0,6.46936e-11,0.1892
6.5,1.32026e-11,0.3923
8.0,0.0,0.0
10.0,0.0,0.0
12.0,0.0,0.0
14.0,0.0,0.0
20.0,0.0,0.0
