Energy,Value,Error
1e-06,7.45785e-14,0.7115
0.1,3.37833e-06,0.0002
1.0,1.38687e-05,0.0001
10.0,1.82356e-06,0.0004
20.0,2.7225e-07,0.0008
