Energy,Value,Error
1e-06,0.0,0.0
0.1,2.24806e-06,0.0005
1.0,9.91628e-06,0.0003
10.0,6.33975e-07,0.0012
20.0,1.27732e-07,0.0021
