Energy,Value,Error
0.01,2.28821e-11,0.3135
0.1,1.54967e-09,0.0368
1.0,3.55082e-07,0.0039
5.0,2.89911e-07,0.0042
20.0,6.06515e-08,0.017
