Cells,Segments,Value,Error
2,1,-1.2114544675341254,0.00030325757666492775
