Cells,Segments,Value,Error
2,1,-1.6535071262290413,0.00028034382427668804
