Energy,Value,Error
1e-06,2.77956e-10,0.047
0.1,1.64512e-05,0.0002
1.0,3.63725e-05,0.0001
10.0,7.55277e-06,0.0003
20.0,2.2675e-07,0.0013
