Energy,Value,Error
0.01,0.0,0.0
0.1,3.94752e-11,0.1929
1.0,1.83014e-09,0.0274
5.0,3.09427e-09,0.0227
20.0,1.88535e-11,0.2178
