Energy,Value,Error
0.01,2.62157e-11,0.1787
0.1,1.22466e-08,0.0114
1.0,1.7556e-06,0.0009
5.0,2.32387e-06,0.0007
20.0,9.27242e-08,0.0037
