Energy,Value,Error
0.01,1.36522e-12,0.5916
0.1,1.05892e-09,0.0378
1.0,8.5146e-07,0.0012
5.0,9.18933e-07,0.001
20.0,5.21289e-08,0.0041
