Energy,Value,Error
0.01,0.0,0.0
0.02,0.0,0.0
0.05,0.0,0.0
0.1,1.81772e-09,0.1281
0.2,2.63053e-10,0.2531
0.3,4.7803e-09,0.0892
0.4,8.75189e-09,0.0677
0.6,3.1868e-08,0.0338
0.8,2.69083e-08,0.0371
1.0,6.0918e-08,0.0257
1.22,2.49373e-08,0.0543
1.44,2.4022e-08,0.0377
1.66,1.73558e-08,0.0449
2.0,2.41281e-08,0.0356
2.5,2.1666e-08,0.0391
3.0,1.61161e-08,0.0424
4.0,1.8865e-08,0.0427
5.0,8.89934e-09,0.0813
6.5,3.14133e-09,0.1283
8.0,3.08791e-11,0.7236
10.0,0.0,0.0
12.0,0.0,0.0
14.0,0.0,0.0
20.0,0.0,0.0
