Energy,Value,Error
0.01,2.63548e-12,0.3017
0.1,2.04168e-09,0.0162
1.0,2.19382e-07,0.0016
5.0,1.52834e-07,0.0016
20.0,3.50439e-08,0.0035
