Cells,Segments,Value,Error
2,1,-4.035119137461909,0.0012905984509230185
