Energy,Value,Error
1e-06,2.66368e-07,0.0026
0.1,1.08889e-07,0.0049
1.0,9.94346e-08,0.0073
10.0,4.92432e-07,0.0018
20.0,1.72595e-07,0.0023
