Energy,Value,Error
1e-06,3.63294e-11,0.0588
0.1,1.13814e-05,0.0001
1.0,1.84606e-05,0.0001
10.0,1.04715e-05,0.0001
20.0,9.88361e-07,0.0003
