Energy,Value,Error
0.01,6.44474e-12,0.1747
0.1,1.33432e-08,0.0058
1.0,9.13845e-07,0.0007
5.0,4.09456e-07,0.0008
20.0,8.44812e-08,0.0017
