Energy,Value,Error
0.01,4.85342e-10,0.0769
0.1,1.71428e-08,0.0163
1.0,4.06486e-06,0.0007
5.0,2.02662e-06,0.0008
20.0,1.08751e-07,0.0033
