Cells,Dir,Segments,Multiplier,Value,Error
2,0,1,0,-2.2648774068313826,0.00022360679774997898
