Energy,Value,Error
0.01,0.0,0.0
0.1,4.75033e-10,0.0834
1.0,3.76166e-07,0.002
5.0,4.34083e-07,0.0018
20.0,8.97983e-09,0.0117
