Energy,Value,Error
0.01,2.66028e-11,0.2113
0.1,3.86005e-09,0.0259
1.0,7.07965e-07,0.0014
5.0,1.00561e-06,0.0011
20.0,2.51728e-08,0.0064
