Energy,Value,Error
0.01,6.87981e-11,0.7643
0.1,3.27132e-09,0.059
1.0,3.07244e-07,0.0099
5.0,4.81378e-07,0.0077
20.0,9.26638e-09,0.0573
