Energy,Value,Error
0.01,1.3761e-11,0.3512
0.1,5.59679e-09,0.1107
1.0,2.97274e-07,0.0146
5.0,5.65214e-07,0.0111
20.0,2.37507e-08,0.05
