Energy,Value,Error
0.01,2.17838e-11,0.1814
0.1,5.48062e-09,0.0162
1.0,8.32075e-07,0.0011
5.0,1.4149e-06,0.0008
20.0,5.08394e-08,0.0039
