Energy,Value,Error
1e-06,0.0,0.0
0.1,1.00842e-08,0.0078
1.0,7.8673e-08,0.0028
10.0,1.20054e-08,0.0078
20.0,1.62786e-09,0.0205
