Energy,Value,Error
1e-06,0.0,0.0
0.1,9.42438e-10,0.0223
1.0,1.04455e-08,0.0086
10.0,2.83794e-09,0.0175
20.0,1.62008e-09,0.0189
