Energy,Value,Error
1e-06,1.46234e-12,0.0868
0.1,9.93058e-06,0.0
1.0,1.63396e-05,0.0
10.0,1.18854e-05,0.0
20.0,5.95484e-06,0.0
