Energy,Value,Error
0.01,0.0,0.0
0.1,6.92838e-10,0.2176
1.0,6.82035e-08,0.0596
5.0,1.62562e-07,0.0394
20.0,3.14925e-09,0.3499
