Energy,Value,Error
0.01,0.0,0.0
0.1,4.29055e-10,0.104
1.0,7.42146e-07,0.0061
5.0,6.86687e-07,0.0072
20.0,9.2247e-08,0.0258
