Energy,Value,Error
0.01,0.0,0.0
0.1,1.02863e-06,0.0018
1.0,1.75848e-06,0.0013
5.0,1.43258e-06,0.001
20.0,1.11398e-06,0.0011
