Energy,Value,Error
1e-06,5.8137e-08,0.0035
0.1,1.73608e-05,0.0002
1.0,1.14438e-05,0.0003
10.0,3.01422e-07,0.0018
20.0,1.97412e-08,0.0049
