Energy,Value,Error
1e-06,6.30285e-11,0.1381
0.1,9.8108e-06,0.0003
1.0,1.86439e-05,0.0003
10.0,1.03705e-05,0.0004
20.0,2.38013e-06,0.0007
