Energy,Value,Error
1e-06,3.76093e-10,0.0372
0.1,1.86761e-05,0.0002
1.0,9.74084e-06,0.0003
10.0,6.49724e-08,0.0048
20.0,1.87927e-08,0.0064
