Energy,Value,Error
1e-06,3.59792e-05,0.0002
0.1,4.0056e-06,0.0009
1.0,9.66681e-07,0.0018
10.0,1.77798e-06,0.0011
20.0,1.73802e-07,0.0027
