Energy,Value,Error
1e-06,3.71902e-12,0.2989
0.1,1.89757e-05,0.0001
1.0,3.84324e-06,0.0006
10.0,9.40038e-08,0.0034
20.0,1.30198e-08,0.0068
