Cells,Dir,Segments,Multiplier,Value,Error
2,0,1,0,-0.4446194078744743,0.0003162277660168379
