Energy,Value,Error
1e-06,0.0,0.0
0.1,4.70069e-07,0.0016
1.0,2.81615e-06,0.0008
10.0,7.74278e-07,0.0016
20.0,3.04637e-07,0.002
