Energy,Value,Error
1e-06,0.0,0.0
0.1,7.08649e-06,0.0002
1.0,2.24628e-05,0.0001
10.0,2.13068e-06,0.0006
20.0,5.82728e-07,0.0008
