Energy,Value,Error
1e-06,3.6283e-10,0.044
0.1,2.48092e-07,0.0019
1.0,6.47639e-07,0.0013
10.0,2.41895e-08,0.0082
20.0,1.93879e-09,0.0229
