Energy,Value,Error
0.01,3.99903e-13,1.0
0.1,3.18878e-10,0.0474
1.0,2.00776e-07,0.0023
5.0,2.43893e-07,0.0018
20.0,9.73463e-09,0.0095
