Energy,Value,Error
1e-06,0.0,0.0
0.1,8.10319e-07,0.0006
1.0,5.87611e-06,0.0002
10.0,5.74494e-07,0.0009
20.0,1.19234e-07,0.0016
