Energy,Value,Error
0.01,2.5202e-11,0.2223
0.1,1.63693e-08,0.0108
1.0,4.14808e-06,0.0005
5.0,3.55901e-06,0.0005
20.0,2.9674e-07,0.0018
