Energy,Value,Error
1e-06,0.0,0.0
0.1,1.56666e-07,0.0018
1.0,3.11191e-07,0.0013
10.0,7.25986e-09,0.0297
20.0,2.11562e-09,0.016
