Energy,Value,Error
1e-06,2.78205e-09,0.0165
0.1,2.34896e-05,0.0001
1.0,9.52857e-06,0.0003
10.0,7.0148e-08,0.0042
20.0,1.88252e-08,0.0061
