Energy,Value,Error
0.01,2.41203e-11,0.2028
0.1,6.3408e-09,0.0186
1.0,4.48055e-07,0.002
5.0,7.62425e-07,0.0014
20.0,2.06938e-08,0.0075
