Energy,Value,Error
0.01,6.98074e-12,0.635
0.1,1.03875e-09,0.0334
1.0,8.39759e-07,0.0013
5.0,1.18076e-06,0.001
20.0,7.25232e-08,0.004
