Energy,Value,Error
1e-06,0.0,0.0
0.1,5.37014e-08,0.0023
1.0,1.92635e-07,0.0014
10.0,2.11193e-08,0.0049
20.0,5.47765e-09,0.0072
