Energy,Value,Error
0.01,2.16053e-11,0.2655
0.1,1.51336e-08,0.0167
1.0,2.31665e-06,0.0011
5.0,2.62738e-06,0.0009
20.0,1.69342e-07,0.0036
