Energy,Value,Error
0.01,0.0,0.0
0.1,0.0,0.0
1.0,6.16367e-09,0.0026
5.0,1.63122e-08,0.0016
20.0,7.0022e-09,0.0024
