Energy,Value,Error
0.01,0.0,0.0
0.1,4.72502e-14,1.0
1.0,4.16937e-11,0.039
5.0,4.21909e-11,0.0346
20.0,1.46652e-09,0.0058
