Energy,Value,Error
0.01,4.85609e-11,0.3731
0.1,4.47181e-07,0.0041
1.0,1.30425e-05,0.0007
5.0,9.67894e-06,0.0007
20.0,1.04877e-06,0.002
