Energy,Value,Error
1e-06,0.0,0.0
0.1,1.2713e-07,0.0031
1.0,2.6703e-06,0.0007
10.0,5.53237e-07,0.0016
20.0,1.26009e-07,0.0031
