Energy,Value,Error
0.01,3.17097e-11,0.1757
0.1,1.2401e-09,0.064
1.0,4.0406e-07,0.0059
5.0,2.89978e-07,0.0054
20.0,9.68874e-08,0.009
