Cells,Dir,Segments,Multiplier,Value,Error
2,0,1,0,-0.8222002389638238,0.00022360679774997898
