Energy,Value,Error
1e-06,0.0,0.0
0.1,2.06344e-05,0.0001
1.0,5.34693e-06,0.0003
10.0,2.09289e-07,0.002
20.0,5.86389e-08,0.0028
