Energy,Value,Error
0.01,2.39336e-12,0.4527
0.1,9.46429e-10,0.0383
1.0,7.63439e-07,0.0013
5.0,9.8153e-07,0.0012
20.0,4.46049e-08,0.0049
