Cells,Segments,Value,Error
2,1,-1.2238584127948942,0.0002325808204015473
