Energy,Value,Error
1e-06,7.11174e-11,0.1042
0.1,1.00455e-05,0.0003
1.0,1.14083e-05,0.0002
10.0,7.26903e-06,0.0003
20.0,2.0679e-06,0.0005
