Energy,Value,Error
0.01,9.05648e-12,0.3232
0.1,7.28109e-10,0.1282
1.0,1.75316e-07,0.0051
5.0,9.24694e-08,0.0052
20.0,1.05004e-07,0.0043
