Energy,Value,Error
1e-06,6.43198e-10,0.0485
0.1,1.25096e-05,0.0003
1.0,2.18138e-05,0.0002
10.0,5.62501e-06,0.0005
20.0,1.07426e-06,0.0009
