Energy,Value,Error
0.01,0.0,0.0
0.1,3.05393e-06,0.0013
1.0,1.39239e-05,0.0006
5.0,5.72853e-06,0.0008
20.0,1.00439e-06,0.0017
