Energy,Value,Error
1e-06,3.97444e-05,0.0004
0.1,1.70207e-06,0.0025
1.0,5.40881e-07,0.0043
10.0,6.32051e-07,0.0034
20.0,8.21947e-08,0.0071
