Cells,Segments,Value,Error
2,1,-1.6128127400635601,0.0002557370555840022
