Energy,Value,Error
0.01,0.0,0.0
0.1,1.60779e-09,0.0321
1.0,1.1119e-07,0.0034
5.0,9.80427e-08,0.0035
20.0,1.72519e-09,0.0251
