Energy,Value,Error
0.01,3.45363e-11,0.1769
0.1,6.97561e-09,0.0226
1.0,7.05794e-07,0.0016
5.0,3.03504e-07,0.002
20.0,4.37723e-07,0.0017
