Energy,Value,Error
0.01,1.50107e-12,0.451
0.1,1.36069e-06,0.0005
1.0,7.78214e-06,0.0002
5.0,3.32256e-06,0.0003
20.0,3.04786e-07,0.0008
