Cells,Dir,Segments,Multiplier,Value,Error
2,0,1,0,-0.9468155935173017,0.0003162277660168379
