Energy,Value,Error
0.01,6.07971e-12,0.2216
0.1,2.82472e-07,0.0011
1.0,4.12056e-06,0.0003
5.0,2.8988e-06,0.0003
20.0,3.22091e-07,0.0007
