Energy,Value,Error
0.01,1.61054e-12,0.7072
0.1,2.55075e-10,0.0887
1.0,1.31568e-08,0.0146
5.0,2.91014e-08,0.0089
20.0,1.17152e-09,0.0396
