Energy,Value,Error
1e-06,0.0,0.0
0.1,7.96659e-06,0.0
1.0,7.9718e-06,0.0
10.0,7.97394e-06,0.0
20.0,7.94351e-06,0.0
