Cells,Segments,Value,Error
2,1,0.30633562393089336,0.0006335768821951192
