Energy,Value,Error
1e-06,5.59861e-09,0.0069
0.1,1.07238e-05,0.0002
1.0,2.63901e-05,0.0001
10.0,5.79012e-07,0.0008
20.0,2.09779e-08,0.0033
