Energy,Value,Error
0.01,1.49775e-12,0.7078
0.1,2.62078e-10,0.0955
1.0,1.85352e-08,0.015
5.0,4.32385e-08,0.0082
20.0,1.32477e-09,0.0379
