Energy,Value,Error
1e-06,2.60029e-06,0.0002
0.1,2.45397e-05,0.0
1.0,4.89648e-06,0.0001
10.0,8.11749e-06,0.0001
20.0,4.25952e-06,0.0001
