Energy,Value,Error
1e-06,9.79915e-12,0.1264
0.1,9.07594e-06,0.0001
1.0,2.36705e-05,0.0001
10.0,1.8548e-06,0.0004
20.0,4.2793e-07,0.0007
