Cells,Dir,Segments,Multiplier,Value,Error
2,0,1,0,-1.1538158566457666,0.00022360679774997898
