Energy,Value,Error
0.01,8.23322e-13,1.0
0.1,4.76851e-10,0.0775
1.0,8.01053e-07,0.002
5.0,6.50535e-07,0.0019
20.0,6.3734e-08,0.0061
