Energy,Value,Error
0.01,8.85959e-12,0.2049
0.1,2.79345e-09,0.0233
1.0,1.05139e-06,0.001
5.0,1.33167e-06,0.0007
20.0,9.19729e-08,0.0029
