Cells,Segments,Value,Error
2,1,-3.7820630323471542,0.0004281763074819988
