Energy,Value,Error
0.01,0.0,0.0
0.1,7.07498e-06,0.0006
1.0,1.13669e-05,0.0005
5.0,9.82813e-06,0.0003
20.0,4.3776e-10,0.0476
