Cells,Value,Error
10.41,7.33327e-05,0.003
25.65,5.27669e-06,0.006
40.89,5.80582e-07,0.0091
56.13,7.58165e-08,0.0121
