Cells,Value,Error
10.41,9.63286e-05,0.0028
25.65,1.05063e-05,0.0046
40.89,1.51233e-06,0.0061
56.13,2.37978e-07,0.0072
