Cells,Value,Error
10.41,1.99402e-05,0.0029
25.65,1.56209e-06,0.0056
40.89,1.82648e-07,0.0083
56.13,2.4847e-08,0.0106
