Cells,Value,Error
48.0,2.38378,0.0007
21.0,1.91013e-06,0.0034
