Cells,Value,Error
"58Ni(n,p)58Co",6.048785e-31,0.019040684438754254
