Energy,Value,Error
1.15 - 3,0.00023457272,0.0008106753078746088
3 - 6,5.925027e-05,0.0020136839130849467
6 - 9,2.7792495999999998e-05,0.003061692830331885
9 - 12,2.0717561e-05,0.0032800148413315616
12 - 20,0.00045593052,0.000848405986544477
