Energy,Value,Error
0.4 - 3,0.0006519009800000001,0.0005700864770051148
3 - 6,7.986138e-05,0.0024171783807435034
6 - 10,5.8106378e-06,0.009646197838443376
