Energy,Value,Error
1.15 - 3,3.6361799e-06,0.0017201729714291056
3 - 6,7.452342e-07,0.004147599978389958
6 - 9,3.867855e-07,0.006413826485508635
9 - 12,2.7064416e-07,0.0077262807185894825
12 - 20,2.94276492e-06,0.0025530879124900435
