Energy,Value,Error
1.15 - 3,3.1417001e-05,0.001063649178855506
3 - 6,6.8391639999999995e-06,0.002475370840925672
6 - 9,3.3915391e-06,0.0038558481774753294
9 - 12,2.5881698e-06,0.004309114232947516
12 - 20,3.43704942e-05,0.001414948802981629
