Energy,Value,Error
0.4 - 3,0.000120752812,0.0007046481374821886
3 - 6,1.63784725e-05,0.002043795703501325
6 - 10,1.31441504e-06,0.012534009800052297
