Cells,Value,Error
25,14099.999999999998,0.022000000000000002
50,2430.0,0.013999999999999999
100,92.3,0.064
150,4.93,0.1
