Cells,Value,Error
481.0,0.29609061365400013,0.000179974146504865
