Cells,Value,Error
56.0,7.3589497e-06,0.0012895961678567212
