Cells,Value,Error
0.0,0.00132491,0.0017
4.10115,0.000333782,0.0036
10.40115,7.91361e-05,0.0075
16.70115,2.48125e-05,0.0134
23.00115,8.67236e-06,0.0218
