Value,Error,Energy
7.382141980225248,0.005265276445134794,0.1 - 1
7.5370830477121205,0.004110756890730978,1 - 3.5
2.348157736806933,0.0067158208071992605,3.5 - 10
17.790020948886642,0.0013288271294182043,10 - 20
