Energy,Value,Error
0.1 - 1,7.382141980225249,0.0006486053975773777
1 - 3.5,7.5370830477121205,0.0006400477184638136
3.5 - 10,2.348157736806933,0.0011444699877132423
10 - 20,17.790020948886642,0.0004000339768739442
