Energy,Value,Error
0.1 - 1,0.823009000043192,0.0010612839042713695
1 - 3.5,1.0206066,0.001073686320784378
3.5 - 10,0.149640488,0.0024379805860641917
10 - 20,0.00036028140000000003,0.02615105110188781
