Energy,Value,Error
0.1 - 1,1.94732300012457,0.0006889338787039972
1 - 3.5,2.3908443,0.0006580379052003709
3.5 - 10,0.37342174,0.001296125186167097
10 - 20,0.00787266,0.0050650142745758036
