Value,Error,Energy
3.136699535644893,0.004934314131095224,0.1 - 1
3.3351125859568165,0.0038046119133638106,1 - 3.5
1.138368651605666,0.005880744394402066,3.5 - 10
14.33531665152,0.0008717877833506762,10 - 20
