Energy,Value,Error
0.1 - 1,2.232780000107974,0.000745242720900202
1 - 3.5,1.4290688,0.0009416121906198289
3.5 - 10,0.156493373,0.002516944761875325
10 - 20,0.00038831339999999997,0.025710950550668323
