Value,Error,Energy
0.34779759182177306,0.0029439955886563745,0.1 - 1
1.7823756073000268,0.005215460379467327,1 - 3.5
0.5810524074065625,0.007535019182298763,3.5 - 10
0.0020572637345955803,0.048886762273677206,10 - 20
