Energy,Value,Error
0.01 - 0.1,0.04257492794243614,0.00745207708027195
0.1 - 1,2.904717587222997,0.0009073437297616938
1 - 3.5,3.799304372438309,0.000793124405597776
3.5 - 10,1.5603280315239934,0.0012113912030111112
10 - 20,17.793898316325652,0.00035312129751105943
