Energy,Value,Error
0.01 - 0.1,1.0018414864826668,0.0015218119960496042
0.1 - 1,17.65845282518736,0.00036620514471471914
1 - 3.5,5.630765473598948,0.0006512716956726274
3.5 - 10,1.2449918132282662,0.0013820399605595241
10 - 20,3.8693033373801464,0.0007776477007425286
