Energy,Value,Error
0.01 - 0.1,0.68304948337779,0.0017108671740534995
0.1 - 1,17.84525573825143,0.0003502501402414231
1 - 3.5,3.780899309517406,0.000778494537575191
3.5 - 10,0.7438359447385359,0.0017452451250975986
10 - 20,2.247511191438127,0.001014197677274989
