Energy,Value,Error
0.1 - 1,1.0043460000485935,0.0009704233317872775
1 - 3.5,1.7995209,0.0007899882252443584
3.5 - 10,0.30371001,0.001658932759032231
10 - 20,0.00131018,0.0093
