Energy,Value,Error
1e-06,3.516e-13,0.2559
0.1,7.20799e-06,0.0001
1.0,1.90032e-05,0.0
10.0,1.4123e-06,0.0002
20.0,3.94158e-07,0.0003
