Energy,Value,Error
1e-06,0.0,0.0
0.1,8.11144e-07,0.0002
1.0,5.88214e-06,0.0001
10.0,5.74559e-07,0.0003
20.0,1.19211e-07,0.0006
