Energy,Value,Error
1e-06,3.37624e-11,0.0323
0.1,1.08275e-05,0.0001
1.0,1.58168e-05,0.0001
10.0,1.51551e-05,0.0001
20.0,2.57818e-06,0.0001
