Energy,Value,Error
0.01,3.40567e-12,0.1958
0.1,2.19723e-09,0.0094
1.0,1.05408e-06,0.0004
5.0,1.40744e-06,0.0003
20.0,1.4888e-07,0.0008
