Energy,Value,Error
0.01,1.55972e-11,0.0944
0.1,4.79728e-09,0.0101
1.0,6.24786e-07,0.0007
5.0,9.51533e-07,0.0005
20.0,2.53645e-08,0.0033
