Energy,Value,Error
0.01,2.86447e-13,0.5552
0.1,1.12131e-09,0.0321
1.0,6.28335e-07,0.0015
5.0,5.48809e-07,0.0013
20.0,4.34844e-08,0.0045
