Energy,Value,Error
1e-06,3.67374e-10,0.009
0.1,1.86586e-05,0.0
1.0,9.78886e-06,0.0001
10.0,6.44287e-08,0.0011
20.0,1.86933e-08,0.0015
