Energy,Value,Error
0.01,2.18041e-12,0.3374
0.1,1.59182e-08,0.004
1.0,8.63628e-06,0.0002
5.0,6.62747e-06,0.0002
20.0,7.49919e-07,0.0005
