Energy,Value,Error
0.01,6.14105e-14,1.0
0.1,1.86262e-11,0.0828
1.0,8.6367e-09,0.0051
5.0,4.62089e-09,0.0051
20.0,2.32054e-10,0.0236
