Energy,Value,Error
0.01,1.07895e-11,0.4283
0.1,9.65649e-10,0.0356
1.0,8.36813e-08,0.0051
5.0,2.00358e-07,0.0031
20.0,4.7067e-09,0.0203
