Energy,Value,Error
0.01,5.98381e-12,0.228
0.1,9.46927e-10,0.0419
1.0,7.91512e-08,0.0058
5.0,1.8277e-07,0.0034
20.0,3.17907e-09,0.021
