Energy,Value,Error
1e-06,2.45835e-14,0.7126
0.1,2.06249e-05,0.0
1.0,5.32668e-06,0.0001
10.0,2.087e-07,0.0006
20.0,5.8509e-08,0.0008
