Energy,Value,Error
0.01,4.41885e-13,0.4091
0.1,6.56096e-08,0.0023
1.0,2.02014e-06,0.0003
5.0,2.54626e-06,0.0002
20.0,1.30167e-08,0.0032
