Energy,Value,Error
1e-06,0.0,0.0
0.1,8.75972e-08,0.0007
1.0,3.62563e-07,0.0004
10.0,5.63925e-07,0.0003
20.0,7.5227e-08,0.0007
