Energy,Value,Error
1e-06,1.8276e-10,0.0184
0.1,1.55627e-05,0.0001
1.0,3.33285e-05,0.0
10.0,1.98781e-06,0.0002
20.0,2.19695e-07,0.0004
