Energy,Value,Error
0.01,1.70757e-11,0.0805
0.1,3.87243e-09,0.0105
1.0,7.08628e-07,0.0006
5.0,1.00788e-06,0.0004
20.0,2.52195e-08,0.0027
