Energy,Value,Error
1e-06,0.0,0.0
0.1,5.60311e-06,0.0001
1.0,1.43812e-05,0.0001
10.0,8.62812e-07,0.0003
20.0,1.9296e-07,0.0005
