Energy,Value,Error
1e-06,4.18426e-13,0.2438
0.1,5.7443e-06,0.0001
1.0,1.26756e-05,0.0
10.0,5.1141e-06,0.0001
20.0,1.52458e-06,0.0002
