Energy,Value,Error
0.01,3.13818e-11,0.073
0.1,5.27914e-09,0.0061
1.0,3.38997e-07,0.0007
5.0,5.21872e-07,0.0005
20.0,3.42824e-09,0.0062
