Energy,Value,Error
0.01,7.68225e-13,0.2962
0.1,8.83145e-10,0.0147
1.0,5.9702e-07,0.0005
5.0,7.89339e-07,0.0004
20.0,5.75242e-08,0.0017
