Energy,Value,Error
0.01,1.06012e-10,0.0473
0.1,2.06786e-09,0.0095
1.0,1.17005e-06,0.0003
5.0,4.62605e-07,0.0005
20.0,2.62783e-08,0.0022
