Energy,Value,Error
1e-06,3.08236e-13,0.2422
0.1,3.38634e-06,0.0001
1.0,1.38716e-05,0.0001
10.0,1.82291e-06,0.0002
20.0,2.71957e-07,0.0004
