Energy,Value,Error
1e-06,0.0,0.0
0.1,2.63916e-06,0.0001
1.0,1.16538e-05,0.0001
10.0,1.08944e-06,0.0002
20.0,4.03072e-07,0.0003
