Energy,Value,Error
0.01,2.96453e-12,0.2832
0.1,4.61454e-07,0.0005
1.0,4.13148e-06,0.0002
5.0,3.56971e-06,0.0001
20.0,3.45976e-07,0.0004
