Energy,Value,Error
0.01,1.48015e-12,0.223
0.1,3.05455e-10,0.0468
1.0,1.86034e-08,0.003
5.0,4.28381e-08,0.0021
20.0,1.37022e-09,0.0106
