Energy,Value,Error
0.01,3.02396e-11,0.0549
0.1,5.31799e-08,0.0016
1.0,1.97241e-06,0.0002
5.0,1.09164e-06,0.0003
20.0,3.12765e-07,0.0005
