Energy,Value,Error
1e-06,1.40331e-14,1.0
0.1,7.79971e-06,0.0001
1.0,7.95271e-06,0.0001
10.0,3.24531e-07,0.0005
20.0,1.20857e-07,0.0006
