Energy,Value,Error
0.01,2.9578e-13,0.4334
0.1,3.35868e-10,0.0215
1.0,2.01501e-07,0.0008
5.0,2.44566e-07,0.0006
20.0,9.78742e-09,0.0032
