Energy,Value,Error
0.01,4.31556e-12,0.134
0.1,2.31419e-07,0.0007
1.0,2.88455e-06,0.0002
5.0,2.4557e-06,0.0002
20.0,1.65772e-07,0.0006
