Energy,Value,Error
0.01,6.86808e-12,0.1383
0.1,2.82541e-07,0.0006
1.0,4.12204e-06,0.0002
5.0,2.89848e-06,0.0001
20.0,3.22176e-07,0.0004
