Energy,Value,Error
1e-06,0.0,0.0
0.1,6.12481e-06,0.0001
1.0,1.3436e-05,0.0001
10.0,1.03076e-06,0.0003
20.0,3.31979e-07,0.0003
