Energy,Value,Error
0.01,0.0,0.0
0.1,7.48631e-06,0.0001
1.0,9.11252e-06,0.0001
5.0,7.1754e-06,0.0001
20.0,5.40498e-06,0.0001
