Energy,Value,Error
1e-06,0.0,0.0
0.1,4.21409e-07,0.0003
1.0,4.35958e-06,0.0001
10.0,8.75402e-07,0.0003
20.0,3.59836e-07,0.0003
