Energy,Value,Error
0.01,0.0,0.0
0.1,4.79787e-06,0.0001
1.0,1.14963e-05,0.0001
5.0,9.70995e-06,0.0001
20.0,7.33171e-07,0.0002
