Energy,Value,Error
1e-06,8.67207e-11,0.0243
0.1,2.43562e-05,0.0
1.0,9.33468e-06,0.0001
10.0,5.94832e-07,0.0003
20.0,7.08877e-08,0.0007
