Energy,Value,Error
1e-06,2.74094e-09,0.004
0.1,2.35049e-05,0.0
1.0,9.5336e-06,0.0001
10.0,7.00002e-08,0.0011
20.0,1.87332e-08,0.0015
