Energy,Value,Error
1e-06,0.0,0.0
0.1,3.30048e-07,0.0003
1.0,7.76534e-07,0.0003
10.0,2.07944e-08,0.0019
20.0,6.7246e-09,0.0027
