Energy,Value,Error
0.01,6.71925e-13,0.2656
0.1,2.39827e-11,0.043
1.0,7.87746e-10,0.008
5.0,3.34083e-08,0.0012
20.0,7.81529e-10,0.0078
