Energy,Value,Error
1e-06,1.28844e-13,0.4723
0.1,1.9434e-05,0.0
1.0,1.70712e-05,0.0001
10.0,3.13704e-06,0.0001
20.0,7.39892e-07,0.0002
