Energy,Value,Error
0.01,1.48638e-10,0.0305
0.1,2.4185e-09,0.0114
1.0,1.41672e-06,0.0003
5.0,1.01463e-06,0.0003
20.0,3.5133e-08,0.0017
