Energy,Value,Error
0.01,1.14929e-11,0.1442
0.1,2.49163e-07,0.0013
1.0,8.9422e-06,0.0002
5.0,1.17081e-05,0.0001
20.0,1.59533e-07,0.0009
