Energy,Value,Error
0.01,5.73895e-11,0.055
0.1,2.76993e-07,0.0007
1.0,9.70585e-06,0.0001
5.0,5.6995e-06,0.0001
20.0,4.97382e-07,0.0004
