Energy,Value,Error
1e-06,0.0,0.0
0.1,3.8785e-06,0.0001
1.0,2.51851e-06,0.0001
10.0,1.13535e-07,0.0008
20.0,2.69297e-08,0.0012
