Energy,Value,Error
1e-06,0.0,0.0
0.1,7.96614e-06,0.0001
1.0,7.97102e-06,0.0001
10.0,7.97305e-06,0.0001
20.0,7.94438e-06,0.0001
