Energy,Value,Error
1e-06,1.8191e-09,0.0055
0.1,1.28762e-05,0.0001
1.0,1.98249e-05,0.0
10.0,1.30082e-05,0.0001
20.0,1.0798e-06,0.0002
