Energy,Value,Error
0.01,9.39076e-12,0.2484
0.1,2.08427e-09,0.0127
1.0,8.70337e-07,0.0005
5.0,1.18074e-06,0.0004
20.0,6.27365e-08,0.0017
