Energy,Value,Error
0.01,6.97968e-11,0.0649
0.1,1.05009e-07,0.0011
1.0,4.41131e-06,0.0002
5.0,2.05722e-06,0.0002
20.0,2.29614e-07,0.0006
