Energy,Value,Error
0.01,3.07112e-11,0.0968
0.1,1.29158e-09,0.0185
1.0,4.13626e-07,0.0013
5.0,3.05389e-07,0.0016
20.0,1.02189e-07,0.0028
