Energy,Value,Error
0.01,2.52262e-11,0.0644
0.1,5.8008e-09,0.0067
1.0,1.34489e-06,0.0003
5.0,1.39879e-06,0.0003
20.0,2.10904e-08,0.0022
