Energy,Value,Error
1e-06,4.73969e-12,0.0936
0.1,1.11374e-05,0.0
1.0,5.94023e-07,0.0003
10.0,9.44198e-09,0.0029
20.0,3.79461e-09,0.0034
