Energy,Value,Error
1e-06,1.74693e-12,0.1079
0.1,2.40567e-05,0.0
1.0,2.14767e-05,0.0
10.0,4.40052e-07,0.0004
20.0,1.14006e-08,0.0019
