Energy,Value,Error
1e-06,1.24253e-11,0.0555
0.1,9.86747e-06,0.0001
1.0,2.2041e-05,0.0
10.0,7.19469e-06,0.0001
20.0,1.57453e-06,0.0002
