Energy,Value,Error
1e-06,0.0,0.0
0.1,9.37009e-07,0.0002
1.0,3.22851e-06,0.0001
10.0,5.00206e-06,0.0001
20.0,1.02184e-06,0.0002
