Energy,Value,Error
1e-06,4.16672e-09,0.0033
0.1,2.39597e-05,0.0
1.0,2.40053e-05,0.0001
10.0,9.30346e-07,0.0003
20.0,2.2968e-07,0.0004
