Energy,Value,Error
1e-06,0.0,0.0
0.1,1.02579e-07,0.0006
1.0,8.70442e-07,0.0002
10.0,4.19079e-06,0.0001
20.0,2.39092e-06,0.0001
