Energy,Value,Error
1e-06,0.0,0.0
0.1,1.2856e-07,0.0006
1.0,6.18454e-07,0.0003
10.0,7.67883e-08,0.0009
20.0,2.84542e-08,0.0012
