Energy,Value,Error
1e-06,1.37472e-12,0.1411
0.1,1.19173e-05,0.0001
1.0,2.44723e-05,0.0
10.0,2.89671e-07,0.0005
20.0,1.17717e-08,0.0015
