Energy,Value,Error
0.01,1.45273e-13,0.502
0.1,9.76408e-11,0.0221
1.0,7.82029e-09,0.0025
5.0,4.84453e-08,0.001
20.0,9.36284e-09,0.0023
