Energy,Value,Error
1e-06,0.0,0.0
0.1,1.99223e-07,0.0005
1.0,3.82455e-07,0.0004
10.0,1.84429e-08,0.002
20.0,3.20754e-09,0.0038
