Energy,Value,Error
0.01,2.16761e-11,0.0791
0.1,1.63045e-07,0.0008
1.0,4.97918e-06,0.0001
5.0,4.73155e-06,0.0001
20.0,2.78964e-07,0.0004
