Energy,Value,Error
1e-06,8.11127e-12,0.0651
0.1,1.19138e-05,0.0
1.0,1.3369e-05,0.0001
10.0,9.17021e-07,0.0003
20.0,2.0219e-07,0.0004
