Energy,Value,Error
1e-06,1.53165e-12,0.1215
0.1,7.70832e-06,0.0001
1.0,2.38606e-05,0.0
10.0,7.83635e-06,0.0001
20.0,1.63959e-06,0.0001
