Energy,Value,Error
1e-06,1.84835e-10,0.0148
0.1,2.84333e-05,0.0
1.0,1.12081e-05,0.0001
10.0,3.15963e-06,0.0001
20.0,4.16624e-07,0.0003
