Energy,Value,Error
1e-06,0.0,0.0
0.1,4.69299e-07,0.0003
1.0,2.81764e-06,0.0001
10.0,7.73652e-07,0.0003
20.0,3.04996e-07,0.0004
