Energy,Value,Error
1e-06,1.43382e-10,0.0147
0.1,2.01244e-05,0.0001
1.0,2.39539e-05,0.0001
10.0,4.26131e-06,0.0001
20.0,6.94869e-07,0.0002
