Energy,Value,Error
0.01,6.93978e-13,0.3059
0.1,7.88881e-11,0.0434
1.0,4.60423e-09,0.0058
5.0,1.01842e-08,0.0035
20.0,2.41713e-10,0.0232
