Energy,Value,Error
0.01,1.82036e-12,0.1908
0.1,1.37514e-06,0.0003
1.0,7.92876e-06,0.0001
5.0,5.6703e-06,0.0001
20.0,6.01913e-07,0.0003
