Energy,Value,Error
0.01,1.7646e-11,0.1056
0.1,3.76782e-09,0.0078
1.0,9.63058e-07,0.0004
5.0,1.08182e-06,0.0003
20.0,8.09149e-09,0.0038
