Energy,Value,Error
1e-06,2.13719e-12,0.1037
0.1,9.27103e-06,0.0001
1.0,2.09552e-05,0.0
10.0,2.08338e-07,0.0005
20.0,1.54406e-08,0.0011
