Energy,Value,Error
0.01,3.38965e-11,0.0586
0.1,2.06682e-09,0.0085
1.0,5.03395e-07,0.0005
5.0,2.83441e-07,0.0006
20.0,2.09092e-07,0.0007
