Energy,Value,Error
0.01,2.06514e-11,0.067
0.1,5.25115e-09,0.0087
1.0,1.19497e-06,0.0004
5.0,1.28858e-06,0.0003
20.0,1.77173e-08,0.0024
