Energy,Value,Error
0.01,0.0,0.0
0.1,1.37432e-07,0.0007
1.0,4.3428e-06,0.0001
5.0,2.29717e-05,0.0
20.0,4.66196e-10,0.0096
