Energy,Value,Error
1e-06,3.21251e-10,0.0125
0.1,1.61714e-05,0.0
1.0,1.15908e-05,0.0001
10.0,3.58525e-07,0.0005
20.0,1.39216e-07,0.0006
