Energy,Value,Error
0.01,1.77396e-12,0.234
0.1,8.06816e-10,0.0166
1.0,6.57273e-07,0.0005
5.0,7.54885e-07,0.0004
20.0,6.52602e-08,0.0013
