Energy,Value,Error
1e-06,0.0,0.0
0.1,1.7142e-06,0.0001
1.0,6.21204e-06,0.0001
10.0,7.42325e-07,0.0003
20.0,2.9855e-07,0.0004
