Energy,Value,Error
1e-06,1.64821e-13,0.5134
0.1,7.96498e-06,0.0001
1.0,7.97021e-06,0.0001
10.0,7.96895e-06,0.0001
20.0,7.94948e-06,0.0001
