Energy,Value,Error
0.01,1.36869e-11,0.1089
0.1,4.73283e-09,0.0058
1.0,7.42532e-07,0.0004
5.0,4.67229e-07,0.0004
20.0,1.88382e-07,0.0006
