Energy,Value,Error
1e-06,2.059e-14,1.0
0.1,8.94229e-06,0.0001
1.0,1.86619e-05,0.0
10.0,9.28958e-06,0.0001
20.0,3.89926e-06,0.0001
