Energy,Value,Error
0.01,4.04612e-11,0.0694
0.1,7.39858e-09,0.0057
1.0,9.09121e-07,0.0004
5.0,1.22849e-06,0.0003
20.0,1.91164e-08,0.0024
