Energy,Value,Error
0.01,4.20207e-11,0.054
0.1,2.11024e-07,0.0008
1.0,7.76692e-06,0.0001
5.0,5.51002e-06,0.0001
20.0,3.01536e-07,0.0005
