Energy,Value,Error
0.01,1.68087e-12,0.2406
0.1,2.80459e-10,0.0288
1.0,7.25527e-09,0.0048
5.0,1.44826e-08,0.0028
20.0,6.90893e-10,0.0138
