Energy,Value,Error
0.01,3.88097e-11,0.0565
0.1,1.70981e-08,0.0046
1.0,7.15399e-07,0.0007
5.0,4.75565e-07,0.0004
20.0,1.42657e-07,0.0008
