Energy,Value,Error
0.01,2.69055e-11,0.0809
0.1,6.23066e-09,0.0056
1.0,4.46276e-07,0.0006
5.0,7.62212e-07,0.0004
20.0,2.06142e-08,0.0022
