Energy,Value,Error
1e-06,7.26512e-09,0.0023
0.1,2.40232e-05,0.0
1.0,1.01454e-05,0.0001
10.0,9.31344e-07,0.0003
20.0,2.9102e-07,0.0004
