Energy,Value,Error
1e-06,1.06372e-09,0.0057
0.1,1.33549e-05,0.0001
1.0,3.14878e-05,0.0
10.0,1.87192e-07,0.0006
20.0,3.83795e-08,0.0011
