Energy,Value,Error
0.01,7.1017e-12,0.0934
0.1,1.33485e-08,0.0032
1.0,9.13758e-07,0.0004
5.0,4.10005e-07,0.0004
20.0,8.44146e-08,0.0009
