Energy,Value,Error
0.01,2.14751e-12,0.2086
0.1,9.8721e-10,0.0139
1.0,7.6507e-07,0.0005
5.0,9.80355e-07,0.0004
20.0,4.47888e-08,0.002
