Energy,Value,Error
0.01,2.94499e-13,0.4866
0.1,4.72822e-10,0.0208
1.0,3.75875e-07,0.0006
5.0,4.33683e-07,0.0005
20.0,8.98222e-09,0.0036
