Energy,Value,Error
1e-06,2.00141e-10,0.0136
0.1,4.38479e-07,0.0003
1.0,6.81998e-07,0.0003
10.0,1.43502e-08,0.0022
20.0,1.4806e-09,0.0057
