Energy,Value,Error
1e-06,2.35655e-12,0.0971
0.1,1.78368e-05,0.0
1.0,2.79232e-05,0.0
10.0,2.4795e-06,0.0002
20.0,2.95985e-07,0.0004
