Energy,Value,Error
1e-06,5.62264e-07,0.0004
0.1,2.15523e-07,0.0007
1.0,1.86832e-07,0.0007
10.0,8.8805e-07,0.0002
20.0,2.98252e-07,0.0003
