Energy,Value,Error
1e-06,1.16148e-11,0.0652
0.1,1.10685e-05,0.0001
1.0,2.57869e-05,0.0
10.0,1.17054e-05,0.0001
20.0,1.72781e-06,0.0001
