Energy,Value,Error
0.01,0.0,0.0
0.1,1.30793e-09,0.0112
1.0,1.12546e-07,0.0012
5.0,5.65724e-08,0.0016
20.0,2.10233e-09,0.008
