Energy,Value,Error
1e-06,0.0,0.0
0.1,8.5112e-06,0.0001
1.0,7.97471e-06,0.0001
10.0,1.1763e-06,0.0002
20.0,2.60324e-07,0.0004
