Energy,Value,Error
0.01,0.0,0.0
0.1,7.27978e-10,0.0084
1.0,5.14129e-08,0.001
5.0,1.66806e-08,0.0017
20.0,7.93667e-10,0.0077
