Energy,Value,Error
0.01,2.79959e-13,0.4202
0.1,5.69824e-10,0.0178
1.0,2.3384e-07,0.0008
5.0,2.55668e-07,0.0007
20.0,9.79185e-09,0.0031
