Energy,Value,Error
0.01,0.0,0.0
0.1,1.54407e-11,0.0758
1.0,8.33698e-09,0.0042
5.0,2.44396e-09,0.0067
20.0,0.0,0.0
