Energy,Value,Error
0.01,2.36252e-11,0.1944
0.1,3.42067e-09,0.0211
1.0,3.11293e-07,0.0042
5.0,4.9065e-07,0.0023
20.0,9.15773e-09,0.0138
