Energy,Value,Error
1e-06,6.18434e-12,0.0616
0.1,1.93808e-06,0.0001
1.0,1.54481e-06,0.0002
10.0,5.87287e-08,0.0011
20.0,2.29481e-08,0.0014
