Energy,Value,Error
0.01,0.0,0.0
0.1,1.02974e-06,0.0003
1.0,1.75901e-06,0.0002
5.0,1.42998e-06,0.0002
20.0,1.11212e-06,0.0002
