Energy,Value,Error
0.01,5.92565e-12,0.1268
0.1,5.49257e-10,0.0148
1.0,1.18094e-07,0.001
5.0,7.47244e-08,0.0012
20.0,5.38897e-08,0.0014
