Energy,Value,Error
1e-06,3.12898e-09,0.0049
0.1,1.79327e-05,0.0001
1.0,3.52902e-05,0.0
10.0,2.14358e-06,0.0002
20.0,1.26691e-07,0.0006
