Energy,Value,Error
1e-06,0.0,0.0
0.1,7.24732e-06,0.0001
1.0,2.24665e-05,0.0
10.0,2.12858e-06,0.0002
20.0,5.82419e-07,0.0003
