Energy,Value,Error
0.01,3.37394e-14,1.0
0.1,1.88147e-12,0.1694
1.0,1.23535e-08,0.002
5.0,1.50992e-08,0.0018
20.0,1.33222e-09,0.0061
