Energy,Value,Error
1e-06,8.29353e-09,0.0024
0.1,1.42409e-05,0.0001
1.0,2.9851e-05,0.0
10.0,2.90118e-06,0.0002
20.0,2.11095e-07,0.0004
