Energy,Value,Error
0.01,9.56582e-12,0.1204
0.1,2.75248e-09,0.0138
1.0,1.05125e-06,0.0004
5.0,1.32973e-06,0.0003
20.0,9.17124e-08,0.0013
