Energy,Value,Error
1e-06,3.38903e-14,0.5904
0.1,1.25371e-05,0.0001
1.0,1.79171e-05,0.0001
10.0,2.09583e-07,0.0006
20.0,9.2281e-09,0.0021
