Energy,Value,Error
0.01,1.31086e-11,0.0903
0.1,1.57396e-09,0.0105
1.0,1.15543e-07,0.0012
5.0,2.09906e-07,0.0008
20.0,4.88264e-09,0.0048
