Energy,Value,Error
1e-06,5.48541e-06,0.0001
0.1,5.22697e-06,0.0001
1.0,1.48077e-06,0.0002
10.0,2.73349e-06,0.0001
20.0,3.36852e-07,0.0003
