Energy,Value,Error
1e-06,2.6951e-13,0.3556
0.1,7.98739e-06,0.0001
1.0,7.96864e-06,0.0001
10.0,7.96921e-06,0.0001
20.0,7.94503e-06,0.0001
