Energy,Value,Error
0.01,0.0,0.0
0.1,1.64147e-09,0.0119
1.0,1.11306e-07,0.0012
5.0,9.77287e-08,0.0012
20.0,1.79378e-09,0.0095
