Energy,Value,Error
0.01,7.3339e-13,0.272
0.1,4.29273e-07,0.0005
1.0,3.10142e-06,0.0002
5.0,1.89737e-06,0.0002
20.0,3.40251e-07,0.0004
