Energy,Value,Error
0.01,2.00942e-11,0.0737
0.1,1.23155e-08,0.0044
1.0,1.75132e-06,0.0003
5.0,2.31419e-06,0.0002
20.0,9.20909e-08,0.0011
