Energy,Value,Error
1e-06,0.0,0.0
0.1,9.57641e-07,0.0002
1.0,8.63602e-07,0.0002
10.0,8.00098e-08,0.0009
20.0,2.5407e-08,0.0013
