Energy,Value,Error
1e-06,0.0,0.0
0.1,3.52127e-05,0.0
1.0,1.77946e-06,0.0002
10.0,2.48028e-07,0.0005
20.0,5.17037e-08,0.0008
