Energy,Value,Error
0.01,0.0,0.0
0.1,1.14288e-06,0.0003
1.0,2.03512e-06,0.0002
5.0,2.73868e-06,0.0001
20.0,4.69494e-10,0.0093
