Energy,Value,Error
0.01,2.60415e-11,0.0786
0.1,5.3991e-09,0.0066
1.0,8.32503e-07,0.0004
5.0,1.41463e-06,0.0003
20.0,5.09345e-08,0.0014
