Energy,Value,Error
1e-06,3.86443e-10,0.0112
0.1,1.16703e-05,0.0001
1.0,1.89447e-05,0.0
10.0,5.53199e-06,0.0001
20.0,5.68601e-07,0.0002
