Energy,Value,Error
0.01,3.07724e-11,0.0778
0.1,9.46277e-10,0.0227
1.0,4.01167e-07,0.0013
5.0,3.2765e-07,0.0012
20.0,4.54977e-08,0.0034
