Energy,Value,Error
1e-06,2.39355e-06,0.0002
0.1,1.048e-06,0.0003
1.0,1.01206e-06,0.0003
10.0,4.27191e-06,0.0001
20.0,2.17147e-06,0.0001
