Energy,Value,Error
0.01,2.66797e-11,0.0609
0.1,4.27759e-09,0.0062
1.0,5.46839e-07,0.0005
5.0,3.03352e-07,0.0005
20.0,1.73191e-07,0.0007
