Energy,Value,Error
0.01,1.43875e-12,0.2416
0.1,3.19034e-07,0.0006
1.0,2.83554e-06,0.0002
5.0,2.05991e-06,0.0002
20.0,3.85237e-07,0.0004
