Time,Value,Error
0s,3.91640414e-12,0.3757967668833781
2.7h,3.91524838e-12,0.3757967668833781
24h,3.90642791e-12,0.3757967668833781
11.6d,3.80248316e-12,0.3757967668833781
30d,3.62792356e-12,0.3757967668833781
10y,3.5848507800000004e-16,0.3757967668833781
