Time,Value,Error
0s,1.158078e-13,0.4000431226755436
2.7h,1.157734e-13,0.4000431226755436
24h,1.1551289999999999e-13,0.4000431226755436
11.6d,1.1243899999999999e-13,0.4000431226755436
30d,1.072771e-13,0.4000431226755436
10y,1.0600330000000001e-17,0.4000431226755436
