Time,Value,Error
0s,4.05679826348e-10,0.0020886116051498853
2.7h,3.9583776873e-10,0.0020886116033326037
24h,3.28115369954e-10,0.002088611596398207
11.6d,3.4798103427500003e-11,0.0020886116041613162
30d,6.97405400227e-13,0.002088611599745984
10y,0.0,
