Time,Value,Error
0s,6.595164701e-08,0.05741471936707519
2.7h,3.1290712828e-08,0.05741471936707519
24h,1.0507697023e-10,0.05741471936707519
11.6d,2.7430230999e-40,0.05741471936707519
30d,7.72116446e-92,0.05741471936707519
10y,0.0,0.0
