Time,Value,Error
0s,0.00325813,0.0001
2.7h,0.0031176,0.0001
24h,0.00222602,0.0001
11.6d,3.96428e-05,0.0001
30d,3.54646e-08,0.0001
10y,0.0,0.0
