Energy,Value,Error
31.100001,2.1172913800000004e-05,0.0023706539182259396
