Time,Value,Error
0s,7.73477,0.0025
2.7h,7.72737,0.0025
24h,7.67104,0.0025
11.6d,7.02852,0.0025
30d,6.03479,0.0025
10y,6.16003e-13,0.0025
