Time,Value,Error
0s,0.000404697,0.0001
2.7h,0.000391142,0.0001
24h,0.000301502,0.0001
11.6d,1.34119e-05,0.0001
30d,5.91426e-08,0.0001
10y,0.0,0.0
