Time,Value,Error
0s,0.000346971,0.0001
2.7h,0.000319508,0.0001
24h,0.000170168,0.0001
11.6d,9.10126e-08,0.0001
30d,1.81069e-13,0.0001
10y,0.0,0.0
