Time,Value,Error
0s,4.6591898602e-08,0.07489025303736127
2.7h,4.6586951279e-08,0.07489025303736127
24h,4.6549146006e-08,0.07489025303736127
11.6d,4.6098848146e-08,0.07489025303736127
30d,4.5324506905e-08,0.07489025303736127
10y,1.6320346245899999e-09,0.07489025303736127
