Energy,Value,Error
31.100001,4.2007403603099996e-05,0.048400413221376525
