Energy,Value,Error
1e-06,2.78233e-09,0.004
0.1,1.69362e-05,0.0
1.0,1.13856e-06,0.0003
10.0,6.4554e-08,0.001
20.0,8.82644e-09,0.0019
