Energy,Value,Error
31.100001,2.2921896322129998e-05,1.7108143559944507e-05
