Time,Value,Error
0s,3.117923e-11,0.005192301994298868
2.7h,2.741394e-11,0.005192301994298868
24h,1.0255198e-11,0.005192301994298868
11.6d,8.025929e-17,0.005192301994298868
30d,1.0144211000000001e-25,0.005192301994298868
10y,0.0,0.0
