Time,Value,Error
0s,0.00211756,0.1421
2.7h,0.00207571,0.1421
24h,0.00178213,0.1421
11.6d,0.000287729,0.1421
30d,1.19937e-05,0.1421
10y,0.0,
