Time,Value,Error
0s,6.3142302e-11,0.12005365467156759
2.7h,6.1325217e-11,0.12005365467156759
24h,4.9062909e-11,0.12005365467156759
11.6d,3.405496e-12,0.12005365467156759
30d,3.260626e-14,0.12005365467156759
10y,0.0,0.0
