Time,Value,Error
0s,1.1158547e-12,0.08762973239717214
2.7h,1.0894582e-12,0.08762973239717214
24h,9.073527e-13,0.08762973239717214
11.6d,1.0183687999999999e-13,0.08762973239717214
30d,2.252691e-15,0.08762973239717214
10y,0.0,0.0
