Energy,Value,Error
31.100001,3.771755137e-05,2.880412928181439e-05
