Time,Value,Error
0s,0.0224437,0.0001
2.7h,0.0197334,0.0001
24h,0.00738199,0.0001
11.6d,5.7773e-08,0.0001
30d,7.3021e-17,0.0001
10y,0.0,0.0
