Time,Value,Error
0s,322.954,0.0008
2.7h,297.906,0.0008
24h,160.774,0.0008
11.6d,0.100712,0.0008
30d,2.63897e-07,0.0008
10y,0.0,0.0
