Time,Value,Error
0s,1.74805238e-12,0.2901509434759777
2.7h,1.7429938400000001e-12,0.2901509434759777
24h,1.70484715e-12,0.2901509434759777
11.6d,1.3085277e-12,0.2901509434759777
30d,8.25188598e-13,0.2901509434759777
10y,4.21185168e-52,0.2901509434759777
