Energy,Value,Error
31.100001,3.7185805710000004e-05,3.491955856514967e-05
