Energy,Value,Error
31.100001,2.517442424e-05,2.9798416569962148e-05
