Time,Value,Error
0s,9.46780654e-11,0.16657328717414446
2.7h,9.46470205e-11,0.16657328717414446
24h,9.44096764e-11,0.16657328717414446
11.6d,9.16174221e-11,0.16657328717414446
30d,8.69479422e-11,0.16657328717414446
10y,3.0262939550000006e-15,0.16657328717414446
