Energy,Value,Error
31.100001,1.1901043812000001e-05,0.017537673733993345
