Time,Value,Error
0s,8.094214486000001e-13,0.8104211867911648
2.7h,3.8402959563e-13,0.8104211867911648
24h,1.2896044855e-15,0.8104211867911648
11.6d,3.3664941124e-45,0.8104211867911648
30d,9.4759951e-97,0.0786062338494855
10y,0.0,0.0
