Energy,Value,Error
1e-06,5.48215e-09,0.0026
0.1,2.03118e-05,0.0
1.0,1.8412e-05,0.0
10.0,1.76837e-07,0.0006
20.0,2.03176e-08,0.0014
