Energy,Value,Error
31.100001,3.7803125519e-05,3.571899324614514e-05
