Time,Value,Error
0s,7.39120856428382e-12,1.010864090765915
2.7h,6.806184313944749e-12,1.010864090765915
24h,3.6249353621009502e-12,1.010864090765915
11.6d,1.93875372412367e-15,1.010864090765915
30d,3.85713524223553e-21,1.010864090765915
10y,0.0,0.0
