Energy,Value,Error
31.100001,3.668964474860599e-05,3.272150140186333e-05
