Energy,Value,Error
31.100001,2.791887179723e-05,3.08957520296868e-05
