Time,Value,Error
0s,35717.8,0.0001
2.7h,31404.4,0.0001
24h,11748.0,0.0001
11.6d,0.0919421,0.0001
30d,1.16208e-10,0.0001
10y,0.0,0.0
