Time,Value,Error
0s,0.000500694,0.0001
2.7h,0.00048885,0.0001
24h,0.000407138,0.0001
11.6d,4.56953e-05,0.0001
30d,1.0108e-06,0.0001
10y,0.0,0.0
