Time,Value,Error
0s,12.2603,0.0007
2.7h,11.9703,0.0007
24h,9.96943,0.0007
11.6d,1.11892,0.0007
30d,0.0247512,0.0007
10y,0.0,0.0
