Energy,Value,Error
31.100001,1.13352407e-06,0.00016679488963171232
