Time,Value,Error
0s,2.40043,0.0043
2.7h,2.39814,0.0043
24h,2.38066,0.0043
11.6d,2.18125,0.0043
30d,1.87286,0.0043
10y,1.91173e-13,0.0043
