Time,Value,Error
0s,2.2114677088e-11,0.16231959216311506
2.7h,2.0277424294e-11,0.16231959216311506
24h,1.04530492897e-11,0.16231959216311506
11.6d,3.7848052812e-15,0.16231959216311506
30d,3.8155702469e-21,0.16231959216311506
10y,0.0,0.0
