Energy,Value,Error
31.100001,1.5263242179999998e-05,0.004211887937730537
