Time,Value,Error
0s,0.00422242,0.0001
2.7h,0.00414843,0.0001
24h,0.00362427,0.0001
11.6d,0.000720658,0.0001
30d,4.31857e-05,0.0001
10y,0.0,0.0
