Energy,Value,Error
31.100001,1.5401573506782e-05,0.20580131194917103
