Energy,Value,Error
31.100001,2.5293752899999998e-05,1.9760422845561266e-05
