Time,Value,Error
0s,2.36484486e-12,0.7320210652706656
2.7h,2.357999493e-12,0.7320210652706656
24h,2.30640103e-12,0.7320210652706656
11.6d,1.770233665e-12,0.7320210652706656
30d,1.116349486e-12,0.7320210652706656
10y,5.69799817e-52,0.7320210652706656
