Energy,Value,Error
31.100001,3.01799417e-05,3.4091042872822076e-05
