Energy,Value,Error
31.100001,3.4321552e-05,2.5381729876640758e-05
