Time,Value,Error
0s,0.00389722,0.0
2.7h,0.00389464,0.0
24h,0.00387495,0.0
11.6d,0.00364718,0.0
30d,0.00328179,0.0
10y,3.30646e-12,0.0
