Energy,Value,Error
1e-06,2.00266e-10,0.013
0.1,4.38619e-07,0.0003
1.0,6.81709e-07,0.0003
10.0,1.42462e-08,0.0022
20.0,1.47782e-09,0.0055
