Energy,Value,Error
31.100001,2.9186774000000002e-05,3.958808132997968e-05
