Energy,Value,Error
31.100001,3.021361851297e-05,3.1725941438737425e-05
