Energy,Value,Error
31.100001,4.12119209826e-05,3.511568425639433e-05
