Time,Value,Error
0s,0.031959,0.0
2.7h,0.0319577,0.0
24h,0.0319475,0.0
11.6d,0.0318261,0.0
30d,0.0316157,0.0
10y,0.00860075,0.0
