Time,Value,Error
0s,0.00148982,0.0001
2.7h,0.00128025,0.0001
24h,0.000402055,0.0001
11.6d,3.88356e-10,0.0001
30d,1.28131e-20,0.0001
10y,0.0,0.0
