Time,Value,Error
0s,6.968889814999999e-08,0.04684655803791779
2.7h,6.9596025196e-08,0.04684655803791779
24h,6.8890870625e-08,0.04684655803791779
11.6d,6.0991859505e-08,0.04684655803791779
30d,4.93297892347e-08,0.04684655803791779
10y,4.04907388534e-26,0.04684655803791779
