Energy,Value,Error
1e-06,0.0,0.0
0.1,2.55454e-05,0.0
1.0,8.66584e-06,0.0001
10.0,9.46397e-08,0.0009
20.0,1.63835e-08,0.0015
