Time,Value,Error
0s,0.00130483,0.0001
2.7h,0.00128196,0.0001
24h,0.00111998,0.0001
11.6d,0.0002227,0.0001
30d,1.33454e-05,0.0001
10y,0.0,0.0
