Energy,Value,Error
31.100001,3.9700670598000005e-05,1.867773187247651e-05
