Time,Value,Error
0s,0.492813,0.0192
2.7h,0.263758,0.0192
24h,0.00222391,0.0192
11.6d,3.50699e-28,0.0192
30d,2.11699e-71,0.0192
10y,0.0,
