Energy,Value,Error
31.100001,3.311027102e-05,0.004322036556994861
