Time,Value,Error
0s,8.03674161e-10,0.08374162644706633
2.7h,7.76753572e-10,0.08374162644706633
24h,5.987408358e-10,0.08374162644706633
11.6d,2.663411138e-11,0.08374162644706633
30d,1.174489606e-13,0.08374162644706633
10y,0.0,0.0
