Energy,Value,Error
31.100001,1.0259792414843002e-06,1.000013879903674
