Energy,Value,Error
1e-06,3.73153e-10,0.0092
0.1,1.86744e-05,0.0
1.0,9.74759e-06,0.0001
10.0,6.43972e-08,0.0011
20.0,1.86147e-08,0.0015
