Energy,Value,Error
31.100001,3.1898030101532e-05,5.000014560044508e-05
