Time,Value,Error
0s,0.159409,0.0043
2.7h,0.0756313,0.0043
24h,0.000253977,0.0043
11.6d,6.63003e-34,0.0043
30d,1.86624e-85,0.0043
10y,0.0,0.0
