Time,Value,Error
0s,0.000335487,0.0001
2.7h,0.000334046,0.0001
24h,0.000323241,0.0001
11.6d,0.00021815,0.0001
30d,0.000109946,0.0001
10y,4.42351e-63,0.0001
