Time,Value,Error
0s,0.119522,0.0076
2.7h,0.119176,0.0076
24h,0.116568,0.0076
11.6d,0.0894694,0.0076
30d,0.0564217,0.0076
10y,2.87983e-41,0.0076
