Energy,Value,Error
31.100001,4.411198207157e-05,5.279439511319875e-05
