Time,Value,Error
0s,0.00786747,0.0
2.7h,0.00785774,0.0
24h,0.00778383,0.0
11.6d,0.00695205,0.0
30d,0.00570935,0.0
10y,9.40445e-20,0.0
