Time,Value,Error
0s,0.000887765,0.0001
2.7h,0.000759688,0.0001
24h,0.000231041,0.0001
11.6d,1.52051e-10,0.0001
30d,2.57056e-21,0.0001
10y,0.0,0.0
