Time,Value,Error
0s,5.862253897999999e-11,0.34010418991832486
2.7h,5.862013387e-11,0.34010418991832486
24h,5.860149401e-11,0.34010418991832486
11.6d,5.837882479e-11,0.34010418991832486
30d,5.799281108e-11,0.34010418991832486
10y,1.5776396422e-11,0.34010418991832486
