Energy,Value,Error
31.100001,3.6643659909e-05,3.215507540944663e-05
