Time,Value,Error
0s,7.749316300000001e-13,0.039876559530631524
2.7h,7.1055317e-13,0.039876559530631524
24h,3.6629039e-13,0.039876559530631524
11.6d,1.32625704e-16,0.039876559530631524
30d,1.33703266e-22,0.039876559530631524
10y,0.0,0.0
