Energy,Value,Error
1e-06,8.48606e-13,0.1599
0.1,1.19164e-05,0.0001
1.0,2.44718e-05,0.0
10.0,2.89691e-07,0.0005
20.0,1.17529e-08,0.0015
