Energy,Value,Error
1e-06,3.70088e-10,0.0109
0.1,2.47238e-07,0.0004
1.0,6.47329e-07,0.0003
10.0,2.41916e-08,0.0017
20.0,1.86375e-09,0.0057
