Energy,Value,Error
31.100001,6.882017e-06,0.0005916079783099615
