Time,Value,Error
0s,0.0340787,0.007
2.7h,0.0340773,0.007
24h,0.0340665,0.007
11.6d,0.033937,0.007
30d,0.0337126,0.007
10y,0.00917121,0.007
