Time,Value,Error
0s,3.5803380004000004e-09,0.0006259025319974758
2.7h,3.5738940921e-09,0.0006259024852394771
24h,3.5250027713999997e-09,0.0006259024540579413
11.6d,2.989657385e-09,0.0006259024745831232
30d,2.243683893e-09,0.0006259024997177547
10y,7.733681019e-34,0.0006259025031501446
