Energy,Value,Error
31.100001,4.3482251056000006e-05,0.01270157470552372
