Time,Value,Error
0s,2.289307e-08,0.000458257569495584
2.7h,2.0128429999999998e-08,0.000458257569495584
24h,7.529777e-09,0.000458257569495584
11.6d,5.892963e-14,0.000458257569495584
30d,7.448292e-23,0.000458257569495584
10y,0.0,0.0
