Energy,Value,Error
31.100001,2.292353632068e-05,0.11161438079387441
