Energy,Value,Error
31.100001,2.517433997e-05,0.004825971404805462
