Time,Value,Error
0s,0.00229234,0.0001
2.7h,0.00228686,0.0001
24h,0.00224539,0.0001
11.6d,0.00180412,0.0001
30d,0.00123219,0.0001
10y,3.94474e-36,0.0001
