Energy,Value,Error
31.100001,9.357974000000001e-06,0.0005567764362830022
