Time,Value,Error
0s,1.0676912e-12,0.04016491005840795
2.7h,1.0465913e-12,0.04016491005840795
24h,8.985656999999999e-13,0.04016491005840795
11.6d,1.4507556e-13,0.04016491005840795
30d,6.0473600000000005e-15,0.04016491005840795
10y,0.0,0.0
