Time,Value,Error
0s,1.04211737242e-14,0.8659388604283792
2.7h,1.04138836937e-14,0.8659388604283792
24h,1.0358393460800001e-14,0.8659388604283792
11.6d,9.7172207707e-15,0.8659388604283792
30d,8.6933264747e-15,0.8659388604283792
10y,2.8179388233e-24,0.8659388604283792
