Time,Value,Error
0s,5.6806615300000005e-09,0.0438230532939
2.7h,5.67639932e-09,0.0438230532939
24h,5.6438625299999995e-09,0.0438230532939
11.6d,5.26893905e-09,0.0438230532939
30d,4.67414211e-09,0.0438230532939
10y,2.89307298e-19,0.0438230532939
