Energy,Value,Error
31.100001,4.0379163323908e-05,0.432400069380198
