Energy,Value,Error
1e-06,5.26379e-12,0.0823
0.1,1.06393e-05,0.0001
1.0,2.35939e-05,0.0
10.0,6.54234e-06,0.0001
20.0,1.94705e-06,0.0001
