Time,Value,Error
0s,4.957106140035089e-12,0.3586021472328352
2.7h,4.8368368200342385e-12,0.3586021472328352
24h,4.009326380028381e-12,0.3586021472328352
11.6d,4.252069060030099e-13,0.3586021472328352
30d,8.521778550060324e-15,0.3586021472328352
10y,0.0,0.0
