Energy,Value,Error
1e-06,2.62068e-12,0.1116
0.1,1.89722e-05,0.0
1.0,3.84484e-06,0.0001
10.0,9.35656e-08,0.0008
20.0,1.29281e-08,0.0016
