Time,Value,Error
0s,1.1729788370000001e-10,0.5265836020994197
2.7h,1.171648873e-10,0.5265836020994197
24h,1.161563102e-10,0.5265836020994197
11.6d,1.0474360519999999e-10,0.5265836020994197
30d,8.74705867e-11,0.5265836020994197
10y,3.830163819e-26,0.5265836020994197
