Time,Value,Error
0s,2.227813942e-09,0.05312701760874593
2.7h,2.226257019e-09,0.05312701760874593
24h,2.214398479e-09,0.05312701760874593
11.6d,2.077329923e-09,0.05312701760874593
30d,1.8584438880000001e-09,0.05312701760874593
10y,6.024140708e-19,0.05312701760874593
