Time,Value,Error
0s,0.357078,0.0024
2.7h,0.341676,0.0024
24h,0.243963,0.0024
11.6d,0.00434468,0.0024
30d,3.88678e-06,0.0024
10y,0.0,0.0
