Time,Value,Error
0s,2.071278887e-08,0.17791531693477097
2.7h,1.8992064217e-08,0.17791531693477097
24h,9.7904105627e-09,0.17791531693477097
11.6d,3.5448865527e-12,0.17791531693477097
30d,3.573695088e-18,0.17791531693477097
10y,0.0,0.0
