Time,Value,Error
0s,0.000574738,0.0001
2.7h,0.000574357,0.0001
24h,0.000571454,0.0001
11.6d,0.000537863,0.0001
30d,0.000483977,0.0001
10y,4.87617e-13,0.0001
