Energy,Value,Error
31.100001,1.5563147999999998e-05,5.6284981058477076e-05
