Energy,Value,Error
31.100001,1.0911207999999999e-06,0.001174734012447073
