Energy,Value,Error
31.100001,1.3834843e-06,0.001466287829861518
