Time,Value,Error
0s,8.224046704399999e-08,0.026410225292488515
2.7h,8.216183662600001e-08,0.026410225292488515
24h,8.1562883443e-08,0.026410225292488515
11.6d,7.4731257138e-08,0.026410225292488515
30d,6.4165364989e-08,0.026410225292488515
10y,6.5496908065000006e-21,0.026410225292488515
