Time,Value,Error
0s,4.389658660448243e-11,0.5804397557025192
2.7h,4.3550933004447146e-11,0.5804397557025192
24h,4.0998904804186544e-11,0.5804397557025192
11.6d,1.9914292802033512e-11,0.5804397557025192
30d,5.658272780577786e-12,0.5804397557025192
10y,0.0,0.0
