Time,Value,Error
0s,0.000318532,0.0002
2.7h,0.000317611,0.0002
24h,0.000310661,0.0002
11.6d,0.000238442,0.0002
30d,0.000150367,0.0002
10y,7.67492e-44,0.0002
