Time,Value,Error
0s,0.00306259,0.0001
2.7h,0.00306246,0.0001
24h,0.00306148,0.0001
11.6d,0.00304985,0.0001
30d,0.00302969,0.0001
10y,0.000824197,0.0001
