Energy,Value,Error
31.100001,4.20069626506e-05,0.04580043667914095
