Time,Value,Error
0s,5.9332951201e-10,0.0021873232096204314
2.7h,5.886584246899999e-10,0.0021873232072859897
24h,5.5416344086e-10,0.002187323205509305
11.6d,2.69172368143e-10,0.0021873232084813673
30d,7.648037842e-11,0.002187323209020575
10y,0.0,
