Energy,Value,Error
31.100001,4.3217411426e-05,2.7096015387249125e-05
