Energy,Value,Error
1e-06,8.19053e-11,0.0191
0.1,3.13499e-05,0.0
1.0,6.99003e-06,0.0001
10.0,1.18608e-06,0.0002
20.0,1.74594e-07,0.0004
