Energy,Value,Error
1e-06,0.0,0.0
0.1,6.23077e-06,0.0001
1.0,5.29273e-07,0.0003
10.0,6.95656e-09,0.0032
20.0,1.97941e-09,0.0046
