Time,Value,Error
0s,0.000467387,0.0168
2.7h,0.000467349,0.0168
24h,0.000467063,0.0168
11.6d,0.000463648,0.0168
30d,0.000457758,0.0168
10y,3.72403e-05,0.0168
