Energy,Value,Error
31.100001,3.8244505068213796e-05,0.4674002246469293
