Time,Value,Error
0s,0.074323,0.0
2.7h,0.0648333,0.0
24h,0.0228327,0.0
11.6d,8.68281e-08,0.0
30d,3.12018e-17,0.0
10y,0.0,0.0
