Time,Value,Error
0s,0.000861572,0.0001
2.7h,0.000861537,0.0001
24h,0.000861262,0.0001
11.6d,0.00085799,0.0001
30d,0.000852317,0.0001
10y,0.000231865,0.0001
