Energy,Value,Error
31.100001,2.9186774000000002e-05,0.0015842979517754858
