Energy,Value,Error
31.100001,2.5174394870000003e-05,2.9798361667703047e-05
