Energy,Value,Error
1e-06,4.09826e-11,0.0319
0.1,9.81108e-06,0.0001
1.0,1.86529e-05,0.0
10.0,1.03691e-05,0.0001
20.0,2.3788e-06,0.0001
