Time,Value,Error
0s,0.00623973,0.0
2.7h,0.00576846,0.0
24h,0.00318996,0.0
11.6d,0.000160414,0.0001
30d,0.00014252,0.0001
10y,9.89637e-08,0.0016
