Time,Value,Error
0s,6.23112961e-09,0.029171047290078567
2.7h,6.22907641e-09,0.029171047290078567
24h,6.21346192e-09,0.029171047290078567
11.6d,6.0296938e-09,0.029171047290078567
30d,5.72237196e-09,0.029171047290078567
10y,1.991717759e-13,0.029171047290078567
