Time,Value,Error
0s,43.2776,0.0017
2.7h,20.533,0.0017
24h,0.0689517,0.0017
11.6d,1.79998e-31,0.0017
30d,5.06664e-83,0.0017
10y,0.0,
