Energy,Value,Error
31.100001,5.5798836e-07,0.005012983143797713
