Energy,Value,Error
31.100001,1.815092277e-05,0.00454972526643093
