Energy,Value,Error
1e-06,2.19836e-11,0.0555
0.1,1.23376e-05,0.0001
1.0,2.12872e-05,0.0
10.0,8.58574e-06,0.0001
20.0,3.26255e-06,0.0001
