Energy,Value,Error
31.100001,4.8747456339999994e-05,3.8293773361941334e-05
