Energy,Value,Error
31.100001,4.63365896669e-05,5.614587706361941e-05
