Time,Value,Error
0s,5.055948e-15,0.008949808231409333
2.7h,5.047251e-15,0.00894980797496704
24h,4.981322e-15,0.008949808228074368
11.6d,4.256575e-15,0.008949807982721521
30d,3.236468e-15,0.008949808531573579
10y,1.445599e-38,0.00894980804197388
