Time,Value,Error
0s,1.7939e-06,0.001
2.7h,1.75147e-06,0.001
24h,1.45871e-06,0.001
11.6d,1.63719e-07,0.001
30d,3.62155e-09,0.001
10y,0.0,0.0
