Energy,Value,Error
31.100001,2.8505375052999998e-05,3.429999850318248e-05
