Energy,Value,Error
1e-06,0.0,0.0
0.1,1.53113e-07,0.0005
1.0,5.40592e-06,0.0001
10.0,3.00271e-06,0.0001
20.0,7.96231e-07,0.0002
