Energy,Value,Error
1e-06,0.0,0.0
0.1,4.76021e-07,0.0003
1.0,5.20541e-06,0.0001
10.0,9.23951e-07,0.0003
20.0,2.76635e-07,0.0004
