Time,Value,Error
0s,7906.45,0.0002
2.7h,6951.65,0.0002
24h,2600.52,0.0002
11.6d,0.0203522,0.0002
30d,2.57238e-11,0.0002
10y,0.0,0.0
