Energy,Value,Error
1e-06,1.14843e-14,1.0
0.1,2.32617e-07,0.0004
1.0,7.66057e-07,0.0002
10.0,2.53438e-08,0.0016
20.0,1.96143e-09,0.005
