Energy,Value,Error
1e-06,1.57345e-09,0.0055
0.1,2.44722e-05,0.0
1.0,1.768e-05,0.0001
10.0,5.74391e-06,0.0001
20.0,8.50419e-07,0.0002
