Energy,Value,Error
31.100001,3.6643659909e-05,0.03650041095659061
