Energy,Value,Error
31.100001,3.78950338227e-05,0.13220113463960892
