Energy,Value,Error
31.100001,3.961228819449e-05,2.1800971528751526e-05
