Time,Value,Error
0s,4.8647839757000006e-11,0.707857697563571
2.7h,4.860134756099999e-11,0.707857697563571
24h,4.824708907e-11,0.707857697563571
11.6d,4.4205909061e-11,0.707857697563571
30d,3.7955859754999997e-11,0.707857697563571
10y,3.874358607e-24,0.707857697563571
