Time,Value,Error
0s,0.00194316,0.1364
2.7h,0.00194188,0.1364
24h,0.00193206,0.1364
11.6d,0.00181849,0.1364
30d,0.00163631,0.1364
10y,1.64861e-12,0.1364
