Energy,Value,Error
31.100001,2.517442424e-05,0.0057870545184921145
