Energy,Value,Error
31.100001,2.517440119e-05,2.9798375991031697e-05
