Energy,Value,Error
31.100001,4.9033635539000004e-05,0.01440243035046516
