Energy,Value,Error
31.100001,3.7802978417e-05,3.57187788643157e-05
