Energy,Value,Error
31.100001,4.8536125670190004e-05,0.1735005763679187
