Time,Value,Error
0s,1.43876622e-12,0.7122015094058705
2.7h,1.3636386e-12,0.7122015094058705
24h,9.05220199e-13,0.7122015094058705
11.6d,6.74325251e-15,0.7122015094058705
30d,1.321016042e-18,0.7122015094058705
10y,0.0,0.0
