Time,Value,Error
0s,0.00528033,0.0
2.7h,0.00514707,0.0
24h,0.00423401,0.0
11.6d,0.000409831,0.0
30d,7.00477e-06,0.0
10y,0.0,0.0
