Time,Value,Error
0s,0.0169364,0.0
2.7h,0.0169172,0.0
24h,0.0167715,0.0
11.6d,0.0151237,0.0
30d,0.0126297,0.0
10y,5.53028e-18,0.0
