Time,Value,Error
0s,1.7728840535999998e-11,0.27470313067018365
2.7h,1.772810941e-11,0.27470313067018365
24h,1.7722460907e-11,0.27470313067018365
11.6d,1.7655119188e-11,0.27470313067018365
30d,1.7538382794e-11,0.27470313067018365
10y,4.771149821e-12,0.27470313067018365
