Energy,Value,Error
31.100001,1.5401573506782e-05,7.702117417265317e-05
