Time,Value,Error
0s,3.450543784174e-09,0.0001701571487190784
2.7h,3.435717882782e-09,0.00017015715914417033
24h,3.32458363234e-09,0.00017015714064234303
11.6d,2.243716301794e-09,0.0001701571190445633
30d,1.1308112162380002e-09,0.00017015717644027623
10y,4.549661377434e-68,0.00017015718989550496
