Energy,Value,Error
1e-06,1.46539e-10,0.0144
0.1,2.0123e-05,0.0001
1.0,2.3954e-05,0.0001
10.0,4.26188e-06,0.0001
20.0,6.94609e-07,0.0002
