Energy,Value,Error
1e-06,3.67925e-11,0.035
0.1,1.08269e-05,0.0001
1.0,1.58176e-05,0.0001
10.0,1.51552e-05,0.0001
20.0,2.5781e-06,0.0001
