Energy,Value,Error
31.100001,1.136252286e-06,0.00021592693336718358
