Energy,Value,Error
31.100001,4.9033635539000004e-05,6.445405187147328e-05
