Time,Value,Error
0s,8.691835995446001e-10,0.0002049406600177612
2.7h,7.642193875234e-10,0.00020494064782953863
24h,2.858837327413e-10,0.0002049407295863368
11.6d,2.2373872562399998e-15,0.00020494066451960248
30d,2.82790132387e-24,0.00020494073794469667
10y,0.0,
