Energy,Value,Error
1e-06,0.0,0.0
0.1,1.12927e-06,0.0002
1.0,7.94384e-06,0.0001
10.0,2.49499e-06,0.0001
20.0,8.25309e-07,0.0002
