Time,Value,Error
0s,6.377760999999999e-10,0.001044030650891055
2.7h,6.377229e-10,0.001044030650891055
24h,6.373112e-10,0.001044030650891055
11.6d,6.324161e-10,0.001044030650891055
30d,6.239766e-10,0.001044030650891055
10y,4.468781999999999e-11,0.001044030650891055
