Time,Value,Error
0s,0.0116215,0.0
2.7h,0.0112871,0.0
24h,0.00903018,0.0
11.6d,0.000626793,0.0
30d,6.0013e-06,0.0
10y,0.0,0.0
