Energy,Value,Error
1e-06,1.57434e-09,0.0055
0.1,2.44719e-05,0.0
1.0,1.76798e-05,0.0001
10.0,5.74363e-06,0.0001
20.0,8.50552e-07,0.0002
