Energy,Value,Error
31.100001,4.411198207157e-05,0.14320013966473638
