Time,Value,Error
0s,9.2936464109e-09,0.11480444242275643
2.7h,7.9528520235e-09,0.11480444242275643
24h,2.41867191443e-09,0.11480444242275643
11.6d,1.5917615086e-15,0.11480444242275643
30d,2.6910199055899995e-26,0.11480444242275643
10y,0.0,0.0
