Time,Value,Error
0s,6022.93,0.0001
2.7h,5295.59,9.999999999999999e-05
24h,1981.01,0.0001
11.6d,0.0155038,0.0001
30d,1.95957e-11,0.00010000000000000002
10y,0.0,
