Time,Value,Error
0s,0.00385749,0.0001
2.7h,0.00374648,0.0001
24h,0.00299735,0.0001
11.6d,0.000208049,0.0001
30d,1.99199e-06,0.0001
10y,0.0,0.0
