Value,Error,Energy,Offset
0.23919714302910627,0.00232915894733118,5 - 10,on-axis
1.0036418326914676,0.002925514012266001,10 - 20,on-axis
1.265980394742126,0.00379017159843935,20 - 30,on-axis
1.6315548846496184,0.004198194470851044,30 - 40,on-axis
1.4644737102114367,0.004098747200585562,40 - 50,on-axis
1.2318457577429591,0.003944808184501566,50 - 60,on-axis
5.490484722558725,0.0030008767898883283,60 - 70,on-axis
