Value,Error,Energy,Offset
0.24213836026487623,0.0024913958982646796,5 - 10,on-axis
0.8084327830014543,0.0029672749427026553,10 - 20,on-axis
1.159262339857049,0.0033119659325133964,20 - 30,on-axis
1.8758917213763624,0.003428256094998197,30 - 40,on-axis
1.862951528173987,0.003261735323030624,40 - 50,on-axis
2.074120968177774,0.002836255760449617,50 - 60,on-axis
6.847454353411331,0.0025428394115503583,60 - 70,on-axis
