Value,Error,Energy,Offset
142.68884743003414,0.0013323914942984536,5 - 10,on-axis
638.6394890220943,0.001693578563605574,10 - 20,on-axis
965.821400559011,0.0024810082471781254,20 - 30,on-axis
1359.732526799669,0.003129342656475731,30 - 40,on-axis
1238.551151965383,0.0036768839454961884,40 - 50,on-axis
1054.3453882394301,0.004439617911729548,50 - 60,on-axis
6290.535147537723,0.002682583555322185,60 - 70,on-axis
