Value,Error,Energy,Offset
27.962812179994593,0.0015309449339825894,5 - 10,on-axis
96.84747882355535,0.0017258710842031934,10 - 20,on-axis
142.7366463462521,0.0019128565679419774,20 - 30,on-axis
240.71404368082,0.0021951240633307154,30 - 40,on-axis
251.94939354331981,0.0026078301563973415,40 - 50,on-axis
273.2167265259542,0.0032115441809189293,50 - 60,on-axis
1644.0551872045976,0.0024657987813942787,60 - 70,on-axis
