Value,Error,Energy,Offset
1074.9718512262405,0.002179392035996219,5 - 10,on-axis
5536.647989141135,0.0023021883575207033,10 - 20,on-axis
8870.634535916528,0.0025797598354535853,20 - 30,on-axis
10005.436915038925,0.0027918321035264545,30 - 40,on-axis
32158.078625097536,0.0011269865336215354,40 - 50,on-axis
