Value,Error,Energy,Offset
0.3480397202673327,0.0016302896633703767,5 - 10,on-axis
0.6175935525774123,0.001966061135455988,10 - 20,on-axis
1.075574092273051,0.002129984040729487,20 - 30,on-axis
2.951423872142736,0.0020868447725886003,30 - 40,on-axis
2.4067015761536203,0.0024500742599117163,40 - 50,on-axis
