Value,Error,Energy,Offset
49.96291902849545,0.0012723395341244868,5 - 10,on-axis
208.50062174654292,0.0026651880203065405,10 - 20,on-axis
425.50706962037464,0.0040489032091989684,20 - 30,on-axis
571.7525416957104,0.004307479469545795,30 - 40,on-axis
1596.082309815306,0.002699676106090539,40 - 50,on-axis
