Value,Error,Energy,Offset
0.015463344978354086,0.0026330970434274336,5 - 10,on-axis
0.04724497617344671,0.003739832290733528,10 - 20,on-axis
0.08523958944010332,0.00474651281365192,20 - 30,on-axis
0.17516533530596476,0.00432269172386512,30 - 40,on-axis
0.24226253870003564,0.003402978828130155,40 - 50,on-axis
