Value,Error,Energy,Offset
0.13787517012041411,0.0029080923275185515,5 - 10,on-axis
0.4142023614637416,0.004073564018142424,10 - 20,on-axis
0.6433590334187043,0.005093375352630164,20 - 30,on-axis
0.9785415000296138,0.005357602332690425,30 - 40,on-axis
0.9357797976490209,0.005036209166669033,40 - 50,on-axis
0.957285831294746,0.0046146810665415846,50 - 60,on-axis
5.554936234850477,0.0030161742968390086,60 - 70,on-axis
