Value,Error,Energy,Offset
3.381870250953761,0.002054227744909984,5 - 10,on-axis
10.452369606911219,0.002778331238806436,10 - 20,on-axis
17.142908075951762,0.003479438116351353,20 - 30,on-axis
26.61763505799038,0.003759204297596537,30 - 40,on-axis
25.5658003911297,0.003835735256356785,40 - 50,on-axis
25.400776850434767,0.0041719635906979635,50 - 60,on-axis
162.14969233458595,0.0027016581487498696,60 - 70,on-axis
