Energy,Value,Error,Offset
5 - 10,3.381870250953761,0.0011832477607212147,on-axis
10 - 20,10.452369606911219,0.0008922674684136387,on-axis
20 - 30,17.142908075951762,0.001115068678994803,on-axis
30 - 40,26.617635057990377,0.0011991326773023983,on-axis
40 - 50,25.5658003911297,0.001454250569851186,on-axis
50 - 60,25.400776850434767,0.0018809804417121673,on-axis
60 - 70,162.14969233458595,0.0014571369612364174,on-axis
