Value,Error,Energy,Offset
931.0321189003118,0.0023311507470092194,5 - 10,on-axis
4696.808725139913,0.0025155063367280138,10 - 20,on-axis
8671.759696390805,0.0025952840934093994,20 - 30,on-axis
10100.448710507755,0.002766289763169235,30 - 40,on-axis
33227.27241174195,0.0011217083377499236,40 - 50,on-axis
