Value,Error,Energy,Offset
29.057254891458832,0.0015631324436600385,5 - 10,on-axis
93.53976350410791,0.0017645115535583381,10 - 20,on-axis
145.07236266174203,0.0019320461923214144,20 - 30,on-axis
247.31573948228674,0.002098873093327809,30 - 40,on-axis
261.6964542626208,0.0024008056349743515,40 - 50,on-axis
286.86757455223955,0.002854577120836744,50 - 60,on-axis
1548.8341075953977,0.0025114776474037645,60 - 70,on-axis
