Value,Error,Energy,Offset
0.23918247870289866,0.0025245393865205353,5 - 10,on-axis
0.7306153153355026,0.003158192127651996,10 - 20,on-axis
1.1094076207789456,0.0034390396775223963,20 - 30,on-axis
1.7979644677684001,0.0035178462465126127,30 - 40,on-axis
1.8205630932355947,0.003287061046780878,40 - 50,on-axis
1.9116741601612808,0.002900297391928549,50 - 60,on-axis
5.72237928082758,0.0026736495979508518,60 - 70,on-axis
