Value,Error,Energy,Offset
9.420867719128726,0.0013571284573667746,5 - 10,on-axis
18.330574810250663,0.0015025272170293845,10 - 20,on-axis
32.31523425650249,0.001772745550892374,20 - 30,on-axis
80.18698211392342,0.0021574770162109177,30 - 40,on-axis
128.87855246800342,0.002335111688204286,40 - 50,on-axis
