Cells,Value,Error
28000.0,0.00132838,0.0017
28001.0,0.000333023,0.0035
28002.0,7.8745e-05,0.0073
28003.0,2.46648e-05,0.0136
28004.0,8.29183e-06,0.0218
