Cells,Value,Error
58001.0,0.000358365,0.0046
58002.0,0.000119837,0.0087
58003.0,4.65577e-05,0.013
58004.0,1.98044e-05,0.019
