Cells,Value,Error
0,1.29E-03,0.041
4.10115,3.37E-04,0.043
10.40115,8.30E-05,0.043
16.70115,2.60E-05,0.043
23.00115,0.00000904,0.045
