Cells,Value,Error
4.10115,1.23E-02,0.042
10.40115,1.82E-02,0.042
16.70115,1.52E-02,0.42
23.00115,9.02E-03,0.042