Value,Error,Energy,Angle
3.149361660643594e-06,0.04336626884993082,0.01 - 0.1,66.8 deg
0.00010439687454063167,0.008695099894505611,0.1 - 1,66.8 deg
0.0001695110198697172,0.007037795837523352,1 - 3.5,66.8 deg
3.16904290725204e-05,0.02191205972115425,3.5 - 10,66.8 deg
2.9254156196811105e-05,0.017153104021796726,10 - 20,66.8 deg
