Value,Error,Energy,Angle
9.911504880486169e-06,0.018403590852325413,0.01 - 0.1,41.8 deg
0.0001294695250077541,0.006626851205416055,0.1 - 1,41.8 deg
4.1966542888770496e-05,0.010202980898304416,1 - 3.5,41.8 deg
6.8158534157769074e-06,0.03996573382174614,3.5 - 10,41.8 deg
8.149886954951182e-06,0.027782944648096573,10 - 20,41.8 deg
