Value,Error,Energy,Angle
1.5911950326510336e-06,0.054332481012868035,0.01 - 0.1,24.9 deg
1.5532941760645508e-05,0.019059606967439593,0.1 - 1,24.9 deg
2.707946433151648e-05,0.012297161321739403,1 - 3.5,24.9 deg
2.2666069695181548e-05,0.014158427163152564,3.5 - 10,24.9 deg
8.873109822648946e-05,0.0074541390469746675,10 - 20,24.9 deg
