Value,Error,Energy,Angle
7.308547552262548e-06,0.03050356581628742,0.01 - 0.1,0 deg
0.00016765469158923116,0.0068749957498487856,0.1 - 1,0 deg
0.00016098934308994778,0.007037224642273307,1 - 3.5,0 deg
2.5191222538406932e-05,0.0277418180789256,3.5 - 10,0 deg
0.0009508139002093078,0.0032228053321914614,10 - 20,0 deg
