Energy,Value,Error,Angle
0.1 - 1,4.613402421699152e-06,0.005845390332585165,66.8 deg
1 - 3.5,1.0890813653314847e-05,0.003947568410072567,66.8 deg
3.5 - 10,7.5207012910855634e-06,0.00639961031131582,66.8 deg
10 - 20,3.4919298171164548e-06,0.012954945233701587,66.8 deg
