Value,Error,Energy,Angle
4.167900017104605e-06,0.03738535695040091,0.01 - 0.1,41.8 deg
9.774085278597702e-05,0.008931503279440558,0.1 - 1,41.8 deg
0.0001068789124279787,0.007462351633383153,1 - 3.5,41.8 deg
3.6225398846864796e-05,0.016478826201143965,3.5 - 10,41.8 deg
5.807812438279225e-05,0.009928809606581298,10 - 20,41.8 deg
