Value,Error,Energy,Angle
8.057667568450484e-06,0.023376672933093763,0.1 - 1,24.9 deg
2.199990561879863e-05,0.018714073747251356,1 - 3.5,24.9 deg
2.6188046647238742e-05,0.023241548662266694,3.5 - 10,24.9 deg
3.922282721599499e-05,0.017579582056805702,10 - 20,24.9 deg
