Energy,Value,Error,Angle
0.01 - 0.1,2.054646282634795e-06,0.006901548351781753,0 deg
0.1 - 1,8.225710833305873e-05,0.0009578371862869446,0 deg
1 - 3.5,0.0002139936059848901,0.0006297039727717607,0 deg
3.5 - 10,0.00011713378810110918,0.0010918343284996718,0 deg
10 - 20,0.004424886363105439,0.00022706950371806364,0 deg
