Value,Error,Energy,Angle
4.356931538838997e-06,0.036288027522292966,0.01 - 0.1,66.8 deg
9.389434296105549e-05,0.008804653550814385,0.1 - 1,66.8 deg
7.821614363212087e-05,0.009775273311358345,1 - 3.5,66.8 deg
6.617996305357639e-06,0.05081362325701044,3.5 - 10,66.8 deg
4.263181397407084e-06,0.044279315327609224,10 - 20,66.8 deg
