Energy,Value,Error,Angle
0.01 - 0.1,1.5853791719574242e-06,0.009973110480419399,66.8 deg
0.1 - 1,1.0494079753011493e-05,0.00433644539901037,66.8 deg
1 - 3.5,1.656482984483204e-05,0.0037156412777239055,66.8 deg
3.5 - 10,1.1590724260557658e-05,0.005059205646527431,66.8 deg
10 - 20,9.879411130314492e-06,0.006340470569244636,66.8 deg
