Energy,Value,Error,Angle
0.1 - 1,3.0369465287739564e-05,0.0022812155751240097,0 deg
1 - 3.5,0.0001348272167970944,0.0009373836356155883,0 deg
3.5 - 10,0.00017170589822223804,0.0013596618178331303,0 deg
10 - 20,0.003808090630376522,0.00027991424072001085,0 deg
