Energy,Value,Error,Angle
0.01 - 0.1,7.09137546033334e-06,0.005268588607401916,24.9 deg
0.1 - 1,0.00015404739572563844,0.0011622546956908176,24.9 deg
1 - 3.5,0.00014013108256138247,0.0015510765622050587,24.9 deg
3.5 - 10,1.6275838624264026e-05,0.00793121974382903,24.9 deg
10 - 20,4.856404354767102e-05,0.006754098134517265,24.9 deg
