Energy,Value,Error,Angle
0.01 - 0.1,1.1170160536252416e-05,0.0033040097792617013,12.2 deg
0.1 - 1,0.00014821172196861486,0.0010200919886852993,12.2 deg
1 - 3.5,5.5848938305300216e-05,0.001834075273463924,12.2 deg
3.5 - 10,1.1368046512964572e-05,0.006983028177965462,12.2 deg
10 - 20,0.00010850259454519017,0.003488120299641261,12.2 deg
