Value,Error,Energy,Angle
6.873999293578086e-06,0.025303313681992495,0.1 - 1,41.8 deg
1.7492381031171148e-05,0.021400149690398006,1 - 3.5,41.8 deg
1.6707324793597458e-05,0.028973742070369478,3.5 - 10,41.8 deg
1.2879991386257264e-05,0.030258198538742176,10 - 20,41.8 deg
