Value,Error,Energy,Angle
1.0912071909729197e-05,0.01815014473795133,0.01 - 0.1,0 deg
0.0001612960473092884,0.005877521911765688,0.1 - 1,0 deg
6.473854909483568e-05,0.007886448197509659,1 - 3.5,0 deg
1.2829430217241557e-05,0.028717566409109597,3.5 - 10,0 deg
0.0003925142890086612,0.002911131199969223,10 - 20,0 deg
