Value,Error,Energy,Angle
7.454383439036448e-06,0.03024484496302776,0.01 - 0.1,12.2 deg
0.0001614898040057437,0.007219944397221939,0.1 - 1,12.2 deg
0.0001497403734394393,0.007584506694840674,1 - 3.5,12.2 deg
1.9677957141972882e-05,0.033421658233342116,3.5 - 10,12.2 deg
0.00021310739555577485,0.009059796099392814,10 - 20,12.2 deg
