Value,Error,Energy,Angle
1.6407617062555238e-05,0.016819730630596705,0.1 - 1,66.8 deg
4.4968913289714234e-05,0.014092643870296856,1 - 3.5,66.8 deg
3.5771197379223805e-05,0.0191792247608315,3.5 - 10,66.8 deg
2.509234332579196e-05,0.01880776940463418,10 - 20,66.8 deg
