Value,Error,Energy,Angle
7.0913754603333396e-06,0.030796478956703746,0.01 - 0.1,24.9 deg
0.0001540473957256384,0.0073335844848720355,0.1 - 1,24.9 deg
0.00014013108256138247,0.007741659653863394,1 - 3.5,24.9 deg
1.6275838624264022e-05,0.03586661523998091,3.5 - 10,24.9 deg
4.856404354767103e-05,0.01698108626826441,10 - 20,24.9 deg
