Energy,Value,Error,Angle
0.01 - 0.1,5.6122259922381955e-06,0.0059105811200993764,12.2 deg
0.1 - 1,7.68261014607043e-05,0.0015935848772165005,12.2 deg
1 - 3.5,3.8697966511950374e-05,0.002840483240271965,12.2 deg
3.5 - 10,2.3634102143374716e-06,0.02127492710504233,12.2 deg
10 - 20,1.372575888479257e-05,0.014251898847322588,12.2 deg
