Value,Error,Energy,Angle
2.4042513958725725e-05,0.01681132405088224,0.1 - 1,41.8 deg
7.438394500908205e-05,0.013853456756820657,1 - 3.5,41.8 deg
8.367702967154673e-05,0.01402339094571876,3.5 - 10,41.8 deg
0.00020865416581563082,0.0070336508666650165,10 - 20,41.8 deg
