Value,Error,Energy,Angle
4.613402421699153e-06,0.030901134421414754,0.1 - 1,66.8 deg
1.0890813653314845e-05,0.0278642206886188,1 - 3.5,66.8 deg
7.5207012910855634e-06,0.041063138220643,3.5 - 10,66.8 deg
3.4919298171164548e-06,0.05062569607365407,10 - 20,66.8 deg
