Energy,Value,Error,Angle
0.01 - 0.1,1.078199803104639e-05,0.003332921016952232,24.9 deg
0.1 - 1,0.0001427586530401694,0.0010276055515480943,24.9 deg
1 - 3.5,5.113493091506595e-05,0.0018967086370101,24.9 deg
3.5 - 10,9.50267892191697e-06,0.00756819799661347,24.9 deg
10 - 20,3.265248753601183e-05,0.005895830397724337,24.9 deg
