Energy,Value,Error,Angle
0.01 - 0.1,8.294479663760484e-06,0.003908008793601683,0 deg
0.1 - 1,0.00022685068686080156,0.0008237130057839575,0 deg
1 - 3.5,0.00038418598758791015,0.000788271786089509,0 deg
3.5 - 10,0.00015486981313996828,0.0019794472843920876,0 deg
10 - 20,0.008343940559267453,0.00040786602192586146,0 deg
