Energy,Value,Error,Angle
0.01 - 0.1,4.476876498388259e-06,0.006571787287270126,0 deg
0.1 - 1,0.00020334849571536224,0.0008442037867153295,0 deg
1 - 3.5,0.00027565780010891907,0.0007367130040309625,0 deg
3.5 - 10,0.00012545542369016665,0.001678044540734234,0 deg
10 - 20,0.0065766772617596335,0.0002806056058393703,0 deg
