Energy,Value,Error,Angle
0.01 - 0.1,4.167900017104605e-06,0.006426009000407972,41.8 deg
0.1 - 1,9.774085278597702e-05,0.0014499886270741046,41.8 deg
1 - 3.5,0.0001068789124279787,0.001493581906224216,41.8 deg
3.5 - 10,3.6225398846864796e-05,0.003600775945431623,41.8 deg
10 - 20,5.807812438279225e-05,0.0036227519404569662,41.8 deg
