Energy,Value,Error,Angle
0.01 - 0.1,5.9126439516030085e-06,0.004052898923008227,66.8 deg
0.1 - 1,3.055900213236682e-05,0.0019897375034142236,66.8 deg
1 - 3.5,1.9585933360503304e-06,0.008816204812879782,66.8 deg
3.5 - 10,1.5661008622870172e-07,0.05242242868448552,66.8 deg
10 - 20,7.216808794866719e-08,0.08906282054379663,66.8 deg
