Value,Error,Energy,Angle
0.00013811975752804753,0.005140789177072196,0.1 - 1,0 deg
0.0006667934420155043,0.0036520696336360785,1 - 3.5,0 deg
0.0004899474454886147,0.005234156229588603,3.5 - 10,0 deg
0.019122023281376202,0.00040975419605506576,10 - 20,0 deg
