Energy,Value,Error,Angle
0.01 - 0.1,2.4409284741625015e-06,0.007762600026177914,41.8 deg
0.1 - 1,1.5348091461461295e-05,0.0033570653200794957,41.8 deg
1 - 3.5,3.040862534566003e-05,0.0026569413491720714,41.8 deg
3.5 - 10,2.5882149721197043e-05,0.003268622134118406,41.8 deg
10 - 20,2.6651260861138903e-05,0.004369388646344126,41.8 deg
