Value,Error,Energy,Angle
2.303904164128281e-05,0.01523595239961985,0.1 - 1,66.8 deg
7.753481302110902e-05,0.011990552881821355,1 - 3.5,66.8 deg
7.342073039923693e-05,0.01383394312096064,3.5 - 10,66.8 deg
8.980662238691178e-05,0.00945383274159642,10 - 20,66.8 deg
