Energy,Value,Error,Angle
0.01 - 0.1,4.356931538838997e-06,0.006200322347543803,66.8 deg
0.1 - 1,9.38943429610555e-05,0.0013978294108711192,66.8 deg
1 - 3.5,7.821614363212086e-05,0.0019607033192431257,66.8 deg
3.5 - 10,6.61799630535764e-06,0.01136961271392399,66.8 deg
10 - 20,4.263181397407084e-06,0.016308612029022503,66.8 deg
