Value,Error,Energy,Angle
3.096765917429277e-05,0.010398046002109059,0.01 - 0.1,66.8 deg
6.434526050840405e-05,0.008358314712243744,0.1 - 1,66.8 deg
4.481390632921942e-05,0.01003426797596391,1 - 3.5,66.8 deg
3.188500494272404e-05,0.017566305165625504,3.5 - 10,66.8 deg
2.160326384323926e-05,0.016514496623143814,10 - 20,66.8 deg
