Value,Error,Energy,Angle
3.406075312207717e-06,0.03765490649334578,0.01 - 0.1,0 deg
3.128987501004025e-05,0.011650948771677843,0.1 - 1,0 deg
0.00014444466953223619,0.004436218060788173,1 - 3.5,0 deg
0.00011890559969192016,0.006174974044575111,3.5 - 10,0 deg
0.003332444701641052,0.0006926783731104722,10 - 20,0 deg
