Value,Error,Energy,Angle
1.0781998031046389e-05,0.01808258747799265,0.01 - 0.1,24.9 deg
0.00014275865304016938,0.006439850423212678,0.1 - 1,24.9 deg
5.113493091506595e-05,0.009421313970433063,1 - 3.5,24.9 deg
9.502678921916971e-06,0.034559313684634274,3.5 - 10,24.9 deg
3.265248753601183e-05,0.01486998721098985,10 - 20,24.9 deg
