Energy,Value,Error,Angle
0.01 - 0.1,5.251695024072427e-06,0.006075946235976399,24.9 deg
0.1 - 1,7.040834709750618e-05,0.001665777561883181,24.9 deg
1 - 3.5,3.404395979088464e-05,0.00302558488057923,24.9 deg
3.5 - 10,1.8589628646005983e-06,0.0248235133672131,24.9 deg
10 - 20,4.479757320861308e-06,0.023491243918288173,24.9 deg
