Energy,Value,Error,Angle
0.1 - 1,6.873999293578087e-06,0.0047871856386804985,41.8 deg
1 - 3.5,1.749238103117115e-05,0.0030325667365519054,41.8 deg
3.5 - 10,1.6707324793597458e-05,0.004631800919299025,41.8 deg
10 - 20,1.2879991386257264e-05,0.007858124495175254,41.8 deg
