Value,Error,Energy,Angle
2.440928474162502e-06,0.0484916050747919,0.01 - 0.1,41.8 deg
1.5348091461461295e-05,0.02126695986367097,0.1 - 1,41.8 deg
3.0408625345660028e-05,0.012683412458245374,1 - 3.5,41.8 deg
2.5882149721197043e-05,0.014655906941182156,3.5 - 10,41.8 deg
2.6651260861138903e-05,0.01117857333766918,10 - 20,41.8 deg
