Energy,Value,Error,Angle
0.01 - 0.1,5.491775367805891e-06,0.005964894284526619,0 deg
0.1 - 1,7.641945680922597e-05,0.001589590873635517,0 deg
1 - 3.5,3.919650751153182e-05,0.0027956814678500113,0 deg
3.5 - 10,2.631280420852879e-06,0.020032767097465612,0 deg
10 - 20,4.603364422334215e-05,0.006151939419043305,0 deg
