Energy,Value,Error,Angle
0.01 - 0.1,4.101871530147351e-06,0.005878324788509787,66.8 deg
0.1 - 1,0.00010538229070183294,0.001286051454143337,66.8 deg
1 - 3.5,0.00010447882184677168,0.0013973600208209674,66.8 deg
3.5 - 10,2.997163243850719e-05,0.0038334634036315905,66.8 deg
10 - 20,2.4694699352646077e-05,0.005118475995423744,66.8 deg
