Energy,Value,Error,Angle
0.01 - 0.1,5.1321057210500936e-05,0.001260031072579539,0 deg
0.1 - 1,0.0001046907351131736,0.0010440624115490113,0 deg
1 - 3.5,8.648861719892711e-05,0.0015316945394596537,0 deg
3.5 - 10,7.222555661435008e-05,0.0025373482074312207,0 deg
10 - 20,0.001504378647808527,0.00042668778763230966,0 deg
