Energy,Value,Error,Angle
0.01 - 0.1,6.277995079070861e-06,0.005504876628693266,41.8 deg
0.1 - 1,0.00013686268788907507,0.0012116385732348024,41.8 deg
1 - 3.5,0.00012063864297217971,0.001635814946098524,41.8 deg
3.5 - 10,1.212595414052687e-05,0.008912378183623627,41.8 deg
10 - 20,1.7888670545885685e-05,0.009919824141358986,41.8 deg
