Value,Error,Energy,Angle
4.521598239905264e-06,0.038756887923838454,0.01 - 0.1,41.8 deg
5.79401664244429e-05,0.011855404710035936,0.1 - 1,41.8 deg
2.5796000455047995e-05,0.017010700652073375,1 - 3.5,41.8 deg
1.1885639424074434e-06,0.12850586018605586,3.5 - 10,41.8 deg
1.6155508141596597e-06,0.09776226121968869,10 - 20,41.8 deg
