Energy,Value,Error,Angle
0.1 - 1,8.53112581332873e-06,0.004276408912827886,0 deg
1 - 3.5,2.7456129762932153e-05,0.0022114277514399218,0 deg
3.5 - 10,4.676392018764934e-05,0.002515066298229881,0 deg
10 - 20,0.0004345152712999852,0.0007316836765937757,0 deg
