Value,Error,Energy,Angle
1.5853791719574245e-06,0.062228500933722494,0.01 - 0.1,66.8 deg
1.0494079753011493e-05,0.027649477591037284,0.1 - 1,66.8 deg
1.656482984483204e-05,0.01819391550934632,1 - 3.5,66.8 deg
1.1590724260557656e-05,0.022352314018731844,3.5 - 10,66.8 deg
9.879411130314492e-06,0.016505178912009526,10 - 20,66.8 deg
