Energy,Value,Error,Angle
0.1 - 1,2.3349419393309916e-05,0.0034335031951465912,24.9 deg
1 - 3.5,7.229797430412469e-05,0.002126081396802507,24.9 deg
3.5 - 10,8.31533600031976e-05,0.0027618769911495894,24.9 deg
10 - 20,0.0006277927598732632,0.0016472948935487702,24.9 deg
