Energy,Value,Error
0.01,0.0,0.0
0.1,7.89543e-12,0.0872
1.0,1.19766e-10,0.0269
5.0,2.63273e-11,0.0398
20.0,2.82519e-11,0.0357
