Energy,Value,Error
0.01,2.83329e-11,0.2092
0.1,5.8264e-09,0.016
1.0,7.77624e-07,0.0013
5.0,1.27151e-06,0.0009
20.0,2.85262e-08,0.0061
