Energy,Value,Error
1e-06,0.0,0.0
0.1,4.69297e-07,0.0007
1.0,2.81713e-06,0.0004
10.0,7.74142e-07,0.0007
20.0,3.05109e-07,0.0009
