Energy,Value,Error
1e-06,1.55824e-10,0.0496
0.1,1.02132e-05,0.0002
1.0,2.21937e-05,0.0001
10.0,1.81263e-06,0.0005
20.0,1.81995e-07,0.0012
