Energy,Value,Error
0.01,2.73852e-11,0.24
0.1,5.55234e-09,0.0135
1.0,6.74961e-07,0.0012
5.0,1.18191e-06,0.0008
20.0,3.75138e-08,0.0042
