Energy,Value,Error
0.01,1.79541e-11,0.2318
0.1,1.22382e-08,0.0173
1.0,1.75706e-06,0.0008
5.0,2.32584e-06,0.0007
20.0,9.26335e-08,0.0036
