Energy,Value,Error
1e-06,1.43222e-14,1.0
0.1,7.01123e-06,0.0
1.0,2.19766e-05,0.0
10.0,2.8081e-05,0.0
20.0,5.87724e-06,0.0
