Energy,Value,Error
0.01,7.31787e-12,0.4664
0.1,5.24682e-10,0.0462
1.0,1.18561e-07,0.0032
5.0,6.5174e-08,0.0038
20.0,6.09432e-08,0.0037
