Energy,Value,Error
0.01,1.92721e-11,0.5074
0.1,2.12194e-09,0.0202
1.0,8.86755e-07,0.0009
5.0,1.20915e-06,0.0007
20.0,6.45112e-08,0.003
