Energy,Value,Error
1e-06,0.0,0.0
0.1,4.15002e-10,0.0279
1.0,7.0011e-09,0.0075
10.0,3.7674e-09,0.0117
20.0,3.53484e-09,0.0093
