Energy,Value,Error
0.01,0.0,0.0
0.02,0.0,0.0
0.05,1.17117e-11,0.2242
0.1,3.58967e-12,0.3708
0.2,1.81388e-10,0.0735
0.3,1.15466e-09,0.038
0.4,5.81675e-10,0.0403
0.6,1.11167e-09,0.0327
0.8,1.07773e-09,0.0296
1.0,7.06769e-10,0.0359
1.22,4.50215e-10,0.0549
1.44,3.0499e-10,0.0471
1.66,2.21067e-10,0.0724
2.0,1.79363e-10,0.0636
2.5,8.34499e-11,0.0882
3.0,2.1599e-11,0.1745
4.0,2.87564e-12,0.6016
5.0,0.0,0.0
6.5,0.0,0.0
8.0,0.0,0.0
10.0,0.0,0.0
12.0,0.0,0.0
14.0,0.0,0.0
20.0,0.0,0.0
