Energy,Value,Error
0.01,2.04439e-11,0.1667
0.1,6.91008e-10,0.0294
1.0,3.13213e-07,0.0015
5.0,1.53603e-07,0.002
20.0,1.73446e-08,0.0059
