Energy,Value,Error
1e-06,6.01652e-11,0.2006
0.1,1.07114e-05,0.0004
1.0,1.5749e-05,0.0004
10.0,1.01978e-05,0.0004
20.0,3.84247e-06,0.0006
