Energy,Value,Error
0.01,1.43037e-10,0.0854
0.1,2.61333e-09,0.0877
1.0,1.41602e-06,0.001
5.0,1.01657e-06,0.001
20.0,3.52553e-08,0.0056
