Energy,Value,Error
1e-06,0.0,0.0
0.1,6.12512e-06,0.0003
1.0,1.34344e-05,0.0002
10.0,1.03069e-06,0.0009
20.0,3.31892e-07,0.0013
