Energy,Value,Error
0.01,7.29821e-12,0.3229
0.1,3.73465e-09,0.0222
1.0,9.65748e-07,0.0014
5.0,1.08544e-06,0.0012
20.0,8.20028e-09,0.0129
