Energy,Value,Error
1e-06,1.77245e-09,0.0143
0.1,7.41937e-06,0.0002
1.0,1.747e-05,0.0001
10.0,2.73542e-07,0.001
20.0,9.47331e-09,0.0036
