Energy,Value,Error
1e-06,3.30636e-14,1.0
0.1,7.96893e-06,0.0001
1.0,7.97523e-06,0.0001
10.0,7.98225e-06,0.0001
20.0,7.9388e-06,0.0001
