Energy,Value,Error
1e-06,2.39797e-06,0.0018
0.1,1.05119e-06,0.0036
1.0,1.01088e-06,0.0033
10.0,4.26714e-06,0.0011
20.0,2.17127e-06,0.0013
