Energy,Value,Error
1e-06,2.23311e-11,0.0897
0.1,1.1584e-05,0.0001
1.0,3.38148e-05,0.0001
10.0,6.33105e-06,0.0002
20.0,4.08858e-07,0.0006
