Energy,Value,Error
0.01,4.74714e-11,0.3999
0.1,9.43366e-08,0.0048
1.0,3.56107e-06,0.0007
5.0,3.1396e-06,0.0006
20.0,2.84023e-07,0.002
