Energy,Value,Error
1e-06,1.01328e-13,0.5804
0.1,3.38689e-06,0.0002
1.0,1.38706e-05,0.0001
10.0,1.82365e-06,0.0003
20.0,2.72021e-07,0.0007
