Energy,Value,Error
0.01,1.20828e-11,0.2109
0.1,1.562e-08,0.0096
1.0,1.00067e-06,0.0011
5.0,6.04201e-07,0.0012
20.0,2.29607e-07,0.0018
