Energy,Value,Error
0.01,4.96574e-12,0.4113
0.1,1.06886e-06,0.0007
1.0,5.99385e-06,0.0003
5.0,3.76243e-06,0.0003
20.0,6.10229e-07,0.0007
