Energy,Value,Error
0.01,6.51298e-12,0.266
0.1,1.67792e-09,0.0245
1.0,2.45264e-07,0.0017
5.0,1.09314e-07,0.0021
20.0,4.46508e-08,0.0032
