Energy,Value,Error
0.01,1.067e-11,0.2006
0.1,1.58892e-09,0.0262
1.0,1.15628e-07,0.0033
5.0,2.1004e-07,0.0021
20.0,4.90442e-09,0.0134
