Energy,Value,Error
1e-06,1.35158e-10,0.0526
0.1,1.055e-05,0.0002
1.0,2.6929e-05,0.0001
10.0,2.08874e-06,0.0005
20.0,1.94289e-07,0.0012
