Energy,Value,Error
0.01,1.16047e-12,1.0
0.1,2.67534e-10,0.0921
1.0,1.29691e-08,0.013
5.0,2.89946e-08,0.0083
20.0,1.14964e-09,0.0358
