Energy,Value,Error
0.01,2.74164e-11,0.2956
0.1,4.47854e-09,0.0332
1.0,2.96594e-07,0.0044
5.0,5.67217e-07,0.0029
20.0,2.3687e-08,0.0143
