Energy,Value,Error
0.01,6.20543e-13,1.0
0.1,3.7978e-10,0.069
1.0,5.8669e-07,0.0015
5.0,4.36741e-07,0.0016
20.0,2.00624e-08,0.0074
