Energy,Value,Error
1e-06,4.11772e-09,0.0918
0.1,1.78868e-05,0.0013
1.0,2.63011e-05,0.001
10.0,1.6263e-05,0.0013
20.0,1.20421e-07,0.0124
