Energy,Value,Error
0.01,2.98711e-11,0.1745
0.1,1.79846e-09,0.0208
1.0,3.99225e-07,0.0015
5.0,3.25489e-07,0.0015
20.0,6.97167e-08,0.004
