Energy,Value,Error
0.01,0.0,0.0
0.1,3.63714e-11,0.1568
1.0,2.19919e-09,0.0221
5.0,3.66952e-09,0.016
20.0,1.83719e-11,0.1878
