Energy,Value,Error
0.01,0.0,0.0
0.1,1.53014e-11,0.1924
1.0,4.81389e-09,0.0157
5.0,1.26356e-09,0.0283
20.0,0.0,0.0
