Energy,Value,Error
0.01,1.02804e-10,0.0985
0.1,2.11523e-09,0.0253
1.0,1.16992e-06,0.001
5.0,4.62467e-07,0.0014
20.0,2.62891e-08,0.0059
