Energy,Value,Error
0.01,0.0,0.0
0.1,4.53938e-10,0.0612
1.0,3.99201e-07,0.0017
5.0,5.16219e-07,0.0014
20.0,2.70773e-08,0.0059
