Energy,Value,Error
1e-06,1.96131e-10,0.0555
0.1,4.38114e-07,0.0014
1.0,6.82008e-07,0.0013
10.0,1.4026e-08,0.0104
20.0,1.5112e-09,0.0245
