Energy,Value,Error
1e-06,0.0,0.0
0.1,1.39263e-05,0.0002
1.0,1.72854e-05,0.0002
10.0,2.09818e-07,0.002
20.0,9.34137e-09,0.0072
