Energy,Value,Error
1e-06,3.64413e-11,0.0594
0.1,1.13816e-05,0.0001
1.0,1.83628e-05,0.0001
10.0,1.05046e-05,0.0001
20.0,9.87893e-07,0.0003
