Energy,Value,Error
0.01,3.07279e-11,0.1994
0.1,2.08664e-09,0.0389
1.0,5.00946e-07,0.0022
5.0,2.83488e-07,0.0022
20.0,2.08994e-07,0.0026
