Energy,Value,Error
1e-06,0.0,0.0
0.1,2.96317e-07,0.0015
1.0,2.1466e-07,0.0021
10.0,7.79951e-09,0.0121
20.0,3.18729e-09,0.0149
