Energy,Value,Error
1e-06,2.50541e-11,0.0757
0.1,5.82616e-06,0.0002
1.0,5.0006e-06,0.0002
10.0,3.33136e-07,0.0011
20.0,1.12783e-07,0.0015
