Energy,Value,Error
0.01,3.3633e-11,0.2645
0.1,4.98946e-09,0.0224
1.0,9.71777e-07,0.0016
5.0,1.1457e-06,0.0013
20.0,9.31472e-09,0.0134
