Energy,Value,Error
1e-06,0.0,0.0
0.1,2.59476e-06,0.0005
1.0,1.16519e-05,0.0002
10.0,1.08913e-06,0.001
20.0,4.03233e-07,0.0013
