Energy,Value,Error
0.01,2.33762e-10,0.1143
0.1,1.30493e-06,0.0014
1.0,2.11708e-06,0.0011
5.0,1.12359e-06,0.001
20.0,3.00518e-07,0.0019
