Energy,Value,Error
0.01,0.0,0.0
0.1,1.59549e-09,0.0271
1.0,1.1144e-07,0.0034
5.0,9.80811e-08,0.0035
20.0,1.70899e-09,0.0232
