Energy,Value,Error
0.01,1.49011e-11,0.0751
0.1,3.43883e-10,0.0113
1.0,2.72795e-09,0.004
5.0,1.45884e-08,0.0017
20.0,9.64644e-09,0.0021
