Energy,Value,Error
1e-06,1.76426e-10,0.043
0.1,2.05628e-05,0.0001
1.0,2.14987e-05,0.0001
10.0,5.74822e-07,0.0009
20.0,5.94164e-08,0.0022
