Energy,Value,Error
0.01,2.12868e-12,0.6205
0.1,7.63559e-11,0.1271
1.0,4.61693e-09,0.0177
5.0,1.01689e-08,0.012
20.0,2.60056e-10,0.0962
