Energy,Value,Error
0.01,5.72292e-12,0.4273
0.1,2.16985e-09,0.0249
1.0,1.25771e-06,0.0009
5.0,1.72619e-06,0.0007
20.0,1.73734e-07,0.0021
