Energy,Value,Error
1e-06,3.29912e-14,1.0
0.1,7.96417e-06,0.0001
1.0,7.9687e-06,0.0001
10.0,7.96822e-06,0.0001
20.0,7.95015e-06,0.0001
