Energy,Value,Error
0.01,1.25783e-10,0.0923
0.1,5.87028e-09,0.0189
1.0,1.67479e-06,0.0009
5.0,1.4049e-06,0.0009
20.0,3.07071e-07,0.0018
