Energy,Value,Error
1e-06,9.13767e-11,0.0747
0.1,3.13497e-05,0.0001
1.0,6.99203e-06,0.0003
10.0,1.18521e-06,0.0006
20.0,1.74436e-07,0.0012
