Energy,Value,Error
0.01,2.90618e-13,1.0
0.1,3.20186e-10,0.051
1.0,2.01277e-07,0.0021
5.0,2.4402e-07,0.0017
20.0,9.77057e-09,0.008
