Energy,Value,Error
1e-06,0.0,0.0
0.1,5.59351e-06,0.0002
1.0,1.43776e-05,0.0002
10.0,8.62372e-07,0.0008
20.0,1.93385e-07,0.0014
