Energy,Value,Error
1e-06,1.54484e-08,0.0043
0.1,1.95208e-05,0.0001
1.0,2.85709e-05,0.0001
10.0,4.57066e-07,0.0009
20.0,6.66159e-08,0.0018
