Energy,Value,Error
1e-06,0.0,0.0
0.1,3.29697e-07,0.0011
1.0,7.76421e-07,0.0008
10.0,2.08597e-08,0.0058
20.0,6.88031e-09,0.0087
