Energy,Value,Error
1e-06,0.0,0.0
0.1,1.50709e-10,0.0317
1.0,1.22726e-08,0.0034
10.0,9.94646e-08,0.001
20.0,3.44897e-08,0.0015
