Energy,Value,Error
0.01,0.0,0.0
0.1,7.26554e-10,0.008
1.0,5.13882e-08,0.0009
5.0,1.66682e-08,0.0016
20.0,7.91429e-10,0.0073
