Energy,Value,Error
1e-06,7.10568e-11,0.0717
0.1,1.62396e-05,0.0002
1.0,3.58795e-05,0.0001
10.0,2.23056e-06,0.0005
20.0,2.34454e-07,0.0011
