Energy,Value,Error
0.01,6.10882e-13,0.2656
0.1,2.36869e-11,0.041
1.0,7.8701e-10,0.0076
5.0,3.34081e-08,0.0012
20.0,7.78486e-10,0.0074
