Energy,Value,Error
0.01,2.82073e-11,0.2259
0.1,5.67884e-09,0.0168
1.0,1.34551e-06,0.0011
5.0,1.39807e-06,0.001
20.0,2.12422e-08,0.0075
