Energy,Value,Error
0.01,5.01059e-13,1.0
0.1,4.80464e-11,0.2271
1.0,3.18867e-09,0.0241
5.0,4.8558e-09,0.0151
20.0,3.02102e-11,0.1523
