Energy,Value,Error
1e-06,3.68594e-09,0.0136
0.1,2.65715e-05,0.0001
1.0,2.57409e-05,0.0002
10.0,9.06682e-07,0.0009
20.0,2.66806e-07,0.0012
