Energy,Value,Error
1e-06,3.01674e-10,0.099
0.1,1.69352e-05,0.0004
1.0,1.41285e-05,0.0005
10.0,9.77527e-06,0.0005
20.0,2.64718e-06,0.0008
