Energy,Value,Error
1e-06,4.64489e-09,0.008
0.1,3.10119e-05,0.0001
1.0,1.23189e-05,0.0002
10.0,1.13188e-06,0.0007
20.0,3.0615e-07,0.0011
