Energy,Value,Error
1e-06,9.74101e-12,0.1614
0.1,1.18848e-05,0.0001
1.0,1.3364e-05,0.0002
10.0,9.16651e-07,0.0008
20.0,2.02327e-07,0.0012
