Energy,Value,Error
0.01,2.51919e-11,0.2021
0.1,5.40216e-09,0.0175
1.0,8.32815e-07,0.0011
5.0,1.41456e-06,0.0007
20.0,5.09477e-08,0.0037
