Energy,Value,Error
1e-06,7.96625e-12,0.2081
0.1,4.17597e-06,0.0004
1.0,1.87675e-05,0.0002
10.0,1.00338e-06,0.0009
20.0,3.48079e-07,0.0012
