Energy,Value,Error
0.01,1.42152e-11,0.2381
0.1,6.60608e-09,0.017
1.0,6.82972e-07,0.0014
5.0,3.98931e-07,0.0015
20.0,1.71501e-07,0.0022
