Energy,Value,Error
1e-06,2.79309e-09,0.0159
0.1,2.39563e-05,0.0001
1.0,8.64318e-06,0.0003
10.0,7.00358e-08,0.0042
20.0,1.88048e-08,0.0059
