Energy,Value,Error
0.01,1.78877e-11,0.2493
0.1,4.58624e-09,0.0141
1.0,3.17695e-07,0.0016
5.0,6.04463e-07,0.0011
20.0,1.33484e-08,0.0074
