Energy,Value,Error
0.01,4.99644e-11,0.1827
0.1,1.10628e-08,0.0136
1.0,4.02045e-07,0.002
5.0,7.38441e-07,0.0013
20.0,9.5323e-09,0.011
