Energy,Value,Error
1e-06,1.26298e-11,0.0883
0.1,1.1068e-05,0.0001
1.0,2.57859e-05,0.0001
10.0,1.17053e-05,0.0001
20.0,1.72781e-06,0.0002
