Energy,Value,Error
1e-06,1.01048e-13,0.7119
0.1,7.09048e-06,0.0001
1.0,1.89649e-05,0.0001
10.0,1.41257e-06,0.0004
20.0,3.94086e-07,0.0007
