Energy,Value,Error
1e-06,0.0,0.0
0.1,6.77884e-06,0.0002
1.0,4.56683e-06,0.0004
10.0,1.22745e-07,0.0025
20.0,2.81495e-08,0.0041
