Energy,Value,Error
1e-06,0.0,0.0
0.1,7.05597e-06,0.0002
1.0,2.24693e-05,0.0001
10.0,2.13029e-06,0.0005
20.0,5.82011e-07,0.0008
