Energy,Value,Error
1e-06,0.0,0.0
0.1,1.83955e-05,0.0001
1.0,1.53259e-05,0.0002
10.0,5.9136e-07,0.0011
20.0,1.38176e-07,0.0016
