Energy,Value,Error
1e-06,0.0,0.0
0.1,3.52116e-05,0.0001
1.0,1.77849e-06,0.0008
10.0,2.48665e-07,0.0018
20.0,5.17029e-08,0.0029
