Energy,Value,Error
0.01,1.75624e-11,0.348
0.1,2.76105e-09,0.0201
1.0,1.06306e-06,0.0008
5.0,1.35092e-06,0.0007
20.0,9.33867e-08,0.0025
