Energy,Value,Error
0.01,4.01828e-12,0.2293
0.1,8.8256e-10,0.0216
1.0,1.3818e-07,0.0019
5.0,9.89687e-08,0.002
20.0,5.15823e-08,0.0028
