Energy,Value,Error
1e-06,0.0,0.0
0.1,7.8264e-07,0.0006
1.0,3.11089e-06,0.0004
10.0,4.02837e-07,0.0012
20.0,1.03407e-07,0.0018
