Energy,Value,Error
1e-06,4.15801e-09,0.0112
0.1,2.46828e-05,0.0001
1.0,2.34835e-05,0.0002
10.0,9.30569e-07,0.0009
20.0,2.29224e-07,0.0014
