Energy,Value,Error
1e-06,3.49808e-05,0.0002
0.1,8.49166e-06,0.0005
1.0,1.71997e-06,0.0011
10.0,3.13326e-06,0.0007
20.0,1.06564e-07,0.0028
