Energy,Value,Error
1e-06,0.0,0.0
0.1,1.12062e-05,0.0002
1.0,2.33805e-05,0.0002
10.0,1.32819e-06,0.0007
20.0,3.29326e-07,0.0011
