Energy,Value,Error
0.01,0.0,0.0
0.1,1.31024e-09,0.1616
1.0,1.12476e-07,0.0227
5.0,6.11666e-08,0.0329
20.0,1.68256e-09,0.1643
