Energy,Value,Error
1e-06,6.30304e-11,0.1382
0.1,9.81003e-06,0.0003
1.0,1.86434e-05,0.0003
10.0,1.03719e-05,0.0004
20.0,2.37982e-06,0.0007
