Energy,Value,Error
1e-06,1.43149e-10,0.0384
0.1,2.01274e-05,0.0002
1.0,2.39523e-05,0.0001
10.0,4.26111e-06,0.0004
20.0,6.94378e-07,0.0007
