Energy,Value,Error
1e-06,0.0,0.0
0.1,3.41191e-07,0.0012
1.0,9.17263e-07,0.0008
10.0,8.99114e-08,0.0031
20.0,3.56354e-08,0.004
