Energy,Value,Error
1e-06,2.68163e-09,0.0078
0.1,1.59396e-05,0.0001
1.0,2.06367e-05,0.0001
10.0,4.63249e-06,0.0002
20.0,6.2416e-07,0.0004
