Energy,Value,Error
0.01,1.8312e-11,0.2574
0.1,1.62353e-08,0.0107
1.0,4.1487e-06,0.0006
5.0,3.55809e-06,0.0005
20.0,2.9641e-07,0.0018
