Energy,Value,Error
0.01,2.82321e-11,0.2091
0.1,4.89996e-09,0.017
1.0,7.15035e-07,0.0012
5.0,1.11019e-06,0.0009
20.0,2.87552e-08,0.0054
