Energy,Value,Error
0.01,6.59041e-11,0.2141
0.1,2.78082e-07,0.0044
1.0,9.70091e-06,0.0007
5.0,5.70845e-06,0.0007
20.0,4.97132e-07,0.0023
