Energy,Value,Error
0.01,1.93865e-12,0.4089
0.1,1.36052e-06,0.0005
1.0,7.78286e-06,0.0002
5.0,3.32237e-06,0.0003
20.0,3.04767e-07,0.0008
