Energy,Value,Error
1e-06,1.16882e-12,0.5285
0.1,3.7109e-06,0.0004
1.0,1.10206e-05,0.0003
10.0,5.52572e-07,0.0014
20.0,1.14994e-07,0.0024
