Energy,Value,Error
1e-06,0.0,0.0
0.1,3.36493e-09,0.0114
1.0,1.8756e-08,0.0058
10.0,1.74281e-09,0.0207
20.0,3.73356e-10,0.047
