Energy,Value,Error
0.01,3.58163e-11,0.3194
0.1,2.42658e-07,0.0042
1.0,9.21643e-06,0.0007
5.0,6.33104e-06,0.0007
20.0,4.2086e-07,0.0025
