Energy,Value,Error
1e-06,5.34611e-14,1.0
0.1,1.66662e-05,0.0001
1.0,3.23719e-05,0.0001
10.0,3.72929e-06,0.0003
20.0,5.84408e-07,0.0006
