Energy,Value,Error
1e-06,3.59898e-05,0.0002
0.1,4.00475e-06,0.0008
1.0,9.66986e-07,0.0017
10.0,1.77541e-06,0.001
20.0,1.7302e-07,0.0025
