Energy,Value,Error
0.01,0.0,0.0
0.1,6.55119e-10,0.0099
1.0,1.4874e-09,0.0058
5.0,2.8e-08,0.0014
20.0,3.72703e-09,0.0039
