Energy,Value,Error
1e-06,5.4858e-06,0.0018
0.1,5.22545e-06,0.002
1.0,1.49477e-06,0.0035
10.0,2.73364e-06,0.0021
20.0,3.37986e-07,0.0049
