Energy,Value,Error
1e-06,0.0,0.0
0.1,1.56447e-07,0.0017
1.0,3.11095e-07,0.0013
10.0,7.11601e-09,0.0156
20.0,2.11298e-09,0.0149
