Energy,Value,Error
0.01,3.64729e-11,0.1808
0.1,1.57789e-09,0.0383
1.0,4.74468e-07,0.0017
5.0,3.54451e-07,0.0017
20.0,1.2061e-07,0.0029
