Energy,Value,Error
0.01,0.0,0.0
0.1,5.10498e-10,0.0876
1.0,8.07464e-07,0.0021
5.0,6.53456e-07,0.0019
20.0,6.41196e-08,0.0061
