Energy,Value,Error
1e-06,9.36964e-09,0.0311
0.1,8.16216e-06,0.0016
1.0,1.20824e-05,0.0013
10.0,3.04671e-07,0.0077
20.0,1.88403e-08,0.0217
