Energy,Value,Error
0.01,1.8816e-12,0.7076
0.1,4.51172e-07,0.0026
1.0,5.02679e-06,0.0007
5.0,3.80582e-06,0.0007
20.0,2.40908e-07,0.0025
