Energy,Value,Error
0.01,0.0,0.0
0.1,4.25023e-10,0.0557
1.0,6.64158e-07,0.0015
5.0,5.0922e-07,0.0015
20.0,3.46116e-08,0.0058
