Energy,Value,Error
0.01,0.0,0.0
0.1,4.29245e-07,0.0019
1.0,3.10655e-06,0.0007
5.0,1.89715e-06,0.0007
20.0,3.40453e-07,0.0015
