Energy,Value,Error
1e-06,0.0,0.0
0.1,8.51069e-06,0.0003
1.0,7.97215e-06,0.0004
10.0,1.17619e-06,0.0009
20.0,2.60637e-07,0.0014
