Energy,Value,Error
1e-06,0.0,0.0
0.1,4.85181e-07,0.0008
1.0,1.15064e-06,0.0006
10.0,9.01814e-08,0.0025
20.0,3.01145e-08,0.0033
