Energy,Value,Error
0.01,2.04744e-12,0.7315
0.1,5.19016e-10,0.0398
1.0,3.12117e-07,0.0017
5.0,3.63045e-07,0.0015
20.0,9.81012e-09,0.0082
