Energy,Value,Error
0.01,1.44958e-12,0.4229
0.1,1.53804e-09,0.0317
1.0,1.63508e-07,0.002
5.0,1.24498e-07,0.002
20.0,2.85109e-08,0.0057
