Energy,Value,Error
0.01,8.43381e-12,0.3049
0.1,3.13592e-09,0.0163
1.0,4.82169e-07,0.0014
5.0,6.40711e-07,0.0011
20.0,5.7889e-09,0.012
