Energy,Value,Error
1e-06,0.0,0.0
0.1,8.80271e-08,0.004
1.0,3.63202e-07,0.0021
10.0,5.62621e-07,0.0016
20.0,7.54229e-08,0.0036
