Energy,Value,Error
0.01,0.0,0.0
0.1,2.74027e-11,0.162
1.0,1.14612e-08,0.0103
5.0,4.05543e-09,0.0161
20.0,0.0,0.0
