Energy,Value,Error
1e-06,2.67005e-07,0.003
0.1,1.0964e-07,0.006
1.0,9.97546e-08,0.0064
10.0,4.92195e-07,0.0019
20.0,1.72307e-07,0.0025
