Energy,Value,Error
0.01,0.0,0.0
0.1,4.92329e-10,0.0597
1.0,3.76062e-07,0.0018
5.0,4.33937e-07,0.0016
20.0,9.10462e-09,0.0111
