Energy,Value,Error
0.01,1.3735e-13,0.502
0.1,9.82525e-11,0.0214
1.0,7.81954e-09,0.0024
5.0,4.84411e-08,0.001
20.0,9.36003e-09,0.0022
