Energy,Value,Error
0.01,1.89312e-12,0.7076
0.1,7.09016e-10,0.1176
1.0,6.51343e-08,0.015
5.0,1.55421e-07,0.0083
20.0,3.55001e-09,0.0495
