Energy,Value,Error
1e-06,3.27007e-10,0.0425
0.1,1.58199e-05,0.0001
1.0,1.15932e-05,0.0002
10.0,3.58621e-07,0.0014
20.0,1.38979e-07,0.0017
