Energy,Value,Error
1e-06,9.38389e-12,0.1214
0.1,5.10749e-06,0.0002
1.0,1.19023e-05,0.0002
10.0,9.92779e-07,0.0007
20.0,3.07025e-07,0.001
