Energy,Value,Error
0.01,5.76411e-12,0.3932
0.1,1.86646e-09,0.0304
1.0,1.41903e-06,0.0009
5.0,1.83312e-06,0.0007
20.0,1.07049e-07,0.003
