Energy,Value,Error
0.01,0.0,0.0
0.1,2.19861e-11,0.1886
1.0,8.77377e-09,0.012
5.0,4.70016e-09,0.013
20.0,2.47629e-10,0.0698
