Energy,Value,Error
0.01,4.16786e-11,0.249
0.1,2.11687e-07,0.0043
1.0,7.76389e-06,0.0007
5.0,5.50722e-06,0.0007
20.0,3.01592e-07,0.0027
