Energy,Value,Error
1e-06,7.33685e-13,0.6916
0.1,7.97661e-06,0.0
1.0,7.97623e-06,0.0
10.0,7.97198e-06,0.0
20.0,7.94474e-06,0.0
