Energy,Value,Error
1e-06,0.0,0.0
0.1,8.30557e-06,0.0002
1.0,1.68945e-05,0.0002
10.0,1.44661e-05,0.0002
20.0,5.80937e-06,0.0002
