Energy,Value,Error
1e-06,5.32985e-12,0.2951
0.1,8.90405e-06,0.0002
1.0,1.32129e-05,0.0003
10.0,6.18332e-07,0.0013
20.0,1.31758e-07,0.0022
