Energy,Value,Error
1e-06,0.0,0.0
0.1,8.10955e-07,0.0006
1.0,5.88066e-06,0.0002
10.0,5.7477e-07,0.0008
20.0,1.19232e-07,0.0015
