Energy,Value,Error
1e-06,4.8957e-11,0.1479
0.1,9.24228e-06,0.0003
1.0,1.94836e-05,0.0002
10.0,5.19404e-06,0.0005
20.0,1.94326e-06,0.0006
