Energy,Value,Error
0.01,3.75314e-12,0.4172
0.1,6.32718e-09,0.0189
1.0,1.45111e-06,0.0012
5.0,2.17675e-06,0.0008
20.0,1.56391e-07,0.003
