Energy,Value,Error
1e-06,0.0,0.0
0.1,7.11257e-06,0.0003
1.0,2.82517e-05,0.0003
10.0,4.94624e-05,0.0004
20.0,5.90678e-06,0.0003
