Energy,Value,Error
1e-06,0.0,0.0
0.1,6.68221e-06,0.0004
1.0,4.47997e-05,0.0004
10.0,9.07358e-05,0.0004
20.0,6.13362e-06,0.0004
