Energy,Value,Error
0.01,0.0,0.0
0.1,2.37212e-07,0.0104
1.0,6.84388e-05,0.0007
5.0,8.45071e-05,0.0007
20.0,1.3973e-06,0.0021
