Cells,Segments,Value,Error
2,1,-4.2261556724959695,0.017718526669090087
