Energy,Value,Error
1e-06,0.0,0.0
0.1,1.00449e-05,0.0002
1.0,7.61073e-06,0.0004
10.0,1.01739e-06,0.0011
20.0,2.82992e-07,0.0015
