Energy,Value,Error
1e-06,0.0,0.0
0.1,1.48359e-06,0.0008
1.0,5.07263e-06,0.0005
10.0,1.00502e-06,0.0011
20.0,3.24705e-07,0.0015
