Energy,Value,Error
1e-06,0.0,0.0
0.1,1.45296e-07,0.0033
1.0,1.46627e-06,0.0011
10.0,4.15934e-07,0.0023
20.0,1.97849e-07,0.0026
