Energy,Value,Error
0.01,1.83234e-11,0.2827
0.1,3.18895e-09,0.0227
1.0,4.47261e-07,0.0019
5.0,7.23373e-07,0.0013
20.0,1.92116e-08,0.0082
