Energy,Value,Error
0.01,1.81936e-10,0.1027
0.1,4.23065e-09,0.0232
1.0,2.13282e-06,0.0009
5.0,1.62919e-06,0.0009
20.0,3.50746e-07,0.0018
