Energy,Value,Error
1e-06,0.0,0.0
0.1,9.32683e-07,0.0005
1.0,3.36251e-06,0.0003
10.0,5.21408e-07,0.0008
20.0,2.25088e-07,0.001
