Energy,Value,Error
1e-06,4.17592e-10,0.0279
0.1,2.55657e-05,0.0001
1.0,1.9494e-05,0.0001
10.0,2.56886e-06,0.0004
20.0,7.59259e-07,0.0005
