Energy,Value,Error
1e-06,2.84982e-14,1.0
0.1,7.96839e-06,0.0
1.0,7.96982e-06,0.0
10.0,7.9688e-06,0.0
20.0,7.94933e-06,0.0
