Energy,Value,Error
1e-06,0.0,0.0
0.1,1.85958e-08,0.0058
1.0,9.96065e-08,0.0029
10.0,3.2036e-08,0.0056
20.0,8.69644e-09,0.0081
