Energy,Value,Error
1e-06,1.53454e-11,0.1172
0.1,9.70185e-06,0.0002
1.0,8.92381e-07,0.0008
10.0,2.11389e-08,0.0062
20.0,6.8797e-09,0.0081
