Energy,Value,Error
0.01,2.32201e-13,0.3745
0.1,5.41577e-08,0.0011
1.0,1.64327e-06,0.0001
5.0,2.03356e-06,0.0001
20.0,9.60509e-09,0.0016
