Energy,Value,Error
0.01,2.96057e-11,0.2382
0.1,1.36413e-08,0.014
1.0,6.89986e-07,0.0022
5.0,1.04461e-06,0.0016
20.0,1.62695e-08,0.0118
