Energy,Value,Error
1e-06,8.88088e-12,0.1206
0.1,1.01388e-05,0.0001
1.0,8.7212e-06,0.0002
10.0,3.97689e-07,0.0011
20.0,1.30422e-07,0.0015
