Energy,Value,Error
1e-06,1.04309e-11,0.0921
0.1,1.43257e-05,0.0001
1.0,4.06237e-05,0.0001
10.0,3.50152e-06,0.0002
20.0,3.97987e-07,0.0005
