Energy,Value,Error
0.01,2.01634e-11,0.2372
0.1,4.35644e-09,0.0203
1.0,1.26618e-06,0.0011
5.0,1.52167e-06,0.0009
20.0,3.41824e-08,0.0062
