Energy,Value,Error
1e-06,0.0,0.0
0.1,1.02525e-05,0.0002
1.0,1.89655e-05,0.0002
10.0,1.12046e-06,0.0009
20.0,1.6961e-07,0.0019
