Energy,Value,Error
1e-06,0.0,0.0
0.1,7.11656e-07,0.0014
1.0,4.55891e-06,0.0006
10.0,1.04502e-06,0.0014
20.0,4.72917e-07,0.0016
