Energy,Value,Error
1e-06,0.0,0.0
0.1,6.05367e-07,0.0012
1.0,2.92766e-06,0.0007
10.0,8.26059e-07,0.0014
20.0,4.87241e-07,0.0014
