Energy,Value,Error
1e-06,0.0,0.0
0.1,2.24888e-06,0.0005
1.0,9.9191e-06,0.0003
10.0,6.33528e-07,0.0011
20.0,1.27435e-07,0.002
