Energy,Value,Error
0.01,4.47246e-11,0.302
0.1,2.13077e-07,0.0044
1.0,7.92987e-06,0.0007
5.0,6.19562e-06,0.0007
20.0,6.86833e-07,0.0019
