Energy,Value,Error
1e-06,0.0,0.0
0.1,2.99674e-06,0.0005
1.0,6.96256e-06,0.0004
10.0,1.24101e-06,0.0009
20.0,3.14333e-07,0.0014
