Energy,Value,Error
1e-06,0.0,0.0
0.1,2.25093e-05,0.0001
1.0,9.23224e-06,0.0002
10.0,1.19817e-07,0.0023
20.0,3.19927e-08,0.0034
