Energy,Value,Error
1e-06,1.16919e-10,0.0486
0.1,1.1892e-05,0.0001
1.0,2.3734e-05,0.0001
10.0,2.72417e-06,0.0003
20.0,2.7004e-07,0.0009
