Energy,Value,Error
1e-06,7.6106e-11,0.056
0.1,1.57642e-05,0.0001
1.0,3.77529e-05,0.0001
10.0,3.5338e-06,0.0003
20.0,3.56256e-07,0.0007
