Energy,Value,Error
1e-06,0.0,0.0
0.1,2.10414e-05,0.0001
1.0,1.47999e-05,0.0002
10.0,7.14593e-07,0.001
20.0,2.76735e-07,0.0013
