Energy,Value,Error
0.01,5.13396e-11,0.1273
0.1,9.69316e-09,0.0168
1.0,8.27223e-07,0.0014
5.0,1.8292e-06,0.0009
20.0,4.66774e-08,0.0057
