Cells,Segments,Value,Error
2,1,-113.41051817515653,0.47738280702993546
