Energy,Value,Error
1e-06,1.96324e-13,0.416
0.1,7.96661e-06,0.0
1.0,7.96887e-06,0.0
10.0,7.96805e-06,0.0
20.0,7.95006e-06,0.0
