Energy,Value,Error
0.01,4.75378e-12,0.2952
0.1,2.82284e-09,0.021
1.0,1.18836e-06,0.0009
5.0,8.52054e-07,0.0009
20.0,4.75492e-08,0.0037
