Energy,Value,Error
1e-06,0.0,0.0
0.1,6.76394e-11,0.0351
1.0,5.93025e-09,0.0043
10.0,3.88942e-08,0.0014
20.0,1.73228e-08,0.0018
