Energy,Value,Error
1e-06,0.0,0.0
0.1,6.88458e-09,0.0117
1.0,4.56519e-08,0.0041
10.0,6.16704e-09,0.0117
20.0,1.30792e-09,0.0233
