Energy,Value,Error
0.01,2.87918e-11,0.1606
0.1,1.67049e-09,0.0454
1.0,3.57956e-07,0.0044
5.0,2.90706e-07,0.0035
20.0,5.90097e-08,0.0074
