Energy,Value,Error
1e-06,0.0,0.0
0.1,3.2431e-07,0.0012
1.0,1.21393e-06,0.0008
10.0,7.00476e-07,0.001
20.0,1.86979e-07,0.0015
