Energy,Value,Error
0.01,2.78386e-12,0.4447
0.1,1.11515e-09,0.0476
1.0,8.50488e-07,0.0011
5.0,9.19932e-07,0.0009
20.0,5.20286e-08,0.0037
