Energy,Value,Error
0.01,3.88952e-12,0.4519
0.1,1.63213e-09,0.0276
1.0,4.76579e-07,0.0015
5.0,5.71666e-07,0.0012
20.0,1.31391e-08,0.0076
