Energy,Value,Error
0.01,1.25928e-11,0.6267
0.1,7.26168e-10,0.1088
1.0,6.56723e-08,0.0165
5.0,1.46111e-07,0.0117
20.0,6.18865e-09,0.0473
