Energy,Value,Error
0.01,1.27378e-13,0.502
0.1,9.92139e-11,0.0209
1.0,7.82988e-09,0.0023
5.0,4.84371e-08,0.0009
20.0,9.37749e-09,0.0021
