Energy,Value,Error
0.01,4.29586e-10,0.07
0.1,1.64974e-08,0.014
1.0,3.53602e-06,0.0008
5.0,2.4216e-06,0.0008
20.0,4.4411e-07,0.0017
