Energy,Value,Error
1e-06,0.0,0.0
0.1,1.41296e-06,0.0004
1.0,4.90204e-06,0.0003
10.0,6.9733e-07,0.0008
20.0,1.98244e-07,0.0012
