Energy,Value,Error
0.01,1.04335e-12,0.78
0.1,2.43314e-10,0.0742
1.0,3.3566e-07,0.0017
5.0,4.59509e-07,0.0013
20.0,4.12764e-08,0.0065
