Energy,Value,Error
1e-06,0.0,0.0
0.1,2.75318e-06,0.0009
1.0,1.05376e-05,0.0004
10.0,6.51054e-06,0.0005
20.0,2.03891e-06,0.0008
