Energy,Value,Error
1e-06,0.0,0.0
0.1,5.61363e-06,0.0004
1.0,2.96628e-05,0.0002
10.0,4.76907e-06,0.0005
20.0,1.16345e-07,0.003
