Energy,Value,Error
0.01,2.43461e-11,0.2642
0.1,4.52675e-09,0.0236
1.0,6.68151e-07,0.0021
5.0,1.13627e-06,0.0014
20.0,2.65459e-08,0.009
