Energy,Value,Error
1e-06,0.0,0.0
0.1,1.12242e-05,0.0002
1.0,7.25421e-06,0.0004
10.0,7.8515e-07,0.0012
20.0,2.26313e-07,0.0016
