Energy,Value,Error
1e-06,2.29701e-12,0.196
0.1,9.37365e-06,0.0001
1.0,2.19587e-05,0.0001
10.0,2.08983e-07,0.0009
20.0,1.54296e-08,0.0023
