Energy,Value,Error
0.01,8.14636e-11,0.0856
0.1,1.4525e-08,0.0129
1.0,9.56623e-07,0.0016
5.0,1.80323e-06,0.0011
20.0,5.37491e-08,0.0093
