Energy,Value,Error
1e-06,0.0,0.0
0.1,4.77354e-06,0.0003
1.0,1.29315e-06,0.0006
10.0,2.65411e-08,0.0053
20.0,4.46355e-09,0.0096
