Energy,Value,Error
0.01,0.0,0.0
0.1,7.89742e-08,0.0113
1.0,2.46705e-05,0.0006
5.0,3.03083e-05,0.0005
20.0,4.62893e-07,0.0031
