Energy,Value,Error
1e-06,6.91939e-10,0.0263
0.1,1.40891e-06,0.0006
1.0,1.49151e-06,0.0007
10.0,3.83335e-08,0.0052
20.0,1.16129e-08,0.0073
