Energy,Value,Error
1e-06,1.76166e-12,0.5266
0.1,1.0166e-05,0.0002
1.0,1.99225e-05,0.0002
10.0,2.01594e-05,0.0003
20.0,5.79083e-06,0.0002
