Energy,Value,Error
1e-06,7.88129e-10,0.0144
0.1,2.58272e-05,0.0001
1.0,1.8244e-05,0.0001
10.0,1.98178e-06,0.0004
20.0,6.317e-07,0.0006
