Energy,Value,Error
1e-06,2.66664e-13,0.2215
0.1,8.09832e-06,0.0001
1.0,7.98083e-06,0.0
10.0,7.97586e-06,0.0
20.0,7.93682e-06,0.0
