Energy,Value,Error
1e-06,3.31965e-11,0.1101
0.1,1.67406e-05,0.0002
1.0,3.76236e-05,0.0001
10.0,2.56811e-06,0.0004
20.0,4.70264e-07,0.0008
