Energy,Value,Error
0.01,0.0,0.0
0.02,0.0,0.0
0.05,7.12103e-13,1.0
0.1,2.76418e-11,0.2492
0.2,1.17822e-11,0.3178
0.3,3.69679e-11,0.1925
0.4,1.69048e-10,0.1576
0.6,5.42844e-10,0.0576
0.8,3.82265e-10,0.0723
1.0,4.04337e-10,0.0698
1.22,4.26678e-10,0.0628
1.44,3.9076e-10,0.0674
1.66,3.62436e-10,0.065
2.0,5.13376e-10,0.0687
2.5,5.6424e-10,0.059
3.0,4.0819e-10,0.0769
4.0,3.65853e-10,0.0633
5.0,9.85206e-11,0.1244
6.5,4.14075e-11,0.1746
8.0,0.0,0.0
10.0,0.0,0.0
12.0,0.0,0.0
14.0,0.0,0.0
20.0,0.0,0.0
