Energy,Value,Error
1e-06,4.75832e-10,0.0197
0.1,1.28237e-05,0.0001
1.0,1.69451e-05,0.0001
10.0,2.14428e-07,0.0011
20.0,4.29715e-08,0.0018
