Cells,Segments,Value,Error
2,1,-0.817611927026987,0.007420720739503194
