Energy,Value,Error
1e-06,0.0,0.0
0.1,8.17356e-06,0.0001
1.0,2.33717e-05,0.0001
10.0,3.75465e-06,0.0002
20.0,1.04932e-06,0.0003
