Energy,Value,Error
0.01,4.20177e-13,1.0
0.1,7.31207e-09,0.0136
1.0,2.20404e-07,0.0023
5.0,4.28374e-07,0.0014
20.0,1.16224e-09,0.0264
