Energy,Value,Error
1e-06,2.49049e-11,0.1012
0.1,1.69027e-07,0.0015
1.0,5.00891e-07,0.0011
10.0,4.39061e-08,0.0032
20.0,1.02357e-08,0.0047
