Energy,Value,Error
0.01,1.15925e-10,0.2018
0.1,3.73372e-07,0.0056
1.0,3.0285e-05,0.0006
5.0,3.64533e-05,0.0005
20.0,5.92757e-07,0.003
