Energy,Value,Error
1e-06,0.0,0.0
0.1,6.43797e-06,0.0001
1.0,3.90557e-05,0.0001
10.0,6.45904e-05,0.0001
20.0,5.8939e-06,0.0001
