Energy,Value,Error
0.01,1.40053e-12,0.504
0.1,7.40654e-10,0.036
1.0,2.40523e-07,0.0022
5.0,2.77279e-07,0.0017
20.0,2.83952e-08,0.0054
