Energy,Value,Error
0.01,8.92372e-11,0.0466
0.1,4.62007e-08,0.0014
1.0,1.20277e-07,0.0008
5.0,1.61835e-07,0.0007
20.0,1.19705e-08,0.0025
