Energy,Value,Error
1e-06,0.0,0.0
0.1,1.85336e-05,0.0001
1.0,2.54851e-05,0.0001
10.0,2.68866e-06,0.0004
20.0,4.89489e-07,0.0006
