Energy,Value,Error
1e-06,0.0,0.0
0.1,4.44413e-06,0.0002
1.0,1.42772e-05,0.0001
10.0,1.15667e-06,0.0006
20.0,3.34302e-07,0.001
