Energy,Value,Error
0.01,2.77451e-11,0.2019
0.1,7.18364e-09,0.0189
1.0,5.86328e-07,0.0025
5.0,1.00954e-06,0.0013
20.0,2.19489e-08,0.0083
