Energy,Value,Error
1e-06,1.60367e-11,0.1822
0.1,1.1634e-05,0.0002
1.0,1.55281e-05,0.0002
10.0,5.44704e-07,0.0013
20.0,1.13068e-07,0.0022
