Energy,Value,Error
1e-06,0.0,0.0
0.1,4.35028e-07,0.0015
1.0,1.69745e-06,0.0009
10.0,5.01901e-07,0.0017
20.0,1.81455e-07,0.0023
