Energy,Value,Error
0.01,1.25473e-11,0.4096
0.1,9.11e-10,0.0854
1.0,6.87326e-08,0.0226
5.0,1.57699e-07,0.0156
20.0,1.27701e-09,0.1445
