Energy,Value,Error
1e-06,2.52756e-10,0.1552
0.1,1.45812e-05,0.001
1.0,2.91056e-05,0.0008
10.0,1.94614e-06,0.0034
20.0,1.21231e-07,0.0106
