Cells,Dir,Segments,Multiplier,Value,Error
2,0,1,0,-3.0955572679052668,0.00022360679774997898
