Energy,Value,Error
1e-06,3.34157e-11,0.0646
0.1,1.41109e-05,0.0001
1.0,2.98527e-05,0.0001
10.0,2.95679e-06,0.0003
20.0,7.00543e-07,0.0004
