Energy,Value,Error
1e-06,0.0,0.0
0.1,9.6537e-06,0.0002
1.0,2.17486e-05,0.0002
10.0,2.67868e-05,0.0003
20.0,5.69729e-06,0.0003
