Energy,Value,Error
0.01,1.66747e-11,0.2166
0.1,5.07587e-09,0.0303
1.0,1.2183e-06,0.0013
5.0,1.38316e-06,0.0012
20.0,1.9534e-08,0.0092
