Energy,Value,Error
1e-06,1.0557e-14,0.7386
0.1,9.08044e-06,0.0
1.0,1.65623e-05,0.0
10.0,1.12356e-05,0.0
20.0,5.88797e-06,0.0
