Energy,Value,Error
1e-06,0.0,0.0
0.1,1.26024e-06,0.0005
1.0,4.26309e-06,0.0003
10.0,5.78284e-07,0.0009
20.0,2.4563e-07,0.0011
