Energy,Value,Error
1e-06,0.0,0.0
0.1,7.7964e-08,0.0043
1.0,3.16351e-07,0.0024
10.0,4.72914e-07,0.0019
20.0,6.10833e-08,0.0043
