Energy,Value,Error
0.01,6.09674e-12,0.1701
0.1,3.23284e-07,0.0008
1.0,4.48042e-06,0.0002
5.0,3.26453e-06,0.0002
20.0,3.62125e-07,0.0006
