Energy,Value,Error
0.01,1.61128e-11,0.5997
0.1,1.08061e-09,0.0348
1.0,1.79031e-07,0.0027
5.0,1.72201e-07,0.0025
20.0,2.89994e-08,0.006
