Energy,Value,Error
0.01,8.98204e-13,0.7073
0.1,5.29776e-10,0.0895
1.0,1.45749e-07,0.0037
5.0,1.69011e-07,0.0028
20.0,1.035e-08,0.0105
