Energy,Value,Error
1e-06,5.3291e-13,0.5979
0.1,8.21414e-06,0.0002
1.0,8.73859e-06,0.0003
10.0,1.06462e-06,0.0008
20.0,1.56841e-07,0.0014
