Energy,Value,Error
1e-06,4.51415e-11,0.0721
0.1,1.29679e-06,0.0005
1.0,5.29475e-06,0.0002
10.0,4.44832e-07,0.001
20.0,7.13328e-08,0.0021
