Energy,Value,Error
0.01,3.86314e-12,0.3104
0.1,7.58222e-10,0.0278
1.0,1.43207e-07,0.0022
5.0,1.22782e-07,0.0021
20.0,3.6271e-08,0.004
