Energy,Value,Error
1e-06,1.23547e-10,0.0356
0.1,1.43997e-05,0.0001
1.0,2.20047e-05,0.0001
10.0,9.94904e-06,0.0001
20.0,2.04992e-06,0.0002
