Energy,Value,Error
1e-06,0.0,0.0
0.1,6.98291e-09,0.0107
1.0,1.68897e-08,0.0085
10.0,2.21954e-09,0.0264
20.0,9.09503e-10,0.0309
