Energy,Value,Error
1e-06,3.24644e-10,0.0849
0.1,1.6606e-05,0.0004
1.0,1.41864e-05,0.0005
10.0,1.02046e-05,0.0005
20.0,2.49745e-06,0.0008
