Energy,Value,Error
0.01,4.95176e-13,0.3379
0.1,5.6831e-08,0.0011
1.0,1.9885e-06,0.0001
5.0,3.16797e-06,0.0001
20.0,1.36931e-08,0.0015
