Energy,Value,Error
0.01,0.0,0.0
0.1,3.58646e-08,0.0133
1.0,2.63863e-05,0.0006
5.0,3.30889e-05,0.0005
20.0,5.07758e-07,0.0026
