Energy,Value,Error
0.01,0.0,0.0
0.1,6.80638e-09,0.0321
1.0,7.84499e-06,0.0007
5.0,6.76833e-06,0.0007
20.0,8.61494e-07,0.0017
