Energy,Value,Error
0.01,0.0,0.0
0.1,3.61691e-09,0.039
1.0,2.17762e-07,0.0038
5.0,2.13391e-07,0.0052
20.0,7.39469e-09,0.0223
