Cells,Dir,Segments,Multiplier,Value,Error
2,0,1,0,-4.2261556724959695,0.00022360679774997898
