Energy,Value,Error
1e-06,0.0,0.0
0.1,7.02034e-08,0.0032
1.0,1.37067e-07,0.0028
10.0,2.52994e-08,0.0068
20.0,1.12173e-08,0.0077
