Energy,Value,Error
1e-06,0.0,0.0
0.1,8.39419e-06,0.0002
1.0,2.27451e-05,0.0003
10.0,2.78237e-05,0.0003
20.0,5.98916e-06,0.0003
