Energy,Value,Error
1e-06,0.0,0.0
0.1,6.69748e-06,0.0004
1.0,1.96095e-05,0.0003
10.0,3.00766e-05,0.0003
20.0,5.78977e-06,0.0003
