Energy,Value,Error
0.01,8.07984e-13,1.0
0.1,2.76246e-10,0.1234
1.0,1.21896e-07,0.0039
5.0,9.03581e-09,0.0167
20.0,0.0,0.0
