Energy,Value,Error
0.01,2.01823e-11,0.3994
0.1,3.46849e-07,0.0054
1.0,1.37965e-05,0.0007
5.0,1.66685e-05,0.0006
20.0,2.23288e-07,0.0044
