Energy,Value,Error
1e-06,1.15948e-11,0.0954
0.1,1.33514e-05,0.0001
1.0,3.99895e-05,0.0001
10.0,3.43957e-06,0.0002
20.0,3.61455e-07,0.0006
