Energy,Value,Error
1e-06,0.0,0.0
0.1,7.96023e-06,0.0001
1.0,7.99166e-06,0.0001
10.0,7.97908e-06,0.0001
20.0,7.93848e-06,0.0001
