Energy,Value,Error
1e-06,1.29955e-13,1.0
0.1,1.0327e-05,0.0002
1.0,1.98133e-05,0.0002
10.0,1.77559e-05,0.0002
20.0,5.88001e-06,0.0002
