Energy,Value,Error
0.01,0.0,0.0
0.1,4.03639e-10,0.1739
1.0,6.95337e-08,0.057
5.0,1.67832e-07,0.0338
20.0,2.73234e-09,0.2123
