Energy,Value,Error
0.01,2.34042e-11,0.1952
0.1,4.37543e-09,0.0199
1.0,4.85237e-07,0.0018
5.0,7.62918e-07,0.0013
20.0,1.68906e-08,0.0082
