Energy,Value,Error
0.01,6.53082e-12,0.5029
0.1,6.34554e-09,0.0175
1.0,3.97877e-06,0.0007
5.0,2.96939e-06,0.0007
20.0,4.74433e-07,0.0016
