Energy,Value,Error
1e-06,0.0,0.0
0.1,7.04373e-06,0.0002
1.0,6.82095e-06,0.0002
10.0,1.42657e-06,0.0005
20.0,5.60227e-07,0.0007
