Energy,Value,Error
0.01,0.0,0.0
0.1,4.75622e-07,0.0011
1.0,1.88845e-05,0.0001
5.0,2.28686e-05,0.0001
20.0,3.20532e-07,0.0009
