Energy,Value,Error
1e-06,5.61466e-07,0.002
0.1,2.14385e-07,0.0039
1.0,1.86921e-07,0.0041
10.0,8.85068e-07,0.0014
20.0,2.97751e-07,0.002
