Energy,Value,Error
1e-06,7.00957e-11,0.0718
0.1,1.06491e-07,0.0024
1.0,5.86653e-08,0.0046
10.0,2.96595e-08,0.0061
20.0,1.20774e-08,0.007
