Energy,Value,Error
1e-06,9.28274e-10,0.0212
0.1,1.92144e-05,0.0002
1.0,2.11358e-05,0.0002
10.0,2.81686e-06,0.0006
20.0,3.11004e-07,0.0013
