Energy,Value,Error
0.01,0.0,0.0
0.1,6.09561e-07,0.0078
1.0,6.19841e-06,0.0023
5.0,4.35914e-06,0.0022
20.0,8.10817e-07,0.0046
