Energy,Value,Error
1e-06,3.33182e-12,0.3023
0.1,1.03705e-05,0.0002
1.0,1.94387e-05,0.0001
10.0,1.1488e-05,0.0002
20.0,3.76102e-06,0.0002
