Energy,Value,Error
1e-06,0.0,0.0
0.1,2.58048e-07,0.0011
1.0,3.81116e-07,0.0011
10.0,1.83826e-08,0.0058
20.0,3.19899e-09,0.011
