Energy,Value,Error
0.01,9.07686e-11,0.0968
0.1,1.54785e-08,0.0084
1.0,1.02863e-06,0.001
5.0,2.00073e-06,0.0006
20.0,5.48426e-08,0.0035
