Energy,Value,Error
0.01,1.73374e-11,0.138
0.1,6.31984e-10,0.0298
1.0,3.03233e-07,0.0033
5.0,1.42963e-07,0.005
20.0,1.57673e-08,0.0117
