Energy,Value,Error
0.01,2.11912e-12,0.5096
0.1,3.32818e-07,0.0011
1.0,2.95564e-06,0.0004
5.0,2.16323e-06,0.0003
20.0,3.72746e-07,0.0007
