Energy,Value,Error
0.01,2.4744e-12,0.7548
0.1,1.6592e-08,0.0171
1.0,5.06714e-06,0.0008
5.0,7.33501e-06,0.0006
20.0,7.2245e-08,0.0056
