Energy,Value,Error
0.01,1.75592e-12,0.3875
0.1,1.36056e-06,0.0005
1.0,7.7825e-06,0.0002
5.0,3.32178e-06,0.0002
20.0,3.04933e-07,0.0007
