Energy,Value,Error
1e-06,0.0,0.0
0.1,9.00897e-06,0.0003
1.0,5.86813e-05,0.0004
10.0,9.98266e-05,0.0004
20.0,6.02933e-06,0.0003
