Energy,Value,Error
1e-06,8.27241e-11,0.0598
0.1,1.14873e-05,0.0002
1.0,3.09611e-05,0.0001
10.0,1.95176e-06,0.0005
20.0,2.76848e-07,0.001
