Energy,Value,Error
1e-06,0.0,0.0
0.1,7.09233e-06,0.0002
1.0,8.84885e-06,0.0002
10.0,1.78895e-06,0.0005
20.0,6.17822e-07,0.0007
