Energy,Value,Error
0.01,6.30319e-11,0.1387
0.1,1.76576e-08,0.0116
1.0,3.3233e-06,0.0007
5.0,3.1027e-06,0.0007
20.0,3.53246e-08,0.0067
