Energy,Value,Error
1e-06,0.0,0.0
0.1,1.66752e-06,0.0006
1.0,5.04693e-06,0.0004
10.0,8.19417e-07,0.0011
20.0,4.57508e-07,0.0012
