Energy,Value,Error
1e-06,0.0,0.0
0.1,8.06422e-06,0.0002
1.0,1.39995e-05,0.0002
10.0,9.20821e-07,0.0009
20.0,3.348e-07,0.0012
