Cells,Dir,Segments,Multiplier,Value,Error
2,0,1,0,-4.63676150910584,0.00022360679774997898
