Cells,Segments,Value,Error
2,1,-47.713050836293256,0.15200728870617392
