Energy,Value,Error
1e-06,4.17447e-13,0.1283
0.1,9.67362e-06,0.0
1.0,1.84106e-05,0.0
10.0,1.95909e-05,0.0
20.0,5.90267e-06,0.0
