Energy,Value,Error
0.01,0.0,0.0
0.1,1.28767e-09,0.0689
1.0,1.75301e-06,0.0011
5.0,1.59299e-06,0.001
20.0,1.04701e-07,0.0039
