Energy,Value,Error
0.01,2.92623e-11,0.2099
0.1,5.98564e-09,0.0169
1.0,6.52088e-07,0.0017
5.0,1.05165e-06,0.0011
20.0,2.14648e-08,0.008
