Energy,Value,Error
1e-06,0.0,0.0
0.1,1.43651e-05,0.0001
1.0,3.36194e-05,0.0001
10.0,6.83687e-06,0.0001
20.0,9.60584e-07,0.0003
