Energy,Value,Error
1e-06,0.0,0.0
0.1,2.45214e-06,0.0005
1.0,8.27222e-06,0.0004
10.0,7.90758e-07,0.0012
20.0,5.26764e-08,0.0039
