Energy,Value,Error
1e-06,0.0,0.0
0.1,1.62318e-06,0.0002
1.0,5.15951e-06,0.0001
10.0,9.21483e-07,0.0004
20.0,4.72323e-07,0.0004
