Energy,Value,Error
0.01,0.0,0.0
0.1,1.94517e-10,0.0149
1.0,2.36849e-08,0.0013
5.0,6.132e-08,0.0008
20.0,9.81007e-09,0.0021
