Energy,Value,Error
1e-06,0.0,0.0
0.1,1.02395e-05,0.0004
1.0,1.14693e-05,0.0004
10.0,1.08443e-05,0.0004
20.0,4.09982e-06,0.0005
