Energy,Value,Error
1e-06,0.0,0.0
0.1,3.34312e-06,0.0006
1.0,3.40378e-05,0.0003
10.0,1.30306e-05,0.0004
20.0,1.213e-07,0.0032
