Energy,Value,Error
0.01,0.0,0.0
0.1,7.92149e-10,0.0083
1.0,1.73861e-09,0.005
5.0,2.80813e-08,0.0013
20.0,3.72359e-09,0.0036
