Energy,Value,Error
0.01,8.42478e-12,0.3873
0.1,3.66446e-09,0.025
1.0,1.13732e-06,0.0012
5.0,1.60646e-06,0.0009
20.0,1.56048e-07,0.0029
