Energy,Value,Error
0.01,0.0,0.0
0.1,9.52518e-08,0.0066
1.0,6.11364e-06,0.0008
5.0,7.66767e-06,0.0006
20.0,7.58196e-08,0.0055
