Energy,Value,Error
0.01,3.59022e-11,0.302
0.1,3.67593e-08,0.0156
1.0,6.83435e-07,0.0043
5.0,4.62139e-07,0.003
20.0,2.03147e-07,0.0055
