Energy,Value,Error
1e-06,0.0,0.0
0.1,8.27775e-06,0.0004
1.0,7.6391e-05,0.0004
10.0,0.000151942,0.0005
20.0,6.8245e-06,0.0003
