Energy,Value,Error
1e-06,0.0,0.0
0.1,6.7466e-06,0.0005
1.0,4.67747e-05,0.0004
10.0,9.48997e-05,0.0004
20.0,6.11063e-06,0.0004
