Energy,Value,Error
0.01,1.78138e-11,0.2414
0.1,2.78302e-08,0.0069
1.0,1.92844e-06,0.0007
5.0,1.03935e-06,0.0007
20.0,1.82023e-07,0.0017
