Energy,Value,Error
0.01,0.0,0.0
0.1,1.42573e-08,0.0128
1.0,2.61636e-06,0.0008
5.0,3.79846e-06,0.0006
20.0,3.71611e-08,0.0055
