Energy,Value,Error
0.01,3.34221e-12,0.3931
0.1,1.26877e-09,0.0395
1.0,3.49256e-07,0.0051
5.0,6.20007e-07,0.0025
20.0,1.35031e-08,0.0134
