Energy,Value,Error
1e-06,0.0,0.0
0.1,1.33055e-05,0.0001
1.0,2.4988e-05,0.0001
10.0,9.975e-06,0.0001
20.0,2.39418e-06,0.0002
