Energy,Value,Error
0.01,2.47761e-11,0.2071
0.1,1.04345e-08,0.018
1.0,4.26207e-06,0.0006
5.0,2.98358e-06,0.0007
20.0,4.44044e-08,0.0065
