Energy,Value,Error
1e-06,0.0,0.0
0.1,2.71938e-05,0.0001
1.0,1.00477e-05,0.0003
10.0,1.49948e-07,0.0022
20.0,2.44759e-08,0.0039
