Energy,Value,Error
0.01,2.19261e-12,0.4511
0.1,1.00471e-09,0.034
1.0,4.10013e-07,0.0017
5.0,4.90447e-07,0.0014
20.0,1.57113e-08,0.0073
