Energy,Value,Error
1e-06,8.48286e-12,0.1193
0.1,1.11769e-05,0.0001
1.0,2.56564e-05,0.0001
10.0,8.89868e-06,0.0001
20.0,1.61285e-06,0.0002
