Energy,Value,Error
0.01,2.07936e-11,0.1793
0.1,1.05761e-08,0.0173
1.0,4.8838e-07,0.0029
5.0,7.54082e-07,0.0023
20.0,1.06986e-08,0.0201
