Energy,Value,Error
0.01,0.0,0.0
0.1,2.68642e-12,0.1104
1.0,1.96856e-08,0.0014
5.0,3.05505e-08,0.0012
20.0,2.1557e-09,0.0044
