Energy,Value,Error
0.01,7.30326e-11,0.0922
0.1,1.0778e-08,0.0125
1.0,8.46442e-07,0.0013
5.0,1.64273e-06,0.0008
20.0,3.2378e-08,0.0055
