Energy,Value,Error
1e-06,1.47446e-14,1.0
0.1,7.95811e-06,0.0001
1.0,7.96456e-06,0.0001
10.0,7.96267e-06,0.0001
20.0,7.94606e-06,0.0001
