Energy,Value,Error
0.01,7.66062e-12,0.1684
0.1,1.34012e-08,0.0054
1.0,9.13895e-07,0.0007
5.0,4.09942e-07,0.0008
20.0,8.44957e-08,0.0016
