Energy,Value,Error
1e-06,0.0,0.0
0.1,4.76139e-07,0.0005
1.0,1.82244e-06,0.0003
10.0,1.11544e-06,0.0004
20.0,1.79173e-07,0.0008
