Energy,Value,Error
0.01,0.0,0.0
0.1,4.59239e-07,0.0008
1.0,3.41322e-07,0.0008
5.0,1.25613e-07,0.0009
20.0,6.90675e-09,0.0038
