Energy,Value,Error
1e-06,0.0,0.0
0.1,3.86495e-07,0.0016
1.0,3.82337e-06,0.0006
10.0,8.83795e-07,0.0013
20.0,3.36154e-07,0.0017
