Energy,Value,Error
1e-06,0.0,0.0
0.1,1.31376e-06,0.0003
1.0,2.58065e-07,0.0008
10.0,1.93011e-09,0.0141
20.0,7.03388e-10,0.0204
