Energy,Value,Error
1e-06,0.0,0.0
0.1,9.43954e-06,0.0003
1.0,1.46436e-05,0.0002
10.0,1.0262e-05,0.0003
20.0,5.32894e-06,0.0003
