Energy,Value,Error
1e-06,0.0,0.0
0.1,1.28636e-06,0.0005
1.0,4.83069e-06,0.0003
10.0,6.97858e-07,0.0011
20.0,2.80111e-07,0.0014
