Energy,Value,Error
0.01,0.0,0.0
0.1,5.01988e-09,0.055
1.0,3.31261e-07,0.0078
5.0,4.18604e-07,0.0057
20.0,2.48331e-08,0.0245
