Energy,Value,Error
1e-06,0.0,0.0
0.1,1.05795e-05,0.0002
1.0,3.01762e-05,0.0003
10.0,4.30176e-05,0.0004
20.0,6.05587e-06,0.0002
