Energy,Value,Error
1e-06,1.14815e-12,0.7241
0.1,1.37387e-05,0.0004
1.0,2.00305e-05,0.0003
10.0,9.21537e-06,0.0005
20.0,2.17941e-06,0.0008
