Energy,Value,Error
1e-06,5.78594e-11,0.0525
0.1,1.50854e-05,0.0001
1.0,3.37749e-05,0.0001
10.0,3.26082e-06,0.0002
20.0,7.36274e-07,0.0004
