Energy,Value,Error
0.01,0.0,0.0
0.1,1.8752e-09,0.0253
1.0,1.30743e-07,0.003
5.0,1.11913e-07,0.0029
20.0,1.13442e-09,0.0309
