Energy,Value,Error
1e-06,0.0,0.0
0.1,1.87642e-08,0.0041
1.0,4.76999e-08,0.0029
10.0,1.76056e-08,0.0046
20.0,3.8795e-09,0.0071
