Energy,Value,Error
1e-06,1.37019e-12,0.1655
0.1,7.70202e-06,0.0001
1.0,2.38591e-05,0.0001
10.0,7.83736e-06,0.0001
20.0,1.63964e-06,0.0002
