Energy,Value,Error
0.01,5.75704e-11,0.2116
0.1,2.14592e-09,0.0287
1.0,5.61942e-07,0.0017
5.0,4.1778e-07,0.0018
20.0,9.87853e-08,0.004
