Energy,Value,Error
1e-06,2.98898e-14,1.0
0.1,7.97171e-06,0.0
1.0,7.99277e-06,0.0
10.0,7.97124e-06,0.0
20.0,7.94648e-06,0.0
