Energy,Value,Error
1e-06,9.10808e-14,0.5909
0.1,7.97771e-06,0.0001
1.0,7.98638e-06,0.0001
10.0,7.96712e-06,0.0
20.0,7.94615e-06,0.0001
