Energy,Value,Error
0.01,8.21349e-12,0.7435
0.1,2.29914e-07,0.0071
1.0,8.45844e-06,0.0008
5.0,1.01335e-05,0.0006
20.0,1.27141e-07,0.0049
