Energy,Value,Error
1e-06,0.0,0.0
0.1,1.32286e-06,0.0003
1.0,6.79194e-06,0.0002
10.0,1.20273e-06,0.0004
20.0,4.40981e-07,0.0006
