Energy,Value,Error
0.01,2.98203e-11,0.2643
0.1,1.10323e-08,0.0159
1.0,3.44829e-06,0.0007
5.0,4.29705e-06,0.0005
20.0,3.96986e-07,0.0017
