Energy,Value,Error
1e-06,0.0,0.0
0.1,6.64127e-06,0.0004
1.0,3.98372e-05,0.0004
10.0,7.95136e-05,0.0004
20.0,6.04113e-06,0.0004
