Energy,Value,Error
0.01,0.0,0.0
0.1,1.32674e-10,0.1142
1.0,3.13896e-08,0.0096
5.0,3.42277e-08,0.0082
20.0,4.36152e-09,0.0268
