Energy,Value,Error
0.01,1.04824e-10,0.0768
0.1,1.83199e-09,0.0233
1.0,1.19603e-06,0.0011
5.0,6.43689e-07,0.0025
20.0,6.87013e-08,0.0057
