Energy,Value,Error
0.01,2.02874e-11,0.1906
0.1,1.29225e-08,0.0092
1.0,1.01398e-06,0.0009
5.0,1.14673e-06,0.0007
20.0,3.86142e-08,0.0042
