Energy,Value,Error
0.01,2.29731e-11,0.2679
0.1,6.65295e-08,0.007
1.0,2.10185e-06,0.001
5.0,4.67863e-06,0.0005
20.0,9.79422e-09,0.0135
