Energy,Value,Error
1e-06,0.0,0.0
0.1,6.27474e-06,0.0004
1.0,2.3247e-05,0.0003
10.0,3.50396e-05,0.0003
20.0,5.7566e-06,0.0004
