Energy,Value,Error
0.01,0.0,0.0
0.1,2.91635e-11,0.2305
1.0,1.68613e-09,0.0324
5.0,3.70419e-09,0.022
20.0,1.43308e-10,0.1346
