Energy,Value,Error
0.01,0.0,0.0
0.1,1.50925e-10,0.1387
1.0,6.49004e-09,0.0176
5.0,1.51019e-08,0.012
20.0,7.0742e-10,0.0485
