Energy,Value,Error
0.01,2.27028e-11,0.2263
0.1,1.49215e-08,0.0117
1.0,2.31781e-06,0.0008
5.0,2.6263e-06,0.0006
20.0,1.69173e-07,0.0024
