Energy,Value,Error
1e-06,0.0,0.0
0.1,1.60837e-06,0.0005
1.0,6.59834e-06,0.0003
10.0,3.91917e-07,0.0014
20.0,1.69091e-07,0.0017
