Energy,Value,Error
0.01,2.00094e-11,0.257
0.1,8.8709e-08,0.0049
1.0,3.31553e-06,0.0007
5.0,2.87845e-06,0.0006
20.0,3.1152e-07,0.002
