Energy,Value,Error
1e-06,2.46151e-12,0.527
0.1,7.12775e-06,0.0003
1.0,2.03257e-05,0.0003
10.0,2.38449e-05,0.0003
20.0,5.8683e-06,0.0003
