Energy,Value,Error
0.01,6.34541e-13,1.0
0.1,1.54311e-10,0.0982
1.0,1.78569e-07,0.0032
5.0,1.84701e-07,0.0027
20.0,1.74965e-08,0.0082
