Energy,Value,Error
1e-06,0.0,0.0
0.1,2.83125e-08,0.0032
1.0,5.02225e-08,0.0033
10.0,1.2016e-08,0.0071
20.0,1.64407e-09,0.0197
