Energy,Value,Error
0.01,4.72235e-11,0.1434
0.1,5.79531e-09,0.0218
1.0,9.16179e-07,0.0013
5.0,1.33089e-06,0.001
20.0,3.86475e-08,0.006
