Energy,Value,Error
0.01,0.0,0.0
0.1,8.50149e-08,0.012
1.0,2.71468e-05,0.0006
5.0,3.27755e-05,0.0005
20.0,5.05325e-07,0.0027
