Energy,Value,Error
0.01,0.0,0.0
0.1,1.21545e-09,0.1772
1.0,1.23167e-07,0.0214
5.0,7.77068e-08,0.0264
20.0,2.66449e-09,0.2413
