Energy,Value,Error
0.01,5.02856e-11,0.2479
0.1,7.39441e-09,0.0236
1.0,7.02208e-07,0.0025
5.0,1.51383e-06,0.0015
20.0,7.05003e-08,0.0065
