Energy,Value,Error
0.01,0.0,0.0
0.1,2.09294e-09,0.1437
1.0,1.31651e-07,0.0169
5.0,1.53266e-07,0.0158
20.0,3.40657e-09,0.1243
