Energy,Value,Error
1e-06,2.9773e-14,1.0
0.1,7.97473e-06,0.0001
1.0,7.9906e-06,0.0001
10.0,7.98637e-06,0.0001
20.0,7.93726e-06,0.0001
