Energy,Value,Error
0.01,2.26047e-11,0.2791
0.1,2.10151e-08,0.0079
1.0,1.14736e-06,0.0011
5.0,8.58157e-07,0.001
20.0,2.92778e-07,0.0017
