Energy,Value,Error
1e-06,1.07124e-08,0.068
0.1,8.39681e-06,0.002
1.0,1.21408e-05,0.0016
10.0,2.52413e-07,0.0107
20.0,1.7123e-08,0.0289
