Energy,Value,Error
1e-06,0.0,0.0
0.1,9.98878e-06,0.0003
1.0,1.50104e-05,0.0003
10.0,3.72551e-07,0.0021
20.0,5.82162e-08,0.0042
