Energy,Value,Error
1e-06,2.10767e-12,0.1304
0.1,7.49803e-06,0.0001
1.0,1.7852e-05,0.0001
10.0,6.34738e-06,0.0001
20.0,1.55558e-06,0.0002
