Energy,Value,Error
0.01,9.32999e-12,0.4363
0.1,2.55138e-09,0.0478
1.0,3.4836e-07,0.0036
5.0,6.59546e-07,0.0024
20.0,3.73034e-08,0.0091
