Energy,Value,Error
0.01,0.0,0.0
0.1,1.95757e-07,0.0183
1.0,1.59646e-05,0.0007
5.0,1.9883e-05,0.0005
20.0,2.8974e-07,0.0038
