Energy,Value,Error
1e-06,0.0,0.0
0.1,2.59059e-06,0.0002
1.0,1.65296e-05,0.0001
10.0,3.18032e-06,0.0002
20.0,7.89334e-07,0.0004
