Energy,Value,Error
1e-06,0.0,0.0
0.1,9.25635e-06,0.0003
1.0,1.52927e-05,0.0003
10.0,9.51105e-06,0.0003
20.0,5.43494e-06,0.0004
