Energy,Value,Error
0.01,0.0,0.0
0.1,7.26872e-10,0.0075
1.0,5.13793e-08,0.0009
5.0,1.66629e-08,0.0015
20.0,7.94213e-10,0.0069
