Cells,Segments,Value,Error
2,1,-19.434785639595678,0.09294765458378905
