Energy,Value,Error
1e-06,0.0,0.0
0.1,2.87053e-09,0.0126
1.0,2.77274e-08,0.0055
10.0,9.86136e-09,0.0092
20.0,1.31168e-09,0.0201
