Energy,Value,Error
1e-06,5.64101e-09,0.0063
0.1,1.09725e-05,0.0002
1.0,2.56792e-05,0.0001
10.0,4.42848e-07,0.001
20.0,1.87077e-08,0.0035
