Energy,Value,Error
0.01,0.0,0.0
0.1,6.89312e-08,0.0117
1.0,5.05136e-05,0.0008
5.0,6.04898e-05,0.0008
20.0,1.02311e-06,0.0021
