Energy,Value,Error
1e-06,6.96944e-13,1.0
0.1,1.42367e-05,0.0004
1.0,0.000111363,0.0007
10.0,0.000228843,0.0008
20.0,6.81396e-06,0.0003
