Energy,Value,Error
0.01,2.87497e-10,0.0913
0.1,7.34722e-08,0.0075
1.0,2.36264e-06,0.0017
5.0,4.08343e-06,0.001
20.0,4.02345e-08,0.0091
