Energy,Value,Error
1e-06,0.0,0.0
0.1,8.74754e-06,0.0001
1.0,3.32599e-06,0.0002
10.0,2.43325e-09,0.0158
20.0,8.26812e-10,0.0188
