Energy,Value,Error
1e-06,2.11481e-11,0.2857
0.1,9.2326e-06,0.0003
1.0,1.84667e-05,0.0003
10.0,8.81601e-06,0.0004
20.0,2.13302e-06,0.0006
