Energy,Value,Error
1e-06,0.0,0.0
0.1,6.70324e-06,0.0002
1.0,6.77087e-06,0.0002
10.0,9.11457e-08,0.0021
20.0,2.11006e-08,0.0035
