Energy,Value,Error
0.01,2.45039e-12,0.1854
0.1,3.40306e-10,0.0129
1.0,3.39066e-09,0.0036
5.0,3.85116e-08,0.0011
20.0,5.00391e-09,0.003
