Energy,Value,Error
1e-06,7.36629e-13,0.7155
0.1,7.9766e-06,0.0
1.0,7.97634e-06,0.0
10.0,7.97191e-06,0.0
20.0,7.94473e-06,0.0
