Energy,Value,Error
1e-06,0.0,0.0
0.1,3.93795e-06,0.0004
1.0,7.43799e-06,0.0004
10.0,8.95439e-07,0.0011
20.0,1.03235e-07,0.0027
