Energy,Value,Error
1e-06,0.0,0.0
0.1,4.52624e-06,0.0001
1.0,7.39115e-06,0.0001
10.0,9.27629e-07,0.0004
20.0,4.68175e-07,0.0005
