Energy,Value,Error
1e-06,9.81902e-11,0.0314
0.1,1.19318e-05,0.0001
1.0,1.89435e-05,0.0001
10.0,1.12412e-05,0.0001
20.0,1.24336e-06,0.0002
