Energy,Value,Error
1e-06,1.42132e-10,0.0584
0.1,1.58002e-05,0.0002
1.0,3.63436e-05,0.0001
10.0,6.34883e-06,0.0003
20.0,2.91574e-07,0.001
