Energy,Value,Error
0.01,3.47917e-11,0.1374
0.1,9.03947e-09,0.0099
1.0,3.74596e-06,0.0004
5.0,4.11774e-06,0.0004
20.0,3.09271e-07,0.0012
