Energy,Value,Error
0.01,3.63818e-11,0.2868
0.1,1.65905e-07,0.0043
1.0,6.17114e-06,0.0007
5.0,4.44917e-06,0.0007
20.0,5.01227e-07,0.0018
