Energy,Value,Error
0.01,2.51431e-12,0.511
0.1,9.04269e-10,0.0244
1.0,7.61867e-07,0.0009
5.0,2.56415e-07,0.0023
20.0,8.41866e-09,0.0093
