Energy,Value,Error
0.01,2.10065e-11,0.3382
0.1,4.29338e-09,0.0729
1.0,8.9307e-07,0.0033
5.0,1.15697e-06,0.0028
20.0,2.14717e-08,0.0173
