Energy,Value,Error
1e-06,0.0,0.0
0.1,3.40182e-06,0.0002
1.0,1.23233e-05,0.0001
10.0,1.88203e-06,0.0003
20.0,6.83163e-07,0.0004
