Energy,Value,Error
1e-06,1.42577e-12,0.5555
0.1,2.06745e-06,0.0005
1.0,1.22135e-05,0.0002
10.0,1.26512e-06,0.0009
20.0,3.71636e-07,0.0013
