Energy,Value,Error
0.01,1.31844e-10,0.2308
0.1,1.97244e-07,0.0065
1.0,1.46714e-05,0.0007
5.0,1.77245e-05,0.0006
20.0,2.09195e-07,0.0043
