Energy,Value,Error
0.01,2.53337e-11,0.1428
0.1,1.38357e-08,0.0093
1.0,1.27699e-06,0.0009
5.0,9.15668e-07,0.0009
20.0,5.02354e-08,0.0036
