Energy,Value,Error
1e-06,0.0,0.0
0.1,3.30277e-06,0.0003
1.0,6.49317e-06,0.0003
10.0,1.04199e-06,0.0007
20.0,4.08612e-07,0.0009
