Energy,Value,Error
1e-06,1.67138e-12,0.2041
0.1,4.94345e-08,0.0016
1.0,2.97991e-07,0.0008
10.0,4.44527e-08,0.0024
20.0,1.2819e-08,0.0034
