Energy,Value,Error
0.01,4.59744e-11,0.3638
0.1,2.80218e-07,0.0076
1.0,7.40358e-05,0.0007
5.0,8.82425e-05,0.0007
20.0,1.43259e-06,0.0022
