Energy,Value,Error
1e-06,0.0,0.0
0.1,3.57147e-06,0.0004
1.0,6.14535e-06,0.0004
10.0,1.04183e-06,0.0008
20.0,3.46521e-07,0.0011
