Energy,Value,Error
1e-06,0.0,0.0
0.1,2.40688e-06,0.0004
1.0,7.53028e-06,0.0002
10.0,6.03319e-07,0.001
20.0,2.44162e-07,0.0013
