Energy,Value,Error
1e-06,9.58696e-14,0.7119
0.1,7.19105e-06,0.0001
1.0,1.89701e-05,0.0001
10.0,1.38692e-06,0.0004
20.0,3.93356e-07,0.0007
