Energy,Value,Error
1e-06,0.0,0.0
0.1,1.37454e-06,0.0005
1.0,4.36752e-07,0.0013
10.0,1.16219e-07,0.0023
20.0,5.76536e-08,0.0025
