Energy,Value,Error
0.01,2.50413e-11,0.1481
0.1,1.29941e-08,0.0099
1.0,1.89648e-06,0.0007
5.0,1.74594e-06,0.0007
20.0,1.48886e-07,0.0022
