Energy,Value,Error
1e-06,0.0,0.0
0.1,1.08337e-06,0.0009
1.0,4.42215e-06,0.0005
10.0,5.33755e-07,0.0017
20.0,1.6127e-07,0.0024
