Energy,Value,Error
1e-06,0.0,0.0
0.1,9.08655e-06,0.0001
1.0,2.43556e-05,0.0001
10.0,5.54174e-06,0.0002
20.0,1.00247e-06,0.0003
