Energy,Value,Error
1e-06,8.59414e-11,0.0785
0.1,1.84285e-06,0.0006
1.0,1.32203e-05,0.0002
10.0,1.09707e-06,0.0009
20.0,3.03917e-07,0.0015
