Energy,Value,Error
0.01,2.13822e-11,0.6077
0.1,1.26377e-09,0.1178
1.0,8.88978e-08,0.0172
5.0,1.87456e-07,0.0108
20.0,8.35135e-09,0.0509
