Energy,Value,Error
1e-06,2.20892e-09,0.0167
0.1,4.14606e-06,0.0004
1.0,2.39506e-06,0.0007
10.0,4.37427e-08,0.0062
20.0,1.35684e-08,0.0072
