Energy,Value,Error
1e-06,0.0,0.0
0.1,5.31602e-07,0.0009
1.0,9.06012e-07,0.0009
10.0,5.36839e-08,0.0043
20.0,2.63146e-08,0.0047
