Energy,Value,Error
0.01,0.0,0.0
0.1,1.37302e-07,0.0075
1.0,4.34167e-06,0.0013
5.0,2.29832e-05,0.0005
20.0,4.48725e-10,0.1101
