Energy,Value,Error
0.01,0.0,0.0
0.1,0.0,0.0
1.0,1.00258e-09,0.0066
5.0,9.0178e-09,0.0022
20.0,5.16381e-09,0.0029
