Energy,Value,Error
1e-06,2.45168e-10,0.0412
0.1,1.55855e-05,0.0002
1.0,3.55294e-05,0.0001
10.0,2.50278e-06,0.0005
20.0,2.27495e-07,0.0011
