Energy,Value,Error
1e-06,0.0,0.0
0.1,4.82931e-09,0.0124
1.0,2.82784e-08,0.0053
10.0,4.52091e-09,0.0142
20.0,8.31663e-10,0.0286
