Energy,Value,Error
0.01,4.9206e-13,1.0
0.1,1.26802e-08,0.0092
1.0,1.51184e-06,0.0008
5.0,1.00603e-06,0.0008
20.0,1.1032e-07,0.0022
