Energy,Value,Error
1e-06,4.04659e-12,0.255
0.1,4.95425e-06,0.0003
1.0,1.72746e-05,0.0002
10.0,4.98436e-06,0.0004
20.0,1.60029e-06,0.0005
