Energy,Value,Error
1e-06,0.0,0.0
0.1,5.66614e-10,0.0481
1.0,3.64606e-09,0.0193
10.0,1.20088e-09,0.0358
20.0,5.79791e-10,0.0498
