Energy,Value,Error
1e-06,9.61509e-12,0.1202
0.1,9.08061e-06,0.0001
1.0,2.36682e-05,0.0001
10.0,1.85453e-06,0.0004
20.0,4.27516e-07,0.0006
