Energy,Value,Error
1e-06,2.68452e-07,0.0026
0.1,1.10083e-07,0.0054
1.0,9.91866e-08,0.0056
10.0,4.92311e-07,0.0017
20.0,1.71822e-07,0.0023
