Energy,Value,Error
0.01,0.0,0.0
0.1,9.80276e-11,0.2078
1.0,5.15046e-08,0.0057
5.0,5.12437e-08,0.0047
20.0,1.97505e-09,0.0209
