Energy,Value,Error
0.01,3.28172e-11,0.1795
0.1,8.30213e-09,0.0192
1.0,7.50173e-07,0.0023
5.0,1.25537e-06,0.0011
20.0,6.47736e-08,0.0046
