Energy,Value,Error
0.01,1.05272e-11,0.2086
0.1,4.27147e-09,0.0142
1.0,1.65356e-06,0.0006
5.0,1.92005e-06,0.0005
20.0,1.21784e-08,0.0056
