Energy,Value,Error
0.01,1.72888e-12,0.7072
0.1,1.64292e-10,0.093
1.0,7.2527e-09,0.0199
5.0,1.44872e-08,0.0145
20.0,3.85316e-10,0.0586
