Energy,Value,Error
1e-06,0.0,0.0
0.1,3.58089e-08,0.0059
1.0,4.37702e-08,0.0071
10.0,1.84881e-08,0.0099
20.0,7.31033e-09,0.0119
