Energy,Value,Error
1e-06,2.62064e-11,0.0888
0.1,3.15474e-05,0.0001
1.0,1.6935e-05,0.0002
10.0,2.14969e-06,0.0005
20.0,6.55589e-07,0.0007
