Energy,Value,Error
0.01,0.0,0.0
0.1,2.41849e-09,0.0382
1.0,8.53636e-08,0.0044
5.0,1.79948e-07,0.0031
20.0,1.52202e-09,0.0287
