Energy,Value,Error
0.01,5.35726e-11,0.7697
0.1,1.27974e-09,0.0847
1.0,3.90477e-07,0.0124
5.0,2.68176e-07,0.0095
20.0,8.90769e-08,0.0127
