Energy,Value,Error
1e-06,3.15215e-10,0.0163
0.1,1.33681e-05,0.0001
1.0,2.34134e-05,0.0001
10.0,9.02136e-07,0.0004
20.0,1.21364e-07,0.0008
