Energy,Value,Error
0.01,5.52391e-09,0.156
0.1,2.19659e-05,0.0022
1.0,0.000815223,0.0005
5.0,0.000365912,0.0005
20.0,0.000769625,0.0006
