Energy,Value,Error
1e-06,0.0,0.0
0.1,2.95461e-06,0.0004
1.0,1.14758e-05,0.0002
10.0,9.4544e-07,0.0009
20.0,3.58191e-07,0.0011
