Cells,Dir,Segments,Multiplier,Value,Error
2,0,1,0,-1.3138158657136423,0.000282842712474619
