Energy,Value,Error
0.01,2.51723e-10,0.1384
0.1,9.59847e-08,0.0115
1.0,3.53467e-05,0.0007
5.0,4.26931e-05,0.0005
20.0,6.98079e-07,0.0026
