Cells,Dir,Segments,Multiplier,Value,Error
2,0,1,0,-47.713050836293256,0.0003162277660168379
