Energy,Value,Error
0.01,1.03788e-11,0.3617
0.1,1.84636e-09,0.0541
1.0,8.18101e-08,0.0061
5.0,1.55963e-07,0.004
20.0,2.47152e-09,0.0321
