Energy,Value,Error
0.01,3.40806e-11,0.3538
0.1,4.64581e-09,0.0499
1.0,3.27498e-07,0.0097
5.0,5.51665e-07,0.0083
20.0,8.55462e-09,0.0502
