Energy,Value,Error
0.01,2.16741e-11,0.1974
0.1,1.62072e-08,0.0085
1.0,1.06136e-06,0.0011
5.0,6.76417e-07,0.0011
20.0,1.98437e-07,0.002
