Energy,Value,Error
0.01,9.14638e-11,0.1696
0.1,4.02328e-08,0.0126
1.0,5.94204e-06,0.0007
5.0,5.61554e-06,0.0006
20.0,1.05361e-07,0.0042
