Energy,Value,Error
1e-06,0.0,0.0
0.1,4.11522e-09,0.0118
1.0,4.30425e-08,0.0039
10.0,1.15837e-08,0.0085
20.0,1.65268e-09,0.0191
