Energy,Value,Error
1e-06,3.22039e-07,0.001
0.1,1.96702e-05,0.0001
1.0,2.11747e-05,0.0002
10.0,3.67987e-06,0.0004
20.0,8.99823e-07,0.0006
