Energy,Value,Error
1e-06,5.41605e-12,0.1571
0.1,9.337e-06,0.0001
1.0,2.16901e-05,0.0001
10.0,9.9921e-07,0.0007
20.0,3.27381e-07,0.0009
