Energy,Value,Error
1e-06,1.11472e-10,0.0676
0.1,6.62531e-06,0.0003
1.0,6.37241e-06,0.0004
10.0,2.16335e-07,0.0022
20.0,5.80678e-08,0.0032
