Energy,Value,Error
0.01,1.72571e-11,0.2819
0.1,7.28092e-09,0.0186
1.0,5.37201e-07,0.0019
5.0,9.13421e-07,0.0013
20.0,2.37598e-08,0.0072
