Energy,Value,Error
1e-06,1.67505e-12,0.1953
0.1,9.52463e-06,0.0001
1.0,1.96928e-05,0.0001
10.0,2.29195e-06,0.0003
20.0,6.82124e-07,0.0004
