Energy,Value,Error
0.01,0.0,0.0
0.1,4.52831e-07,0.0012
1.0,1.79718e-05,0.0002
5.0,2.15712e-05,0.0001
20.0,3.06957e-07,0.0009
