Energy,Value,Error
1e-06,3.57507e-05,0.0002
0.1,2.3705e-06,0.0013
1.0,7.4945e-07,0.0022
10.0,6.10662e-07,0.0022
20.0,4.88518e-08,0.0057
