Energy,Value,Error
1e-06,0.0,0.0
0.1,7.29226e-06,0.0003
1.0,2.06826e-05,0.0003
10.0,2.96325e-05,0.0004
20.0,5.97661e-06,0.0003
