Energy,Value,Error
1e-06,0.0,0.0
0.1,2.95368e-07,0.0004
1.0,5.09811e-06,0.0001
10.0,2.78393e-06,0.0002
20.0,1.10343e-06,0.0002
