Energy,Value,Error
0.01,0.0,0.0
0.1,1.31432e-13,0.507
1.0,4.40766e-11,0.0354
5.0,4.33267e-11,0.0327
20.0,1.51508e-09,0.0054
