Energy,Value,Error
1e-06,0.0,0.0
0.1,6.7914e-06,0.0001
1.0,2.76076e-05,0.0001
10.0,5.07162e-05,0.0001
20.0,5.90065e-06,0.0001
