Energy,Value,Error
1e-06,4.071e-09,0.0101
0.1,2.0241e-05,0.0001
1.0,2.5873e-05,0.0001
10.0,9.64493e-07,0.0008
20.0,2.95204e-07,0.0011
