Energy,Value,Error
0.01,2.04148e-11,0.2743
0.1,1.35768e-07,0.0048
1.0,5.27223e-06,0.0007
5.0,4.3081e-06,0.0006
20.0,3.69809e-07,0.002
