Energy,Value,Error
0.01,0.0,0.0
0.1,3.34011e-10,0.0557
1.0,1.52365e-08,0.0095
5.0,2.92316e-08,0.009
20.0,4.2673e-09,0.0147
