Energy,Value,Error
1e-06,0.0,0.0
0.1,8.62553e-06,0.0002
1.0,2.76183e-05,0.0001
10.0,1.78794e-06,0.0005
20.0,2.12943e-07,0.0011
