Energy,Value,Error
1e-06,3.6067e-14,1.0
0.1,7.98046e-06,0.0
1.0,7.98439e-06,0.0
10.0,7.96944e-06,0.0
20.0,7.94677e-06,0.0
