Energy,Value,Error
1e-06,1.4454e-11,0.0625
0.1,1.21083e-05,0.0001
1.0,1.98443e-05,0.0001
10.0,1.01632e-05,0.0001
20.0,3.68077e-06,0.0001
