Energy,Value,Error
1e-06,0.0,0.0
0.1,7.97617e-06,0.0
1.0,7.99407e-06,0.0
10.0,7.96777e-06,0.0
20.0,7.9384e-06,0.0
