Energy,Value,Error
0.01,1.34332e-11,0.1864
0.1,2.7556e-09,0.0168
1.0,3.96363e-07,0.0014
5.0,7.44765e-07,0.0009
20.0,1.54157e-08,0.0062
