Energy,Value,Error
0.01,0.0,0.0
0.1,4.04188e-08,0.0107
1.0,7.36037e-06,0.0007
5.0,1.00941e-05,0.0006
20.0,1.33866e-07,0.0043
