Energy,Value,Error
0.01,1.93084e-11,0.3159
0.1,3.77639e-09,0.0284
1.0,6.58023e-07,0.0021
5.0,9.87543e-07,0.0016
20.0,2.21595e-08,0.01
