Energy,Value,Error
1e-06,0.0,0.0
0.1,1.28147e-13,0.4831
1.0,5.00421e-10,0.0085
10.0,2.29643e-07,0.0003
20.0,7.87357e-08,0.0005
