Energy,Value,Error
1e-06,0.0,0.0
0.1,2.52344e-06,0.0003
1.0,9.48252e-06,0.0002
10.0,1.50179e-06,0.0005
20.0,4.68916e-07,0.0007
