Energy,Value,Error
1e-06,0.0,0.0
0.1,4.75581e-07,0.0005
1.0,5.20631e-06,0.0002
10.0,9.25008e-07,0.0004
20.0,2.76521e-07,0.0006
