Energy,Value,Error
1e-06,0.0,0.0
0.1,5.74568e-06,0.0005
1.0,1.22559e-05,0.0004
10.0,4.09061e-06,0.0007
20.0,1.25663e-06,0.001
