Energy,Value,Error
0.01,7.93468e-11,0.6258
0.1,1.14686e-08,0.0236
1.0,7.21059e-07,0.0018
5.0,1.25189e-06,0.0013
20.0,3.42036e-08,0.0085
