Energy,Value,Error
1e-06,1.22779e-12,0.6812
0.1,1.00046e-05,0.0002
1.0,3.09069e-05,0.0003
10.0,4.99681e-05,0.0004
20.0,5.67538e-06,0.0003
