Energy,Value,Error
0.01,9.93504e-12,1.0
0.02,0.0,0.0
0.05,0.0,0.0
0.1,5.62716e-10,0.1622
0.2,3.59178e-10,0.2441
0.3,2.01341e-09,0.1334
0.4,4.39811e-09,0.1033
0.6,2.56507e-08,0.055
0.8,1.03721e-08,0.0566
1.0,1.52507e-08,0.0554
1.22,1.85004e-08,0.0617
1.44,1.64654e-08,0.0608
1.66,1.71183e-08,0.0628
2.0,2.25532e-08,0.0482
2.5,3.02476e-08,0.0679
3.0,2.05947e-08,0.0658
4.0,2.459e-08,0.0475
5.0,9.40941e-09,0.0803
6.5,4.16662e-09,0.2377
8.0,0.0,0.0
10.0,0.0,0.0
12.0,0.0,0.0
14.0,0.0,0.0
20.0,0.0,0.0
