Energy,Value,Error
0.01,3.95398e-11,0.1655
0.1,9.34002e-09,0.0117
1.0,1.15404e-06,0.001
5.0,1.6475e-06,0.0007
20.0,8.94372e-08,0.0032
