Energy,Value,Error
1e-06,5.73108e-14,0.5044
0.1,7.9798e-06,0.0
1.0,7.98757e-06,0.0
10.0,7.97205e-06,0.0
20.0,7.94161e-06,0.0
