Energy,Value,Error
1e-06,0.0,0.0
0.1,4.2676e-08,0.0034
1.0,9.94185e-08,0.0027
10.0,2.17601e-08,0.006
20.0,6.32221e-09,0.0083
