Energy,Value,Error
0.01,2.66986e-14,1.0
0.1,1.2592e-10,0.0174
1.0,5.48319e-09,0.0027
5.0,3.23686e-08,0.0011
20.0,3.57195e-09,0.0034
