Energy,Value,Error
1e-06,8.39015e-14,0.7658
0.1,7.97138e-06,0.0
1.0,7.98882e-06,0.0
10.0,7.97044e-06,0.0
20.0,7.94397e-06,0.0
