Energy,Value,Error
0.01,4.85252e-12,0.4812
0.1,4.55112e-08,0.0112
1.0,1.24663e-05,0.0007
5.0,1.68209e-05,0.0005
20.0,2.53728e-07,0.0035
