Energy,Value,Error
1e-06,3.09411e-10,0.0468
0.1,8.61965e-06,0.0003
1.0,1.14563e-05,0.0004
10.0,3.85957e-07,0.0023
20.0,5.15554e-08,0.0049
