Energy,Value,Error
1e-06,0.0,0.0
0.1,9.90565e-06,0.0005
1.0,0.000125672,0.0006
10.0,0.000276339,0.0006
20.0,7.8316e-06,0.0004
