Energy,Value,Error
1e-06,0.0,0.0
0.1,1.07898e-05,0.0001
1.0,1.83715e-05,0.0001
10.0,3.31316e-06,0.0002
20.0,1.17492e-06,0.0003
