Energy,Value,Error
1e-06,1.80778e-11,0.0653
0.1,1.37093e-05,0.0001
1.0,1.78908e-05,0.0001
10.0,4.13838e-06,0.0002
20.0,1.758e-06,0.0003
