Energy,Value,Error
1e-06,2.62395e-12,0.1512
0.1,1.20969e-05,0.0001
1.0,3.365e-05,0.0001
10.0,1.02311e-05,0.0001
20.0,1.83849e-06,0.0002
