Energy,Value,Error
0.01,4.7747e-12,0.3383
0.1,3.39949e-09,0.0281
1.0,1.82879e-06,0.001
5.0,2.1886e-06,0.0007
20.0,2.12241e-07,0.0024
