Energy,Value,Error
1e-06,0.0,0.0
0.1,3.99528e-06,0.0002
1.0,1.50192e-05,0.0001
10.0,1.29743e-06,0.0005
20.0,2.58057e-07,0.0009
