Energy,Value,Error
1e-06,0.0,0.0
0.1,5.57701e-07,0.0011
1.0,2.68345e-06,0.0006
10.0,9.50557e-07,0.0011
20.0,3.63257e-07,0.0014
