Energy,Value,Error
1e-06,3.85406e-10,0.0169
0.1,1.16698e-05,0.0001
1.0,1.89439e-05,0.0001
10.0,5.53315e-06,0.0001
20.0,5.68572e-07,0.0003
