Energy,Value,Error
0.01,0.0,0.0
0.1,1.23025e-09,0.037
1.0,6.79365e-08,0.0121
5.0,1.56482e-07,0.0036
20.0,1.05112e-08,0.0135
