Energy,Value,Error
0.01,1.02818e-11,0.2737
0.1,3.96482e-09,0.067
1.0,1.86816e-07,0.0036
5.0,3.52884e-07,0.0023
20.0,1.20547e-08,0.0118
