Energy,Value,Error
1e-06,0.0,0.0
0.1,5.49773e-07,0.0003
1.0,5.23728e-06,0.0001
10.0,1.73141e-06,0.0002
20.0,7.99316e-07,0.0003
