Energy,Value,Error
1e-06,0.0,0.0
0.1,1.00202e-05,0.0003
1.0,2.37123e-05,0.0002
10.0,2.29794e-05,0.0003
20.0,5.74146e-06,0.0003
