Cells,Value,Error
101.0,3.39746e-06,0.1514
103.0,2.80038e-07,0.0708
104.0,1.40247e-07,0.2726
105.0,3.19974e-08,0.0389
