Cells,Value,Error
101.0,2.72283e-20,0.0006
103.0,3.11762e-21,0.001
104.0,1.18647e-21,0.0016
105.0,4.50444e-22,0.0022
