Cells,Value,Error
48.0,112.082,0.0004
21.0,0.000162945,0.0036
54.0,173.743,0.0002
86.0,2.39347e-05,0.0034
