Cells,Value,Error
481.0,0.6016700300760001,0.0004192904736349917
