Cells,Value,Error
5.04,2.41226e-28,0.0119
10.08,1.46423e-28,0.0152
15.12,9.8264e-29,0.0252
20.16,5.19728e-29,0.032
