Cells,Value,Error
5.04,2.09629e-28,0.0044
10.08,3.89403e-29,0.0097
15.12,9.26157e-30,0.0215
20.16,2.49118e-30,0.0379
