Cells,Value,Error
5.04,4.94373e-27,0.0681
10.08,3.3342e-27,0.0591
15.12,2.34633e-27,0.0752
20.16,1.70594e-27,0.1383
