Cells,Value,Error
31.0,0.0101008,0.0012
25.0,8.04698e-05,0.0026
71.0,0.0137921,0.0006
82.0,1.21901e-05,0.0022
