Cells,Value,Error
31.0,0.570716,0.0017
25.0,0.0055636,0.0031
71.0,0.763039,0.0008
82.0,0.000861524,0.0028
