Cells,Value,Error
48.0,211.331,0.0004
21.0,0.000389077,0.0034
54.0,324.943,0.0002
86.0,5.67895e-05,0.0032
