Cells,Value,Error
5,2.78975e-05,0.0051
15,1.29823e-05,0.0023
25,4.51988e-06,0.0022
35,1.31219e-06,0.0038
