Energy,Value,Error
0.1 - 0.15,8.576744156662561e-05,0.0002458048960537607
0.15 - 0.2,5.348115172323669e-05,0.0002465345146294594
0.2 - 0.4,5.787539911479337e-05,0.00021225342955405495
0.4 - 0.5,2.153833796220012e-05,0.00031197879991695426
0.5 - 0.7,3.800290932212582e-05,0.0002087917431319554
0.7 - 1,2.919390344615462e-05,0.0002155416017959772
1 - 1.2,8.146346572146015e-06,0.00031224114101022557
1.2 - 1.5,1.458629560467017e-06,0.0007200015397538527
