Energy,Value,Error
0.7 - 1,7.270444445252271e-06,0.0001
1 - 1.2,3.9607399999999995e-06,0.00024001162653404726
1.2 - 1.5,3.5195100000000027e-06,0.00021737493660116985
1.5 - 2,2.284808e-06,0.0003099053322810869
2 - 2.5,9.18619e-07,0.0005756928437011949
2.5 - 3,4.1691919999999996e-07,0.0009686373402391153
3 - 4,3.9154679999999997e-07,0.0010769090386134692
4 - 7,2.9650971e-07,0.0016252279301448905
7 - 10,4.861643600000001e-08,0.004768182173952383
10 - 20,5.6582070000000016e-09,0.015046627752202377
