Cells,Value,Error
611.0,4.48124e-05,0.0034
614.0,2.74758e-06,0.006
623.0,2.54242e-07,0.0106
633.0,2.80034e-08,0.0183
