Cells,Value,Error
641.0,0.000596013,0.0025
643.0,0.000277708,0.0012
645.0,9.33362e-05,0.0011
647.0,2.60394e-05,0.0019
