Cells,Value,Error
602.0,4.37873e-05,0.0033
613.0,2.64245e-06,0.006
622.0,2.47682e-07,0.0105
632.0,2.82041e-08,0.0238
