Cells,Value,Error
611.0,0.000168034,0.0034
614.0,1.23774e-05,0.0056
623.0,1.27575e-06,0.0096
633.0,1.47543e-07,0.022
