Cells,Value,Error
611.0,1.35609e-05,0.0034
614.0,7.52072e-07,0.0064
623.0,6.66304e-08,0.0111
633.0,7.01149e-09,0.021
