Cells,Value,Error
602.0,2.06238e-05,0.0029
612.0,1.69798e-06,0.0053
622.0,2.07158e-07,0.0077
632.0,2.89989e-08,0.0098
