Cells,Value,Error
602.0,2.57695e-05,0.0111
612.0,6.61531e-06,0.0103
622.0,2.24518e-06,0.0083
632.0,6.61378e-07,0.0056
