Time,Value,Error
86400,2.19704e-06,0.1523
604800,6.39446e-07,0.0543
1296000,5.03377e-07,0.0506
2592000,4.34247e-07,0.0506
5184000,3.37449e-07,0.0492
