Cells,Value,Error
"115In(n,n')115mIn",3.76986e-30,0.003782525975973207
