Cells,Value,Error
58001.0,0.00037219,0.0046
58002.0,0.000124423,0.0085
58003.0,4.91422e-05,0.0134
58004.0,2.16438e-05,0.0205
