Cells,Value,Error
5,0.000301394,0.0034
15,1.69178e-05,0.0063
25,1.48146e-06,0.0112
35,1.58534e-07,0.0225
