Cells,Value,Error
481.0,0.26124017805300004,0.00033762074567453325
