Energy,Value,Error
0.1 - 0.15,0.00013843964788435662,9.239120820780692e-05
0.15 - 0.2,5.319135863637215e-05,0.00012856628340306427
0.2 - 0.4,0.00015152228302415857,5.991747549407283e-05
0.4 - 0.5,1.5023439341601057e-05,0.0001884467309968419
0.5 - 0.7,4.1580279017624596e-05,9.351021074363517e-05
0.7 - 1,1.917322958663166e-05,0.00011671895909525592
1 - 1.2,6.631100760161773e-06,0.00017214825497876478
1.2 - 1.5,1.725431164167892e-06,0.00031242760797858647
