Energy,Value,Error
0.1,1.69684000169684e-05,0.0006
0.1059,8.341654008438819e-06,0.0014
0.1122,1.0259248048430792e-05,0.0012
0.1188,1.7009927797833935e-05,0.0008
0.1259,2.0706617438227754e-05,0.0008
0.1334,2.846340482573729e-05,0.0006
0.1413,3.337914452037462e-05,0.0005
0.1496,3.3365710872162422e-06,0.0019
0.1585,8.855442752397083e-06,0.0011
0.1679,1.2230113938877635e-05,0.0009
0.1778,1.0454262163248882e-05,0.0009
0.1884,1.774660719369841e-05,0.0007
0.1995,3.9111011558104095e-06,0.0015
0.2113,7.409227776368096e-06,0.0011
0.2239,1.1524874231414217e-05,0.0008
0.2371,9.18650584244252e-06,0.0009
0.2512,9.883504127526323e-06,0.0008
0.2661,1.4592017738359222e-05,0.0007
0.2818,1.8015159203348976e-05,0.0006
0.2985,1.279544910179637e-05,0.0007
0.3162,2.9277388355002854e-05,0.0004
0.335,4.831990179858034e-06,0.0011
0.3548,1.6008363563079422e-05,0.0006
0.3758,1.0992675038051758e-05,0.0006
0.3981,6.929187247418047e-06,0.0008
0.4217,3.726902369748607e-06,0.0011
0.4467,5.118696974547781e-06,0.0009
0.4732,6.171609929345987e-06,0.0008
0.5012,5.71789841632186e-06,0.0009
0.5309,5.983634710576832e-06,0.0008
0.5623,6.841402549512042e-06,0.0008
0.5957,7.934425737522873e-06,0.0007
0.631,7.64768380790481e-06,0.0006
0.6683,7.469494744162397e-06,0.0006
0.7079,5.491263067521854e-06,0.0007
0.7499,3.3222799656717852e-06,0.0009
0.7943,2.2965071791871043e-06,0.0012
0.8414,3.0089234495506425e-06,0.0011
0.8913,2.476331835686777e-06,0.001
0.9441,2.5810831281954164e-06,0.001
1.0,2.1431380611022735e-06,0.001
1.0592,1.6522177215189867e-06,0.0011
1.122,1.4761637725027882e-06,0.0012
1.1885,1.353993682310472e-06,0.0012
1.2589,1.0339528609967313e-06,0.0012
1.3335,6.929239844483181e-07,0.0016
