Cells,Value,Error
5.04,2.20061e-28,0.0014
10.08,4.28239e-29,0.003
15.12,1.03013e-29,0.0061
20.16,2.99852e-30,0.0112
