Cells,Value,Error
5.04,4.40783e-27,0.0565
10.08,3.38966e-27,0.0843
15.12,2.37256e-27,0.0873
20.16,1.15015e-27,0.1152
