Cells,Value,Error
5.04,4.11099e-27,0.0042
10.08,3.00805e-27,0.0054
15.12,2.10043e-27,0.0067
20.16,1.14865e-27,0.0089
