Cells,Value,Error
PF_coil_3,0.00720986,0.0013
PF_coil_2,0.00156996,0.0027
PF_coil_4,0.00599133,0.0014
PF_coil_1,0.00298142,0.002
