Cells,Value,Error
PF_coil_1,2.39957e-09,0.0017
PF_coil_2,1.25685e-09,0.0023
PF_coil_3,7.95485e-09,0.0011
PF_coil_4,6.72261e-09,0.0012
