Cells,Value,Error
PF_coil_3,2.51856e-08,0.0009
PF_coil_2,4.90482e-09,0.002
PF_coil_4,2.77808e-08,0.001
PF_coil_1,1.40948e-08,0.0014
