Cells,Value,Error
31.0,1.06553e-05,0.003
25.0,8.54555e-08,0.0044
