Energy,Value,Error
1e-06,2.67967e-12,0.1563
0.1,9.27386e-06,0.0001
1.0,2.08296e-05,0.0
10.0,2.09856e-07,0.0005
20.0,1.54407e-08,0.0011
