Energy,Value,Error
1e-06,1.38284e-13,0.3253
0.1,1.53748e-05,0.0001
1.0,3.18334e-05,0.0
10.0,3.79931e-06,0.0001
20.0,5.97961e-07,0.0003
