Energy,Value,Error
0.01,2.53071e-12,0.3333
0.1,3.01449e-10,0.0294
1.0,1.86795e-08,0.003
5.0,4.31981e-08,0.002
20.0,1.38615e-09,0.0106
