Energy,Value,Error
0.01,3.87595e-12,0.1455
0.1,2.30814e-07,0.0007
1.0,2.97147e-06,0.0002
5.0,2.43915e-06,0.0002
20.0,1.8158e-07,0.0006
