Energy,Value,Error
0.01,1.86713e-13,0.5316
0.1,1.90607e-06,0.0002
1.0,8.53053e-06,0.0001
5.0,4.37338e-06,0.0001
20.0,5.68471e-07,0.0003
