Energy,Value,Error
1e-06,1.53882e-11,0.0475
0.1,4.81776e-06,0.0001
1.0,9.55399e-06,0.0001
10.0,2.39733e-06,0.0002
20.0,1.00257e-06,0.0002
