Energy,Value,Error
0.01,1.47096e-11,0.0797
0.1,4.44715e-09,0.0061
1.0,5.26338e-07,0.0005
5.0,4.18676e-07,0.0005
20.0,8.34215e-08,0.001
