Energy,Value,Error
1e-06,0.0,0.0
0.1,2.69809e-07,0.0004
1.0,2.076e-06,0.0002
10.0,7.78137e-07,0.0003
20.0,1.89058e-07,0.0005
