Energy,Value,Error
0.01,4.59327e-11,0.054
0.1,6.84325e-09,0.0055
1.0,7.58374e-07,0.0005
5.0,1.06616e-06,0.0003
20.0,2.23299e-08,0.002
