Energy,Value,Error
1e-06,0.0,0.0
0.1,4.31992e-07,0.0003
1.0,1.09302e-06,0.0002
10.0,1.03648e-07,0.0008
20.0,3.2138e-08,0.0011
