Energy,Value,Error
1e-06,4.51274e-11,0.0353
0.1,1.47434e-05,0.0001
1.0,3.44665e-05,0.0
10.0,3.1498e-06,0.0001
20.0,4.54674e-07,0.0003
