Energy,Value,Error
1e-06,3.90058e-11,0.0268
0.1,2.24037e-05,0.0
1.0,1.93857e-05,0.0001
10.0,9.10898e-07,0.0003
20.0,4.59983e-07,0.0003
