Energy,Value,Error
0.01,8.01668e-11,0.0462
0.1,3.61846e-07,0.0006
1.0,9.59955e-06,0.0001
5.0,6.59221e-06,0.0001
20.0,4.86327e-07,0.0004
