Energy,Value,Error
1e-06,0.0,0.0
0.1,3.35e-05,0.0
1.0,5.5368e-06,0.0001
10.0,7.35215e-07,0.0003
20.0,2.14989e-07,0.0004
