Energy,Value,Error
1e-06,5.36417e-12,0.0918
0.1,1.6069e-05,0.0001
1.0,2.24732e-05,0.0
10.0,8.54863e-06,0.0001
20.0,1.24061e-06,0.0002
