Energy,Value,Error
1e-06,1.77192e-09,0.0049
0.1,2.49942e-05,0.0
1.0,2.06726e-06,0.0002
10.0,6.76543e-08,0.0011
20.0,2.6396e-08,0.0013
