Energy,Value,Error
1e-06,4.36652e-14,0.7101
0.1,1.79037e-06,0.0001
1.0,2.96574e-06,0.0001
10.0,1.60738e-07,0.0007
20.0,6.42612e-08,0.0008
