Energy,Value,Error
1e-06,0.0,0.0
0.1,2.84972e-06,0.0001
1.0,1.00496e-05,0.0001
10.0,1.01703e-06,0.0003
20.0,3.97681e-07,0.0003
