Energy,Value,Error
0.01,5.43039e-12,0.1282
0.1,2.54631e-09,0.0122
1.0,1.50337e-06,0.0003
5.0,1.56263e-06,0.0003
20.0,8.97505e-08,0.0011
