Energy,Value,Error
0.01,0.0,0.0
0.1,6.97551e-11,0.0604
1.0,6.55063e-08,0.0015
5.0,5.83296e-08,0.0013
20.0,4.52999e-09,0.0047
