Energy,Value,Error
1e-06,0.0,0.0
0.1,2.15961e-05,0.0
1.0,5.66902e-06,0.0001
10.0,1.33587e-07,0.0008
20.0,3.33466e-08,0.0011
