Energy,Value,Error
0.01,2.09516e-12,0.2571
0.1,2.75054e-09,0.0066
1.0,9.27145e-08,0.0009
5.0,7.34179e-08,0.0011
20.0,7.82142e-09,0.0031
