Energy,Value,Error
1e-06,0.0,0.0
0.1,8.20842e-06,0.0001
1.0,2.24924e-05,0.0001
10.0,2.5961e-05,0.0001
20.0,5.92431e-06,0.0001
