Energy,Value,Error
0.01,1.16835e-11,0.1373
0.1,3.15577e-09,0.0173
1.0,1.48283e-07,0.0026
5.0,2.93426e-07,0.0022
20.0,8.53069e-09,0.0134
