Energy,Value,Error
0.01,6.51784e-11,0.0439
0.1,1.54811e-08,0.0038
1.0,1.76156e-06,0.0003
5.0,2.5406e-06,0.0002
20.0,3.53087e-08,0.0018
