Energy,Value,Error
1e-06,2.83999e-13,0.3365
0.1,1.15866e-05,0.0001
1.0,3.42313e-05,0.0
10.0,2.28796e-06,0.0002
20.0,2.53089e-07,0.0004
