Energy,Value,Error
0.01,3.70552e-13,0.4015
0.1,1.33408e-08,0.0042
1.0,4.41769e-06,0.0002
5.0,3.32373e-06,0.0002
20.0,5.85088e-07,0.0003
