Energy,Value,Error
1e-06,2.96259e-13,0.2996
0.1,8.60853e-06,0.0001
1.0,4.13347e-05,0.0001
10.0,7.214e-05,0.0001
20.0,5.77982e-06,0.0001
