Energy,Value,Error
0.01,1.29154e-13,0.5907
0.1,1.67252e-10,0.0296
1.0,1.38035e-07,0.001
5.0,1.56716e-07,0.0008
20.0,1.88419e-08,0.0023
