Energy,Value,Error
0.01,2.18764e-11,0.0824
0.1,6.16076e-09,0.008
1.0,3.48791e-07,0.0008
5.0,6.47884e-07,0.0006
20.0,2.24834e-08,0.0029
