Energy,Value,Error
1e-06,6.38326e-11,0.0228
0.1,9.74013e-06,0.0001
1.0,1.98017e-05,0.0001
10.0,1.68969e-06,0.0002
20.0,5.19226e-07,0.0003
