Energy,Value,Error
1e-06,2.07098e-10,0.0143
0.1,1.62894e-05,0.0
1.0,8.09649e-06,0.0001
10.0,3.12604e-07,0.0004
20.0,5.61752e-08,0.0007
