Energy,Value,Error
0.01,1.01056e-12,0.4922
0.1,1.6181e-10,0.0232
1.0,3.90245e-08,0.0013
5.0,6.63525e-08,0.001
20.0,7.67891e-10,0.0096
