Energy,Value,Error
0.01,2.8208e-12,0.1542
0.1,2.67562e-06,0.0002
1.0,1.67187e-05,0.0001
5.0,9.16088e-06,0.0001
20.0,4.12425e-07,0.0004
