Energy,Value,Error
1e-06,0.0,0.0
0.1,7.43065e-06,0.0001
1.0,2.07975e-05,0.0001
10.0,3.13044e-05,0.0001
20.0,5.98915e-06,0.0001
