Energy,Value,Error
0.01,3.03275e-11,0.0701
0.1,8.10085e-09,0.0058
1.0,3.98761e-07,0.0006
5.0,6.85203e-07,0.0004
20.0,1.61838e-08,0.0026
