Energy,Value,Error
0.01,2.87072e-11,0.0604
0.1,7.64251e-09,0.0052
1.0,5.53091e-07,0.0006
5.0,9.67343e-07,0.0003
20.0,3.43004e-08,0.0017
