Energy,Value,Error
1e-06,0.0,0.0
0.1,1.66658e-05,0.0001
1.0,3.34062e-05,0.0
10.0,5.28808e-06,0.0001
20.0,1.39887e-06,0.0002
