Energy,Value,Error
1e-06,0.0,0.0
0.1,6.17281e-06,0.0001
1.0,1.90596e-05,0.0
10.0,2.0858e-06,0.0002
20.0,5.79405e-07,0.0003
