Energy,Value,Error
1e-06,7.63801e-12,0.0715
0.1,4.15557e-06,0.0001
1.0,3.07125e-07,0.0005
10.0,1.45595e-08,0.0023
20.0,1.17988e-09,0.0064
