Energy,Value,Error
0.01,0.0,0.0
0.1,4.89982e-09,0.0061
1.0,2.27526e-07,0.0009
5.0,3.53559e-07,0.0006
20.0,4.24028e-08,0.0017
