Energy,Value,Error
0.01,0.0,0.0
0.1,1.32814e-08,0.005
1.0,4.85983e-06,0.0002
5.0,7.09938e-06,0.0002
20.0,8.60169e-08,0.0013
