Energy,Value,Error
1e-06,0.0,0.0
0.1,3.54832e-06,0.0001
1.0,5.65919e-06,0.0001
10.0,6.39218e-07,0.0003
20.0,1.83974e-07,0.0004
