Energy,Value,Error
0.01,4.53861e-12,0.1406
0.1,2.34364e-09,0.0091
1.0,1.46482e-06,0.0003
5.0,1.45688e-06,0.0003
20.0,3.66678e-08,0.0017
