Energy,Value,Error
1e-06,0.0,0.0
0.1,1.78796e-06,0.0002
1.0,5.44465e-07,0.0004
10.0,1.82706e-08,0.0021
20.0,1.25657e-09,0.0063
