Energy,Value,Error
1e-06,1.24031e-10,0.0187
0.1,1.08287e-05,0.0001
1.0,1.27625e-05,0.0001
10.0,7.12186e-07,0.0003
20.0,5.18751e-08,0.0009
