Energy,Value,Error
1e-06,7.24176e-12,0.0616
0.1,1.39627e-05,0.0001
1.0,2.00892e-05,0.0001
10.0,1.07899e-05,0.0001
20.0,2.30422e-06,0.0001
