Energy,Value,Error
0.01,1.81449e-10,0.029
0.1,4.28652e-09,0.0058
1.0,2.306e-06,0.0002
5.0,1.50825e-06,0.0002
20.0,2.06977e-07,0.0006
