Energy,Value,Error
1e-06,0.0,0.0
0.1,9.07221e-07,0.0002
1.0,2.96575e-06,0.0001
10.0,4.18871e-07,0.0004
20.0,1.90915e-07,0.0005
