Energy,Value,Error
1e-06,9.23842e-13,0.1419
0.1,4.98293e-06,0.0001
1.0,1.9894e-05,0.0
10.0,3.84541e-06,0.0001
20.0,1.02144e-06,0.0002
