Energy,Value,Error
0.01,1.82238e-11,0.0856
0.1,3.22622e-09,0.0084
1.0,2.62079e-07,0.0008
5.0,4.49822e-07,0.0005
20.0,9.46115e-09,0.0035
