Energy,Value,Error
1e-06,0.0,0.0
0.1,8.27579e-06,0.0001
1.0,3.13984e-05,0.0001
10.0,4.13532e-05,0.0001
20.0,6.0072e-06,0.0001
