Energy,Value,Error
1e-06,2.11959e-08,0.0013
0.1,4.4553e-06,0.0001
1.0,7.98597e-07,0.0002
10.0,2.17006e-08,0.0015
20.0,7.06879e-09,0.0018
