Energy,Value,Error
0.01,2.00872e-11,0.0958
0.1,3.66613e-09,0.0082
1.0,6.73105e-07,0.0005
5.0,8.65051e-07,0.0004
20.0,2.33109e-08,0.0021
