Energy,Value,Error
1e-06,1.17829e-10,0.0169
0.1,2.37312e-05,0.0
1.0,2.01606e-05,0.0001
10.0,4.01663e-06,0.0001
20.0,6.80088e-07,0.0002
