Energy,Value,Error
1e-06,8.89613e-14,0.4657
0.1,7.97238e-06,0.0001
1.0,7.99153e-06,0.0001
10.0,7.98278e-06,0.0001
20.0,7.94096e-06,0.0001
