Energy,Value,Error
1e-06,2.3854e-10,0.0151
0.1,1.48437e-05,0.0001
1.0,3.18548e-05,0.0
10.0,2.77216e-06,0.0002
20.0,2.19734e-07,0.0004
