Energy,Value,Error
1e-06,5.10422e-10,0.0107
0.1,2.70536e-05,0.0
1.0,1.9489e-05,0.0001
10.0,1.52744e-06,0.0002
20.0,1.07857e-07,0.0006
