Energy,Value,Error
1e-06,3.72833e-13,0.2338
0.1,3.36438e-06,0.0001
1.0,6.12714e-09,0.0024
10.0,5.07504e-09,0.0022
20.0,5.94282e-09,0.0017
