Energy,Value,Error
1e-06,1.95773e-09,0.004
0.1,1.35165e-05,0.0001
1.0,2.5919e-05,0.0
10.0,1.92066e-06,0.0002
20.0,2.75928e-08,0.0011
