Energy,Value,Error
0.01,7.50744e-13,0.2683
0.1,2.00223e-10,0.0306
1.0,8.26187e-09,0.0043
5.0,1.57751e-08,0.0027
20.0,4.13973e-10,0.0153
