Energy,Value,Error
0.01,1.08378e-11,0.108
0.1,3.85197e-09,0.008
1.0,1.57193e-06,0.0003
5.0,1.75065e-06,0.0003
20.0,4.28906e-09,0.0053
