Energy,Value,Error
0.01,1.99267e-12,0.195
0.1,3.58228e-10,0.018
1.0,3.25078e-08,0.0055
5.0,7.10668e-08,0.0013
20.0,1.69437e-09,0.0078
