Energy,Value,Error
1e-06,0.0,0.0
0.1,5.42492e-07,0.0003
1.0,6.96525e-06,0.0001
10.0,7.5377e-07,0.0003
20.0,1.82626e-07,0.0005
