Energy,Value,Error
0.01,1.55473e-11,0.1257
0.1,1.14314e-08,0.0069
1.0,1.69694e-06,0.0003
5.0,2.41252e-06,0.0002
20.0,1.2411e-07,0.0009
