Energy,Value,Error
1e-06,7.90945e-09,0.0023
0.1,2.71398e-05,0.0
1.0,1.34005e-05,0.0001
10.0,1.67395e-06,0.0002
20.0,3.27349e-07,0.0004
