Energy,Value,Error
1e-06,0.0,0.0
0.1,2.09827e-06,0.0001
1.0,4.5332e-06,0.0001
10.0,5.91464e-07,0.0003
20.0,2.25618e-07,0.0004
