Energy,Value,Error
1e-06,8.37507e-09,0.0026
0.1,1.71295e-05,0.0001
1.0,1.27839e-05,0.0001
10.0,1.47388e-05,0.0001
20.0,2.39223e-06,0.0001
