Energy,Value,Error
0.01,0.0,0.0
0.1,1.37281e-07,0.0007
1.0,4.34425e-06,0.0001
5.0,2.29796e-05,0.0
20.0,4.66409e-10,0.0102
