Energy,Value,Error
0.01,1.61827e-11,0.1028
0.1,3.56785e-09,0.0112
1.0,8.8966e-07,0.0004
5.0,1.12821e-06,0.0003
20.0,4.88228e-09,0.005
