Energy,Value,Error
1e-06,0.0,0.0
0.1,7.23499e-06,0.0001
1.0,2.8154e-05,0.0001
10.0,4.1994e-05,0.0001
20.0,6.02222e-06,0.0001
