Energy,Value,Error
1e-06,2.85658e-14,0.7074
0.1,7.72919e-06,0.0001
1.0,2.75589e-05,0.0
10.0,2.29111e-06,0.0002
20.0,3.47035e-07,0.0003
