Energy,Value,Error
1e-06,0.0,0.0
0.1,2.11174e-06,0.0001
1.0,7.98012e-06,0.0001
10.0,1.18662e-06,0.0003
20.0,9.58469e-08,0.0007
