Energy,Value,Error
0.01,3.31629e-12,0.2514
0.1,3.2966e-10,0.0198
1.0,1.47062e-08,0.0032
5.0,3.8039e-08,0.0017
20.0,5.9913e-09,0.0042
