Energy,Value,Error
0.01,3.85372e-11,0.1353
0.1,9.07897e-09,0.0168
1.0,5.64204e-07,0.0005
5.0,9.39038e-07,0.0004
20.0,2.99406e-08,0.0019
