Energy,Value,Error
0.01,2.72854e-13,0.4514
0.1,3.59111e-11,0.0505
1.0,1.00938e-08,0.0034
5.0,8.51354e-09,0.0033
20.0,8.31165e-10,0.0098
