Energy,Value,Error
0.01,9.98383e-11,0.0416
0.1,3.37669e-08,0.0028
1.0,1.7557e-06,0.0003
5.0,2.7231e-06,0.0002
20.0,1.44609e-07,0.0009
