Energy,Value,Error
1e-06,5.89486e-10,0.0075
0.1,2.45265e-05,0.0
1.0,1.70583e-05,0.0001
10.0,2.11754e-06,0.0002
20.0,4.53786e-07,0.0003
