Energy,Value,Error
0.01,1.9065e-13,0.5143
0.1,3.74583e-11,0.074
1.0,1.50488e-09,0.0091
5.0,3.32484e-09,0.0058
20.0,1.19107e-10,0.0273
