Energy,Value,Error
0.01,6.56113e-12,0.2014
0.1,3.52326e-09,0.0042
1.0,3.0776e-08,0.0014
5.0,6.19386e-08,0.001
20.0,2.66563e-09,0.0045
