Energy,Value,Error
0.01,1.06763e-11,0.1012
0.1,5.32222e-10,0.019
1.0,1.30557e-07,0.001
5.0,9.14257e-08,0.0009
20.0,1.50558e-08,0.0021
