Energy,Value,Error
1e-06,8.12136e-14,0.6485
0.1,1.91393e-05,0.0
1.0,1.23841e-05,0.0001
10.0,6.02737e-07,0.0003
20.0,2.0061e-07,0.0005
