Energy,Value,Error
0.01,1.39668e-11,0.1614
0.1,1.96257e-09,0.0087
1.0,1.01181e-07,0.0012
5.0,2.22557e-07,0.0007
20.0,3.97054e-09,0.0058
