Energy,Value,Error
1e-06,8.98655e-11,0.0184
0.1,2.24297e-05,0.0
1.0,7.45084e-06,0.0001
10.0,8.42664e-07,0.0003
20.0,2.1058e-07,0.0004
