Energy,Value,Error
0.01,7.06348e-14,0.7072
0.1,3.2307e-10,0.0214
1.0,3.93851e-07,0.0007
5.0,4.49697e-07,0.0007
20.0,1.96944e-09,0.0078
