Energy,Value,Error
0.01,1.70723e-11,0.1387
0.1,2.96077e-08,0.0233
1.0,7.03542e-07,0.0011
5.0,4.89396e-07,0.0006
20.0,1.17466e-07,0.0009
