Energy,Value,Error
1e-06,7.35434e-12,0.056
0.1,2.7764e-06,0.0001
1.0,1.46782e-05,0.0001
10.0,5.61556e-06,0.0001
20.0,1.9729e-06,0.0001
