Energy,Value,Error
0.01,6.7094e-11,0.0455
0.1,9.20509e-09,0.0057
1.0,1.1459e-06,0.0004
5.0,1.10941e-06,0.0003
20.0,2.17852e-07,0.0007
