Energy,Value,Error
1e-06,0.0,0.0
0.1,1.35991e-08,0.002
1.0,3.90481e-08,0.0014
10.0,2.40421e-08,0.0018
20.0,8.88149e-09,0.0022
