Energy,Value,Error
1e-06,9.71189e-14,0.4716
0.1,1.2513e-05,0.0
1.0,2.42865e-06,0.0002
10.0,2.62169e-08,0.0017
20.0,1.88706e-09,0.005
