Energy,Value,Error
0.01,4.66987e-11,0.0533
0.1,2.15138e-07,0.0008
1.0,7.93463e-06,0.0001
5.0,6.81027e-06,0.0001
20.0,5.35484e-07,0.0003
