Energy,Value,Error
0.01,2.71447e-13,0.5315
0.1,3.41213e-12,0.1084
1.0,7.45572e-09,0.0026
5.0,1.95437e-08,0.0016
20.0,4.98409e-09,0.0031
