Energy,Value,Error
0.01,5.09186e-14,1.0
0.1,5.28999e-11,0.0329
1.0,2.10264e-08,0.0017
5.0,6.4583e-08,0.001
20.0,3.20017e-09,0.0044
