Energy,Value,Error
0.01,3.14074e-13,0.4307
0.1,9.00188e-09,0.0052
1.0,2.17467e-07,0.0008
5.0,4.81718e-07,0.0005
20.0,2.76784e-09,0.0074
