Energy,Value,Error
1e-06,3.26765e-11,0.0341
0.1,9.61585e-06,0.0001
1.0,1.97303e-05,0.0
10.0,9.06592e-06,0.0001
20.0,2.2604e-06,0.0001
