Energy,Value,Error
1e-06,0.0,0.0
0.1,1.2058e-09,0.0059
1.0,1.91435e-08,0.0017
10.0,7.53843e-09,0.003
20.0,1.15432e-09,0.0066
