Energy,Value,Error
0.01,3.02977e-12,0.1686
0.1,2.87722e-09,0.0055
1.0,9.33984e-08,0.0009
5.0,5.17734e-08,0.0012
20.0,3.35365e-09,0.0049
