Energy,Value,Error
0.01,8.43904e-14,1.0
0.1,1.69401e-10,0.0332
1.0,7.08091e-08,0.0014
5.0,6.65324e-08,0.0015
20.0,2.97835e-09,0.0057
