Energy,Value,Error
0.01,2.12952e-13,0.453
0.1,1.20848e-07,0.0012
1.0,4.1749e-06,0.0002
5.0,6.20944e-06,0.0001
20.0,4.42141e-09,0.0039
