Energy,Value,Error
1e-06,3.80071e-13,0.3008
0.1,4.2416e-06,0.0001
1.0,1.14088e-05,0.0001
10.0,3.87171e-06,0.0001
20.0,1.23833e-06,0.0002
