Energy,Value,Error
0.01,2.56575e-13,1.0
0.1,1.01494e-08,0.0056
1.0,5.5081e-06,0.0002
5.0,7.5258e-06,0.0002
20.0,8.29362e-08,0.0014
