Energy,Value,Error
0.01,2.08453e-11,0.0673
0.1,4.92109e-09,0.0062
1.0,1.13726e-06,0.0003
5.0,1.31471e-06,0.0003
20.0,3.0467e-08,0.0018
