Energy,Value,Error
1e-06,0.0,0.0
0.1,5.27343e-07,0.0003
1.0,1.14413e-06,0.0002
10.0,9.15259e-08,0.0009
20.0,3.06493e-08,0.0012
