Energy,Value,Error
1e-06,4.40107e-13,0.2959
0.1,9.72469e-06,0.0001
1.0,1.50029e-05,0.0001
10.0,9.68175e-06,0.0001
20.0,5.50415e-06,0.0001
