Energy,Value,Error
1e-06,1.19148e-11,0.0561
0.1,9.46209e-06,0.0001
1.0,2.53926e-05,0.0
10.0,5.29739e-06,0.0001
20.0,1.37134e-06,0.0002
