Energy,Value,Error
1e-06,0.0,0.0
0.1,4.02777e-07,0.0003
1.0,2.9116e-06,0.0001
10.0,8.83148e-07,0.0003
20.0,3.30772e-07,0.0004
