Energy,Value,Error
1e-06,1.31298e-12,0.1755
0.1,1.11174e-05,0.0001
1.0,1.90213e-05,0.0
10.0,1.15355e-05,0.0001
20.0,3.76892e-06,0.0001
