Energy,Value,Error
0.01,2.91972e-11,0.0878
0.1,1.82686e-08,0.0034
1.0,2.66042e-06,0.0002
5.0,3.17382e-06,0.0002
20.0,3.03775e-07,0.0006
