Energy,Value,Error
1e-06,0.0,0.0
0.1,3.44989e-09,0.0035
1.0,2.20338e-08,0.0016
10.0,2.84186e-09,0.0052
20.0,1.22399e-09,0.0061
