Energy,Value,Error
1e-06,0.0,0.0
0.1,8.734e-07,0.0002
1.0,2.0189e-06,0.0002
10.0,1.44073e-07,0.0007
20.0,2.01619e-08,0.0013
