Energy,Value,Error
1e-06,5.43906e-14,0.511
0.1,8.64479e-06,0.0001
1.0,2.64105e-05,0.0
10.0,1.83644e-06,0.0002
20.0,2.47917e-07,0.0004
