Energy,Value,Error
1e-06,0.0,0.0
0.1,3.92653e-07,0.0004
1.0,2.65683e-07,0.0006
10.0,8.20492e-08,0.0009
20.0,1.64121e-08,0.0015
