Energy,Value,Error
0.01,4.04644e-11,0.0923
0.1,4.39074e-09,0.0161
1.0,2.70338e-07,0.0008
5.0,4.87735e-07,0.0005
20.0,1.23006e-08,0.0029
