Energy,Value,Error
1e-06,2.74492e-11,0.0312
0.1,1.6136e-05,0.0001
1.0,2.16172e-05,0.0001
10.0,2.2544e-06,0.0002
20.0,7.00578e-07,0.0002
