Energy,Value,Error
0.01,1.36804e-11,0.1017
0.1,4.6671e-09,0.0074
1.0,1.82738e-06,0.0003
5.0,1.77009e-06,0.0002
20.0,5.80943e-08,0.0013
