Energy,Value,Error
1e-06,6.14273e-09,0.0025
0.1,1.89925e-05,0.0001
1.0,2.36481e-05,0.0001
10.0,1.17099e-06,0.0003
20.0,5.4479e-08,0.0009
