Energy,Value,Error
0.01,8.70324e-11,0.0425
0.1,9.05666e-09,0.0054
1.0,8.95538e-07,0.0004
5.0,1.47111e-06,0.0003
20.0,3.98667e-08,0.0017
