Energy,Value,Error
0.01,2.67517e-13,0.6125
0.1,7.23957e-10,0.0102
1.0,6.40923e-08,0.001
5.0,4.69311e-08,0.0012
20.0,2.69005e-09,0.0048
