Energy,Value,Error
1e-06,5.4591e-09,0.0026
0.1,2.10229e-05,0.0
1.0,1.79213e-05,0.0
10.0,1.829e-07,0.0006
20.0,2.03616e-08,0.0014
