Energy,Value,Error
0.01,9.92934e-12,0.1058
0.1,1.75086e-08,0.0029
1.0,1.13898e-06,0.0003
5.0,5.61969e-07,0.0004
20.0,7.78275e-08,0.001
