Energy,Value,Error
1e-06,1.60957e-14,1.0
0.1,4.6135e-08,0.001
1.0,5.56501e-08,0.0012
10.0,2.05225e-08,0.0019
20.0,7.6248e-09,0.0023
