Energy,Value,Error
0.01,1.47691e-12,0.2368
0.1,3.17333e-07,0.0006
1.0,2.81952e-06,0.0002
5.0,2.04135e-06,0.0002
20.0,3.82105e-07,0.0004
