Energy,Value,Error
0.01,1.59993e-12,0.2789
0.1,8.44119e-10,0.0178
1.0,5.92857e-07,0.0005
5.0,6.69351e-07,0.0005
20.0,1.44003e-09,0.011
