Energy,Value,Error
1e-06,0.0,0.0
0.1,1.38617e-10,0.0169
1.0,6.22429e-09,0.0026
10.0,1.34711e-08,0.0014
20.0,6.71669e-09,0.0016
