Energy,Value,Error
1e-06,4.73757e-05,0.0
0.1,4.74708e-06,0.0001
1.0,1.44181e-06,0.0003
10.0,2.62631e-06,0.0002
20.0,5.79726e-08,0.0008
