Energy,Value,Error
0.01,1.59365e-11,0.077
0.1,3.182e-09,0.0094
1.0,1.68072e-07,0.001
5.0,3.00675e-07,0.0007
20.0,8.38713e-09,0.0039
