Energy,Value,Error
0.01,9.23111e-11,0.051
0.1,2.04022e-08,0.0033
1.0,8.10727e-07,0.0005
5.0,1.83633e-06,0.0003
20.0,4.95355e-08,0.0014
