Energy,Value,Error
1e-06,3.57033e-11,0.039
0.1,1.27763e-05,0.0001
1.0,3.06738e-05,0.0
10.0,2.82351e-06,0.0002
20.0,4.69472e-07,0.0003
