Energy,Value,Error
0.01,1.05826e-12,0.3674
0.1,4.23503e-10,0.024
1.0,3.25815e-07,0.0007
5.0,3.52088e-07,0.0007
20.0,4.07871e-09,0.0057
