Energy,Value,Error
0.01,7.69365e-12,0.1346
0.1,1.50175e-09,0.0102
1.0,8.10224e-08,0.0014
5.0,1.80665e-07,0.0008
20.0,3.82412e-09,0.0054
