Energy,Value,Error
1e-06,1.1095e-12,0.1825
0.1,1.03379e-05,0.0001
1.0,2.24642e-05,0.0001
10.0,2.49767e-05,0.0001
20.0,5.56625e-06,0.0001
