Energy,Value,Error
0.01,1.47295e-13,0.5886
0.1,2.26971e-09,0.0089
1.0,2.0318e-06,0.0003
5.0,1.14073e-06,0.0004
20.0,9.18642e-08,0.0015
