Energy,Value,Error
0.01,0.0,0.0
0.1,3.00153e-11,0.0619
1.0,4.16461e-08,0.0018
5.0,3.19642e-08,0.0018
20.0,4.59435e-09,0.0045
