Energy,Value,Error
1e-06,2.78635e-10,0.0117
0.1,2.20062e-07,0.0005
1.0,6.19161e-08,0.0013
10.0,2.67254e-08,0.0018
20.0,9.48727e-09,0.0022
