Energy,Value,Error
1e-06,9.25394e-11,0.021
0.1,1.47306e-05,0.0001
1.0,3.31978e-05,0.0
10.0,7.05619e-06,0.0001
20.0,9.4637e-07,0.0002
