Energy,Value,Error
1e-06,6.38864e-14,0.5943
0.1,1.14636e-05,0.0001
1.0,2.02097e-05,0.0001
10.0,3.71448e-06,0.0001
20.0,8.83532e-07,0.0002
