Energy,Value,Error
1e-06,2.73866e-13,0.3236
0.1,6.08464e-06,0.0001
1.0,1.38667e-05,0.0001
10.0,1.58046e-06,0.0002
20.0,5.09858e-07,0.0003
