Energy,Value,Error
0.01,1.31275e-13,0.5846
0.1,4.62964e-11,0.069
1.0,1.62476e-09,0.0099
5.0,3.1937e-09,0.0064
20.0,2.72249e-11,0.0924
