Energy,Value,Error
0.01,6.80403e-11,0.0418
0.1,3.12724e-07,0.0006
1.0,1.09534e-05,0.0001
5.0,6.29998e-06,0.0001
20.0,5.47933e-07,0.0004
