Energy,Value,Error
0.01,0.0,0.0
0.1,5.19913e-11,0.0437
1.0,2.99875e-08,0.0022
5.0,3.18771e-08,0.0018
20.0,2.6157e-09,0.0059
