Energy,Value,Error
0.01,5.78161e-13,0.3459
0.1,2.20936e-09,0.0127
1.0,3.61548e-06,0.0002
5.0,3.41758e-06,0.0002
20.0,1.53991e-07,0.0008
