Energy,Value,Error
1e-06,8.63187e-14,0.7221
0.1,7.9778e-06,0.0001
1.0,7.9847e-06,0.0001
10.0,7.97365e-06,0.0001
20.0,7.94315e-06,0.0001
