Energy,Value,Error
0.01,7.0564e-12,0.1376
0.1,6.46535e-09,0.0057
1.0,1.14899e-06,0.0003
5.0,1.45244e-06,0.0003
20.0,1.40585e-07,0.0009
