Energy,Value,Error
1e-06,5.24882e-08,0.0009
0.1,2.31243e-05,0.0
1.0,3.14878e-06,0.0002
10.0,2.66868e-07,0.0005
20.0,1.88728e-08,0.0013
