Energy,Value,Error
1e-06,1.16834e-11,0.0572
0.1,7.3551e-08,0.0008
1.0,9.59658e-07,0.0002
10.0,4.84668e-07,0.0003
20.0,2.54408e-07,0.0004
