Energy,Value,Error
0.01,1.80758e-11,0.1748
0.1,1.5078e-09,0.0369
1.0,4.23493e-07,0.0025
5.0,3.04923e-07,0.0023
20.0,6.24542e-08,0.0043
