Energy,Value,Error
0.01,1.47293e-10,0.0586
0.1,8.81564e-09,0.012
1.0,1.77291e-06,0.0005
5.0,1.56005e-06,0.0005
20.0,2.29291e-07,0.0014
