Energy,Value,Error
1e-06,0.0,0.0
0.1,5.55842e-06,0.0001
1.0,2.20073e-05,0.0
10.0,1.3916e-06,0.0002
20.0,2.33183e-07,0.0004
