Energy,Value,Error
1e-06,0.0,0.0
0.1,1.38078e-08,0.0018
1.0,4.53763e-08,0.0014
10.0,3.04043e-08,0.0016
20.0,1.06467e-08,0.002
