Energy,Value,Error
0.01,9.63373e-12,0.1172
0.1,4.07904e-09,0.0073
1.0,2.09572e-06,0.0003
5.0,2.43517e-06,0.0002
20.0,1.76569e-07,0.0007
