Energy,Value,Error
0.01,3.83582e-11,0.0547
0.1,3.51612e-08,0.0027
1.0,4.33141e-06,0.0002
5.0,4.07548e-06,0.0002
20.0,2.22492e-07,0.0006
