Energy,Value,Error
1e-06,2.24901e-12,0.1081
0.1,3.52605e-05,0.0
1.0,1.45904e-06,0.0002
10.0,1.22218e-07,0.0008
20.0,2.3804e-08,0.0013
