Energy,Value,Error
1e-06,0.0,0.0
0.1,1.04079e-05,0.0001
1.0,1.1269e-05,0.0001
10.0,1.01259e-06,0.0003
20.0,1.05309e-07,0.0006
