Energy,Value,Error
1e-06,2.29851e-12,0.1098
0.1,1.005e-05,0.0001
1.0,1.53521e-05,0.0001
10.0,1.0288e-05,0.0001
20.0,3.86012e-06,0.0001
