Energy,Value,Error
0.01,1.79905e-11,0.1117
0.1,3.33814e-09,0.0079
1.0,2.62524e-07,0.0008
5.0,5.0936e-07,0.0006
20.0,1.44331e-08,0.0031
