Energy,Value,Error
1e-06,2.85114e-07,0.0004
0.1,3.95824e-05,0.0
1.0,1.61744e-06,0.0003
10.0,1.33895e-07,0.0008
20.0,2.38321e-08,0.0013
