Energy,Value,Error
0.01,1.09846e-10,0.0351
0.1,4.41185e-09,0.0056
1.0,1.21924e-06,0.0003
5.0,8.417e-07,0.0003
20.0,1.50818e-07,0.0007
