Energy,Value,Error
0.01,2.58948e-11,0.0764
0.1,9.01159e-10,0.0176
1.0,4.08651e-07,0.0014
5.0,2.04336e-07,0.0023
20.0,5.22027e-09,0.0081
