Energy,Value,Error
0.01,1.30316e-12,0.6827
0.1,4.00666e-08,0.0032
1.0,2.32978e-05,0.0001
5.0,2.94914e-05,0.0001
20.0,4.84365e-07,0.0006
