Energy,Value,Error
1e-06,0.0,0.0
0.1,4.09573e-06,0.0001
1.0,7.82971e-06,0.0001
10.0,1.42573e-06,0.0002
20.0,4.0187e-07,0.0003
