Energy,Value,Error
0.01,0.0,0.0
0.1,2.98699e-09,0.0098
1.0,1.5299e-07,0.0014
5.0,2.85918e-07,0.0009
20.0,1.39413e-08,0.0043
