Energy,Value,Error
1e-06,4.72476e-14,0.8012
0.1,3.19089e-06,0.0001
1.0,1.09565e-05,0.0001
10.0,9.57116e-07,0.0003
20.0,3.61366e-07,0.0003
