Energy,Value,Error
1e-06,0.0,0.0
0.1,2.52628e-07,0.0004
1.0,1.54265e-06,0.0002
10.0,4.93623e-07,0.0004
20.0,1.57919e-07,0.0005
