Energy,Value,Error
0.01,2.51494e-12,0.1701
0.1,3.66372e-10,0.0174
1.0,1.76352e-08,0.0029
5.0,3.38052e-08,0.0018
20.0,6.67631e-10,0.0123
