Energy,Value,Error
1e-06,1.47867e-13,0.3988
0.1,8.25418e-06,0.0001
1.0,2.268e-05,0.0001
10.0,1.503e-06,0.0002
20.0,1.25117e-07,0.0006
