Energy,Value,Error
0.01,3.45573e-12,0.3062
0.1,1.73109e-09,0.0075
1.0,1.17595e-07,0.0008
5.0,7.64961e-08,0.001
20.0,5.10849e-09,0.004
