Energy,Value,Error
0.01,5.6904e-11,0.0916
0.1,2.25252e-07,0.0008
1.0,8.41959e-06,0.0001
5.0,6.48414e-06,0.0001
20.0,6.84574e-07,0.0003
