Energy,Value,Error
0.01,9.95614e-12,0.1147
0.1,1.94981e-09,0.0108
1.0,8.49097e-08,0.0014
5.0,1.85447e-07,0.0009
20.0,3.66084e-09,0.006
