Energy,Value,Error
0.01,1.12614e-11,0.1358
0.1,4.59504e-09,0.0066
1.0,1.47475e-06,0.0003
5.0,1.17698e-06,0.0003
20.0,3.91709e-08,0.002
