Energy,Value,Error
0.01,4.82773e-14,1.0
0.1,1.18486e-10,0.0297
1.0,5.9701e-08,0.0016
5.0,5.08178e-08,0.0014
20.0,4.87514e-09,0.0043
