Energy,Value,Error
1e-06,0.0,0.0
0.1,7.51212e-06,0.0001
1.0,2.0221e-05,0.0001
10.0,2.462e-05,0.0001
20.0,5.85599e-06,0.0001
