Energy,Value,Error
1e-06,5.39942e-12,0.0655
0.1,3.87412e-06,0.0001
1.0,1.24422e-05,0.0001
10.0,1.04803e-06,0.0003
20.0,3.28024e-07,0.0004
