Energy,Value,Error
1e-06,0.0,0.0
0.1,3.92451e-08,0.001
1.0,7.65318e-08,0.0009
10.0,3.03413e-08,0.0014
20.0,1.08358e-08,0.0018
