Energy,Value,Error
1e-06,2.45396e-13,0.2572
0.1,5.21465e-06,0.0001
1.0,1.51544e-05,0.0
10.0,5.66385e-06,0.0001
20.0,1.82578e-06,0.0001
