Energy,Value,Error
1e-06,0.0,0.0
0.1,6.05396e-07,0.0003
1.0,2.92778e-06,0.0001
10.0,8.26488e-07,0.0003
20.0,4.87609e-07,0.0003
