Energy,Value,Error
1e-06,0.0,0.0
0.1,1.41385e-06,0.0002
1.0,7.78503e-06,0.0001
10.0,1.28448e-06,0.0002
20.0,5.03196e-07,0.0003
