Energy,Value,Error
0.01,2.28308e-13,0.4616
0.1,3.00337e-11,0.0402
1.0,8.89305e-09,0.0024
5.0,3.50555e-08,0.0012
20.0,2.98163e-09,0.0042
