Energy,Value,Error
0.01,6.44651e-12,0.1062
0.1,3.61797e-09,0.0084
1.0,3.75909e-07,0.0009
5.0,2.5402e-07,0.001
20.0,5.42811e-08,0.0021
