Energy,Value,Error
1e-06,1.3297e-12,0.1181
0.1,6.47847e-06,0.0001
1.0,2.2175e-05,0.0
10.0,2.22087e-06,0.0002
20.0,3.41361e-07,0.0003
