Energy,Value,Error
0.01,1.03717e-12,0.2442
0.1,1.14462e-09,0.0146
1.0,4.76107e-07,0.0006
5.0,5.86169e-07,0.0005
20.0,9.02909e-09,0.0039
