Energy,Value,Error
1e-06,0.0,0.0
0.1,4.13077e-06,0.0001
1.0,7.64763e-06,0.0001
10.0,1.71203e-06,0.0002
20.0,5.45127e-07,0.0003
