Energy,Value,Error
0.01,8.78922e-12,0.1004
0.1,5.12855e-09,0.0059
1.0,3.42544e-07,0.0006
5.0,3.35965e-07,0.0006
20.0,1.2344e-08,0.003
