Energy,Value,Error
1e-06,1.63855e-13,0.36
0.1,1.54538e-05,0.0001
1.0,2.63327e-05,0.0001
10.0,2.55428e-06,0.0002
20.0,2.45939e-07,0.0004
