Energy,Value,Error
1e-06,0.0,0.0
0.1,6.73955e-06,0.0001
1.0,7.87538e-06,0.0001
10.0,2.84682e-06,0.0001
20.0,2.78264e-06,0.0001
