Energy,Value,Error
1e-06,0.0,0.0
0.1,9.32025e-06,0.0001
1.0,9.76865e-05,0.0001
10.0,0.000197295,0.0001
20.0,7.13478e-06,0.0001
