Energy,Value,Error
0.01,1.46648e-11,0.0838
0.1,2.90745e-09,0.0102
1.0,3.74974e-07,0.0007
5.0,5.76482e-07,0.0005
20.0,2.04418e-08,0.0024
