Energy,Value,Error
1e-06,0.0,0.0
0.1,8.55613e-09,0.0022
1.0,2.97908e-08,0.0015
10.0,5.23904e-09,0.0037
20.0,7.68934e-10,0.0083
