Energy,Value,Error
1e-06,0.0,0.0
0.1,9.44114e-07,0.0001
1.0,4.19004e-08,0.0011
10.0,2.50982e-09,0.0052
20.0,6.46135e-10,0.0084
