Energy,Value,Error
1e-06,2.46004e-13,0.3016
0.1,2.243e-05,0.0
1.0,1.14212e-05,0.0001
10.0,2.97885e-06,0.0001
20.0,7.21102e-07,0.0002
