Energy,Value,Error
1e-06,4.14472e-13,0.293
0.1,8.1132e-06,0.0001
1.0,7.98125e-06,0.0001
10.0,7.97761e-06,0.0001
20.0,7.93671e-06,0.0001
