Energy,Value,Error
1e-06,0.0,0.0
0.1,7.58007e-08,0.0008
1.0,1.27968e-07,0.0008
10.0,1.76634e-08,0.0021
20.0,1.89802e-09,0.0052
