Energy,Value,Error
1e-06,3.94209e-11,0.0261
0.1,1.26568e-05,0.0001
1.0,1.94345e-05,0.0001
10.0,4.14331e-07,0.0004
20.0,2.3971e-08,0.0012
