Energy,Value,Error
1e-06,0.0,0.0
0.1,2.80819e-06,0.0001
1.0,3.39484e-06,0.0001
10.0,4.91936e-07,0.0004
20.0,2.20612e-07,0.0004
