Energy,Value,Error
0.01,8.617e-13,0.5695
0.1,3.1245e-10,0.121
1.0,1.47369e-08,0.0171
5.0,3.21972e-08,0.0151
20.0,3.6067e-10,0.263
