Energy,Value,Error
1e-06,1.7816e-13,0.4871
0.1,8.37574e-06,0.0001
1.0,1.90811e-05,0.0001
10.0,1.80099e-05,0.0001
20.0,5.83564e-06,0.0001
