Energy,Value,Error
1e-06,2.13535e-10,0.0138
0.1,1.66445e-05,0.0001
1.0,1.47065e-05,0.0001
10.0,9.31637e-06,0.0001
20.0,2.54683e-06,0.0001
