Energy,Value,Error
0.01,7.45878e-13,0.3367
0.1,1.33605e-09,0.0116
1.0,2.20734e-06,0.0002
5.0,1.7361e-06,0.0002
20.0,2.22592e-08,0.002
