Energy,Value,Error
1e-06,1.98837e-12,0.1672
0.1,1.0138e-05,0.0001
1.0,1.57214e-05,0.0001
10.0,1.30682e-05,0.0001
20.0,5.86836e-06,0.0001
