Energy,Value,Error
1e-06,3.1706e-10,0.0132
0.1,1.15664e-05,0.0001
1.0,1.90293e-05,0.0
10.0,5.56662e-06,0.0001
20.0,5.686e-07,0.0002
