Energy,Value,Error
0.01,0.0,0.0
0.1,1.58774e-09,0.0108
1.0,1.17365e-07,0.0012
5.0,6.04737e-08,0.0015
20.0,8.08115e-09,0.0037
