Energy,Value,Error
1e-06,0.0,0.0
0.1,7.97182e-06,0.0001
1.0,7.98803e-06,0.0001
10.0,7.97344e-06,0.0001
20.0,7.94085e-06,0.0001
