Energy,Value,Error
0.01,2.45125e-11,0.0795
0.1,1.00036e-08,0.0048
1.0,3.68176e-06,0.0002
5.0,3.30225e-06,0.0002
20.0,1.15761e-07,0.0009
