Energy,Value,Error
1e-06,2.06007e-14,1.0
0.1,7.97332e-06,0.0001
1.0,7.99178e-06,0.0001
10.0,7.98238e-06,0.0001
20.0,7.94102e-06,0.0001
