Energy,Value,Error
1e-06,0.0,0.0
0.1,3.35634e-09,0.0039
1.0,3.19023e-08,0.0015
10.0,1.03857e-08,0.0027
20.0,1.28914e-09,0.0067
