Energy,Value,Error
1e-06,0.0,0.0
0.1,4.19408e-06,0.0001
1.0,7.38132e-06,0.0001
10.0,1.1009e-06,0.0002
20.0,2.59825e-07,0.0004
