Energy,Value,Error
1e-06,1.32063e-11,0.0487
0.1,1.73057e-05,0.0
1.0,3.63093e-05,0.0
10.0,2.00569e-06,0.0002
20.0,5.07279e-07,0.0003
