Energy,Value,Error
0.01,7.17451e-12,0.119
0.1,3.54873e-09,0.0095
1.0,4.98094e-07,0.0006
5.0,6.60737e-07,0.0005
20.0,1.24008e-08,0.0036
