Energy,Value,Error
1e-06,2.01664e-12,0.1156
0.1,5.33662e-06,0.0001
1.0,1.10973e-05,0.0001
10.0,6.62691e-06,0.0001
20.0,2.03081e-06,0.0001
