Energy,Value,Error
1e-06,0.0,0.0
0.1,3.64986e-09,0.004
1.0,1.89256e-08,0.0017
10.0,3.43958e-09,0.0044
20.0,6.38137e-10,0.0088
