Energy,Value,Error
1e-06,5.53851e-11,0.0241
0.1,1.49018e-05,0.0001
1.0,2.30592e-05,0.0
10.0,5.45379e-06,0.0001
20.0,2.65856e-07,0.0004
