Energy,Value,Error
0.01,0.0,0.0
0.1,4.79493e-06,0.0001
1.0,1.14899e-05,0.0001
5.0,9.70941e-06,0.0001
20.0,7.30624e-07,0.0002
