Energy,Value,Error
1e-06,1.6763e-12,0.16
0.1,8.03825e-06,0.0001
1.0,7.96811e-06,0.0001
10.0,7.95839e-06,0.0001
20.0,7.94578e-06,0.0001
