Energy,Value,Error
0.01,1.67759e-11,0.2336
0.1,9.84457e-10,0.0265
1.0,2.7769e-07,0.0029
5.0,2.04436e-07,0.0028
20.0,2.90179e-09,0.0064
