Energy,Value,Error
0.01,9.77506e-11,0.0555
0.1,2.59958e-08,0.0036
1.0,1.79035e-06,0.0004
5.0,3.04334e-06,0.0003
20.0,4.45426e-08,0.0022
