Energy,Value,Error
1e-06,1.00647e-14,1.0
0.1,4.76691e-06,0.0001
1.0,4.48398e-06,0.0001
10.0,5.84469e-07,0.0003
20.0,5.32486e-08,0.0008
