Energy,Value,Error
0.01,5.76058e-11,0.0578
0.1,3.9664e-09,0.0091
1.0,3.24401e-07,0.0008
5.0,5.62232e-07,0.0005
20.0,4.61091e-09,0.0062
