Energy,Value,Error
0.01,1.1651e-11,0.1215
0.1,4.18685e-09,0.0083
1.0,2.09054e-06,0.0003
5.0,1.57345e-06,0.0003
20.0,4.02848e-08,0.0018
