Energy,Value,Error
0.01,1.31366e-10,0.0331
0.1,4.55988e-09,0.0093
1.0,3.59491e-07,0.0007
5.0,6.64691e-07,0.0004
20.0,1.95184e-08,0.0024
