Energy,Value,Error
0.01,4.45702e-12,0.1259
0.1,2.77509e-07,0.0006
1.0,3.95131e-06,0.0002
5.0,3.36613e-06,0.0001
20.0,1.4604e-07,0.0006
