Energy,Value,Error
0.01,0.0,0.0
0.1,6.32854e-08,0.0026
1.0,4.77794e-06,0.0002
5.0,6.45866e-06,0.0002
20.0,7.5461e-08,0.0014
