Energy,Value,Error
1e-06,1.32213e-10,0.0229
0.1,1.20303e-05,0.0001
1.0,2.92068e-05,0.0
10.0,2.62353e-06,0.0002
20.0,2.09253e-07,0.0004
