Energy,Value,Error
0.01,5.36804e-11,0.0886
0.1,1.19381e-08,0.0049
1.0,3.79932e-06,0.0002
5.0,5.3648e-06,0.0001
20.0,8.38878e-08,0.0012
