Energy,Value,Error
0.01,5.08385e-12,0.1795
0.1,1.83644e-09,0.0099
1.0,1.10436e-06,0.0004
5.0,8.06513e-07,0.0004
20.0,3.93196e-08,0.0017
