Energy,Value,Error
1e-06,5.77488e-08,0.0011
0.1,3.45183e-05,0.0
1.0,1.78288e-05,0.0001
10.0,7.77808e-07,0.0003
20.0,2.34325e-07,0.0004
