Energy,Value,Error
1e-06,8.9557e-10,0.0061
0.1,3.72034e-06,0.0001
1.0,2.1438e-06,0.0001
10.0,4.49274e-08,0.0014
20.0,1.24309e-08,0.0019
