Energy,Value,Error
0.01,1.50352e-10,0.0295
0.1,2.80353e-09,0.0078
1.0,1.69186e-06,0.0003
5.0,7.99915e-07,0.0004
20.0,2.79394e-08,0.0021
