Energy,Value,Error
1e-06,2.28169e-09,0.0046
0.1,1.94996e-05,0.0001
1.0,3.39818e-05,0.0
10.0,5.61041e-06,0.0001
20.0,1.26546e-07,0.0006
