Energy,Value,Error
1e-06,0.0,0.0
0.1,1.99245e-09,0.0046
1.0,2.89012e-08,0.0013
10.0,9.39816e-09,0.0026
20.0,2.40435e-09,0.0045
