Energy,Value,Error
0.01,4.02775e-11,0.0887
0.1,4.72372e-09,0.0086
1.0,7.44819e-07,0.0014
5.0,6.52207e-07,0.0015
20.0,8.96036e-08,0.0039
