Energy,Value,Error
1e-06,3.58813e-10,0.0126
0.1,1.21606e-05,0.0001
1.0,1.95892e-05,0.0
10.0,5.53014e-06,0.0001
20.0,5.72741e-07,0.0002
