Energy,Value,Error
0.01,4.50888e-11,0.1286
0.1,1.73082e-08,0.0053
1.0,7.06185e-07,0.0005
5.0,4.61176e-07,0.0005
20.0,1.46224e-07,0.0008
