Energy,Value,Error
0.01,0.0,0.0
0.1,3.63719e-10,0.0188
1.0,1.52803e-08,0.0031
5.0,2.90193e-08,0.002
20.0,4.31811e-09,0.0051
