Energy,Value,Error
0.01,3.00793e-11,0.0896
0.1,9.63147e-09,0.0055
1.0,9.72785e-07,0.0004
5.0,1.31408e-06,0.0003
20.0,4.8586e-08,0.0016
