Energy,Value,Error
0.01,9.36573e-14,0.7157
0.1,2.56408e-10,0.0217
1.0,4.0113e-07,0.0006
5.0,5.18279e-07,0.0005
20.0,2.86245e-08,0.002
