Energy,Value,Error
0.01,8.89659e-12,0.109
0.1,5.0871e-09,0.0145
1.0,1.88194e-06,0.0003
5.0,1.94162e-06,0.0002
20.0,7.26984e-08,0.0012
