Energy,Value,Error
0.01,2.51262e-13,0.4087
0.1,2.54483e-09,0.0136
1.0,4.52521e-07,0.0008
5.0,4.71926e-07,0.0006
20.0,1.32155e-09,0.0103
