Energy,Value,Error
0.01,1.51698e-12,0.3607
0.1,6.84714e-08,0.0027
1.0,1.18218e-05,0.0002
5.0,1.46423e-05,0.0001
20.0,2.02617e-07,0.0009
