Energy,Value,Error
1e-06,1.55721e-13,0.3452
0.1,1.11542e-05,0.0001
1.0,1.49305e-05,0.0001
10.0,9.88814e-07,0.0003
20.0,3.22968e-07,0.0004
