Energy,Value,Error
1e-06,7.61258e-13,0.1644
0.1,6.31414e-06,0.0001
1.0,2.22717e-05,0.0
10.0,6.03641e-06,0.0001
20.0,1.8533e-06,0.0001
