Energy,Value,Error
1e-06,1.47288e-13,0.5039
0.1,7.96716e-06,0.0001
1.0,7.97002e-06,0.0001
10.0,7.96949e-06,0.0001
20.0,7.94947e-06,0.0001
