Energy,Value,Error
0.01,1.08549e-12,0.4763
0.1,1.75086e-08,0.004
1.0,5.38477e-06,0.0002
5.0,7.74488e-06,0.0001
20.0,7.71879e-08,0.0015
