Energy,Value,Error
0.01,4.08524e-13,0.6172
0.1,3.70565e-09,0.0092
1.0,1.19975e-07,0.0011
5.0,2.50408e-07,0.0007
20.0,4.40234e-08,0.0016
