Energy,Value,Error
0.01,6.20622e-11,0.0476
0.1,1.49856e-08,0.0042
1.0,7.16801e-07,0.0005
5.0,1.53003e-06,0.0003
20.0,3.76863e-08,0.0018
