Energy,Value,Error
0.01,2.13702e-12,0.2342
0.1,6.3321e-11,0.0486
1.0,7.08606e-08,0.0014
5.0,7.36185e-08,0.0011
20.0,5.31591e-09,0.004
