Energy,Value,Error
0.01,1.27213e-13,0.6218
0.1,3.27929e-10,0.0229
1.0,6.08912e-07,0.0005
5.0,4.23782e-07,0.0007
20.0,5.81448e-09,0.0044
