Energy,Value,Error
1e-06,0.0,0.0
0.1,1.25782e-07,0.0005
1.0,9.66869e-07,0.0002
10.0,4.56689e-07,0.0003
20.0,1.80639e-07,0.0004
