Energy,Value,Error
0.01,3.80725e-11,0.0862
0.1,1.62963e-07,0.0016
1.0,1.35884e-05,0.0002
5.0,1.69795e-05,0.0001
20.0,2.56292e-07,0.0008
