Energy,Value,Error
1e-06,2.7989e-08,0.0012
0.1,6.98966e-06,0.0001
1.0,2.58444e-06,0.0002
10.0,1.74834e-07,0.0007
20.0,1.53715e-08,0.0016
