Energy,Value,Error
1e-06,1.26241e-11,0.0489
0.1,7.77524e-06,0.0001
1.0,2.136e-05,0.0
10.0,2.27601e-06,0.0002
20.0,4.27644e-07,0.0003
