Energy,Value,Error
1e-06,0.0,0.0
0.1,7.36745e-06,0.0001
1.0,4.41341e-05,0.0001
10.0,7.66528e-05,0.0001
20.0,6.03435e-06,0.0001
