Energy,Value,Error
0.01,3.10015e-11,0.1184
0.1,6.21167e-09,0.0058
1.0,7.92653e-07,0.0005
5.0,1.15849e-06,0.0003
20.0,2.30865e-08,0.0022
