Energy,Value,Error
1e-06,2.4519e-11,0.039
0.1,1.2164e-06,0.0002
1.0,5.05847e-06,0.0001
10.0,3.32009e-07,0.0004
20.0,8.41276e-08,0.0007
