Energy,Value,Error
0.01,0.0,0.0
0.1,4.92758e-13,0.2839
1.0,1.65253e-09,0.0055
5.0,6.46082e-09,0.0027
20.0,1.02222e-08,0.0021
