Energy,Value,Error
1e-06,0.0,0.0
0.1,5.74053e-06,0.0001
1.0,2.0393e-05,0.0
10.0,1.00451e-06,0.0003
20.0,3.01537e-07,0.0004
