Energy,Value,Error
1e-06,5.4509e-12,0.0705
0.1,1.11569e-05,0.0001
1.0,2.01067e-05,0.0
10.0,9.06869e-06,0.0001
20.0,2.18211e-06,0.0001
