Energy,Value,Error
0.01,1.63145e-11,0.1143
0.1,4.07711e-09,0.008
1.0,3.48428e-07,0.0007
5.0,5.86796e-07,0.0005
20.0,8.14017e-09,0.004
