Energy,Value,Error
1e-06,0.0,0.0
0.1,4.07078e-06,0.0001
1.0,7.4218e-06,0.0001
10.0,3.68121e-07,0.0004
20.0,5.73948e-08,0.0008
