Energy,Value,Error
0.01,1.97557e-11,0.0927
0.1,1.50467e-07,0.0008
1.0,4.95682e-06,0.0001
5.0,4.13876e-06,0.0001
20.0,9.90258e-07,0.0002
