Energy,Value,Error
1e-06,3.3768e-13,0.3696
0.1,9.36138e-06,0.0001
1.0,3.1225e-05,0.0001
10.0,4.92998e-05,0.0001
20.0,5.87935e-06,0.0001
