Energy,Value,Error
0.01,3.91414e-12,0.2212
0.1,7.27455e-10,0.0363
1.0,5.95536e-08,0.006
5.0,1.5557e-07,0.0031
20.0,2.7302e-09,0.0191
