Energy,Value,Error
1e-06,0.0,0.0
0.1,3.21306e-07,0.0003
1.0,7.59148e-07,0.0003
10.0,9.67251e-08,0.0009
20.0,3.42537e-08,0.0011
