Energy,Value,Error
1e-06,0.0,0.0
0.1,2.70802e-06,0.0001
1.0,1.43811e-05,0.0001
10.0,1.14371e-06,0.0002
20.0,2.0557e-07,0.0004
