Energy,Value,Error
0.01,1.58258e-12,0.2166
0.1,3.16556e-10,0.0212
1.0,2.48242e-08,0.0023
5.0,6.08688e-08,0.0014
20.0,6.28312e-12,0.3404
