Energy,Value,Error
0.01,4.90756e-11,0.0451
0.1,2.41394e-09,0.0077
1.0,6.69835e-07,0.0004
5.0,5.1426e-07,0.0004
20.0,1.27704e-07,0.0008
