Energy,Value,Error
1e-06,1.0099e-12,0.1471
0.1,7.76537e-06,0.0001
1.0,2.18272e-05,0.0
10.0,6.1276e-06,0.0001
20.0,1.84181e-06,0.0001
