Energy,Value,Error
1e-06,0.0,0.0
0.1,6.30636e-08,0.0008
1.0,5.12173e-08,0.0012
10.0,1.87509e-08,0.0019
20.0,6.7141e-09,0.0024
