Energy,Value,Error
1e-06,8.27677e-10,0.0064
0.1,8.44523e-06,0.0001
1.0,1.40616e-06,0.0002
10.0,3.16726e-08,0.0015
20.0,1.31783e-08,0.0018
