Energy,Value,Error
1e-06,0.0,0.0
0.1,2.37989e-06,0.0001
1.0,6.08756e-06,0.0001
10.0,1.17035e-06,0.0002
20.0,4.37163e-07,0.0003
