Energy,Value,Error
1e-06,0.0,0.0
0.1,7.90017e-06,0.0
1.0,4.63269e-07,0.0003
10.0,4.34125e-08,0.0009
20.0,7.14231e-09,0.0018
