Energy,Value,Error
1e-06,1.5128e-12,0.1848
0.1,7.72819e-06,0.0001
1.0,4.06614e-05,0.0001
10.0,6.38889e-05,0.0001
20.0,5.9796e-06,0.0001
