Energy,Value,Error
0.01,1.78726e-11,0.0711
0.1,7.21813e-08,0.0014
1.0,2.92343e-06,0.0002
5.0,2.03606e-06,0.0002
20.0,2.41963e-07,0.0006
