Energy,Value,Error
1e-06,3.70191e-14,1.0
0.1,8.3591e-06,0.0001
1.0,3.45871e-05,0.0001
10.0,5.65379e-05,0.0001
20.0,6.08975e-06,0.0001
