Energy,Value,Error
0.01,1.091e-12,0.3684
0.1,9.64073e-11,0.0376
1.0,3.15613e-09,0.0066
5.0,6.25224e-09,0.0059
20.0,2.40955e-10,0.0203
