Energy,Value,Error
0.01,1.87368e-13,0.6178
0.1,2.38655e-08,0.0031
1.0,9.93906e-07,0.0003
5.0,1.86829e-06,0.0002
20.0,2.04622e-09,0.0057
