Energy,Value,Error
1e-06,0.0,0.0
0.1,1.91194e-07,0.0005
1.0,1.13922e-06,0.0002
10.0,3.88089e-07,0.0004
20.0,2.04797e-07,0.0004
