Energy,Value,Error
1e-06,0.0,0.0
0.1,6.33755e-07,0.0003
1.0,2.15791e-06,0.0002
10.0,8.20265e-07,0.0003
20.0,3.59777e-07,0.0003
