Energy,Value,Error
1e-06,0.0,0.0
0.1,1.77433e-05,0.0
1.0,2.39258e-05,0.0001
10.0,2.30899e-06,0.0002
20.0,5.35678e-07,0.0003
