Energy,Value,Error
0.01,6.17573e-13,0.5401
0.1,3.5751e-08,0.0035
1.0,1.62003e-05,0.0001
5.0,2.00825e-05,0.0001
20.0,3.05717e-07,0.0007
