Energy,Value,Error
0.01,2.49953e-11,0.059
0.1,4.50398e-09,0.0058
1.0,5.7466e-07,0.0005
5.0,3.20224e-07,0.0005
20.0,1.81803e-07,0.0007
