Energy,Value,Error
1e-06,0.0,0.0
0.1,1.85324e-09,0.0047
1.0,5.36087e-08,0.0008
10.0,4.38717e-08,0.0008
20.0,1.84426e-08,0.0011
