Energy,Value,Error
0.01,1.73397e-13,0.7532
0.1,4.32513e-08,0.0029
1.0,3.08894e-05,0.0001
5.0,3.8522e-05,0.0001
20.0,5.9177e-07,0.0005
