Energy,Value,Error
0.01,8.55543e-12,0.1235
0.1,1.58995e-09,0.0569
1.0,2.35996e-07,0.0035
5.0,7.32712e-08,0.0038
20.0,2.71833e-09,0.0062
