Energy,Value,Error
0.01,5.80431e-13,0.3699
0.1,4.44189e-10,0.0179
1.0,1.71239e-07,0.0009
5.0,1.87005e-07,0.0008
20.0,1.4178e-08,0.0026
