Energy,Value,Error
0.01,3.97473e-11,0.0565
0.1,3.15582e-07,0.0006
1.0,1.00393e-05,0.0001
5.0,7.80094e-06,0.0001
20.0,4.95034e-07,0.0004
