Energy,Value,Error
0.01,2.63359e-11,0.0665
0.1,9.99108e-08,0.0011
1.0,3.74373e-06,0.0002
5.0,3.13828e-06,0.0001
20.0,2.71231e-07,0.0005
