Energy,Value,Error
1e-06,7.18983e-13,0.2486
0.1,3.79684e-06,0.0001
1.0,1.11321e-05,0.0001
10.0,5.5335e-07,0.0004
20.0,1.14546e-07,0.0006
