Energy,Value,Error
0.01,2.47454e-13,0.4801
0.1,2.56044e-10,0.0234
1.0,4.3972e-07,0.0005
5.0,3.30743e-07,0.0005
20.0,4.12318e-08,0.0014
