Energy,Value,Error
0.01,1.16798e-12,0.4353
0.1,1.34937e-08,0.0044
1.0,3.48043e-06,0.0003
5.0,4.87018e-06,0.0002
20.0,5.6283e-08,0.0017
