Energy,Value,Error
1e-06,1.46402e-13,0.3547
0.1,9.47762e-06,0.0001
1.0,2.68433e-05,0.0
10.0,6.00426e-06,0.0001
20.0,1.38798e-06,0.0002
