Energy,Value,Error
0.01,3.72887e-11,0.0767
0.1,1.10601e-08,0.0055
1.0,4.36591e-07,0.0006
5.0,7.34523e-07,0.0004
20.0,1.87276e-08,0.0023
