Energy,Value,Error
1e-06,4.80296e-14,1.0
0.1,7.96904e-06,0.0001
1.0,7.99054e-06,0.0001
10.0,7.97937e-06,0.0001
20.0,7.94118e-06,0.0001
