Energy,Value,Error
1e-06,5.52741e-09,0.0042
0.1,1.80246e-05,0.0001
1.0,2.60677e-05,0.0
10.0,1.61251e-05,0.0001
20.0,1.25067e-07,0.0006
