Energy,Value,Error
1e-06,0.0,0.0
0.1,9.76654e-09,0.0021
1.0,3.94663e-08,0.0012
10.0,4.58509e-09,0.0039
20.0,8.1236e-10,0.0074
