Energy,Value,Error
0.01,0.0,0.0
0.1,1.26411e-09,0.0111
1.0,1.09306e-07,0.0012
5.0,5.1843e-08,0.0016
20.0,1.17863e-08,0.0031
