Energy,Value,Error
0.01,5.90839e-13,0.3181
0.1,7.54257e-11,0.0423
1.0,3.76246e-09,0.0064
5.0,8.27538e-09,0.0052
20.0,1.86447e-10,0.023
