Energy,Value,Error
1e-06,0.0,0.0
0.1,8.80262e-06,0.0001
1.0,6.91932e-05,0.0001
10.0,0.000127316,0.0001
20.0,6.67352e-06,0.0001
