Energy,Value,Error
1e-06,5.90983e-10,0.0093
0.1,5.16461e-08,0.001
1.0,6.90226e-08,0.0012
10.0,3.97002e-08,0.0015
20.0,1.53758e-08,0.0016
