Energy,Value,Error
1e-06,9.01849e-12,0.0715
0.1,1.22467e-05,0.0001
1.0,2.72487e-05,0.0
10.0,6.75537e-06,0.0001
20.0,1.81062e-06,0.0001
