Energy,Value,Error
1e-06,0.0,0.0
0.1,7.55881e-06,0.0001
1.0,2.91914e-05,0.0
10.0,1.92634e-06,0.0002
20.0,2.43756e-07,0.0004
