Energy,Value,Error
0.01,1.38285e-11,0.0864
0.1,5.97594e-09,0.0069
1.0,2.37495e-06,0.0002
5.0,2.49439e-06,0.0002
20.0,9.04583e-08,0.001
