Energy,Value,Error
1e-06,7.52646e-11,0.0208
0.1,1.63064e-05,0.0
1.0,1.73729e-05,0.0
10.0,3.90461e-07,0.0004
20.0,6.46351e-08,0.0008
