Energy,Value,Error
0.01,7.36628e-14,0.825
0.1,4.58974e-10,0.0304
1.0,4.2457e-07,0.0008
5.0,4.26907e-07,0.0008
20.0,2.62902e-08,0.0032
