Energy,Value,Error
1e-06,0.0,0.0
0.1,3.02896e-08,0.0012
1.0,2.43159e-07,0.0005
10.0,1.10197e-07,0.0008
20.0,3.19544e-08,0.0012
