Energy,Value,Error
0.01,2.06033e-11,0.0788
0.1,5.64668e-09,0.0087
1.0,5.73742e-07,0.0005
5.0,9.44284e-07,0.0004
20.0,3.25208e-08,0.0021
