Energy,Value,Error
0.01,5.19714e-12,0.229
0.1,2.57719e-08,0.0035
1.0,4.54779e-06,0.0002
5.0,6.53233e-06,0.0002
20.0,5.35732e-08,0.0018
