Energy,Value,Error
1e-06,0.0,0.0
0.1,2.87875e-07,0.0003
1.0,1.48569e-06,0.0002
10.0,4.07432e-07,0.0004
20.0,1.80905e-07,0.0005
