Energy,Value,Error
1e-06,1.22494e-13,0.4129
0.1,8.95758e-06,0.0001
1.0,1.79454e-05,0.0
10.0,9.45909e-06,0.0001
20.0,3.75664e-06,0.0001
