Energy,Value,Error
0.01,5.99418e-11,0.1066
0.1,1.39949e-07,0.0012
1.0,5.38725e-06,0.0002
5.0,3.33192e-06,0.0002
20.0,4.52515e-07,0.0005
