Energy,Value,Error
1e-06,0.0,0.0
0.1,4.48631e-08,0.001
1.0,2.36234e-07,0.0005
10.0,1.2016e-07,0.0008
20.0,3.58421e-08,0.0011
