Energy,Value,Error
1e-06,0.0,0.0
0.1,3.41586e-06,0.0001
1.0,7.30939e-06,0.0001
10.0,8.13656e-07,0.0003
20.0,3.70116e-07,0.0003
