Energy,Value,Error
0.01,2.45604e-11,0.069
0.1,4.79617e-09,0.0067
1.0,2.27839e-07,0.0008
5.0,4.18441e-07,0.0005
20.0,9.1381e-09,0.0034
