Energy,Value,Error
0.01,1.33979e-11,0.1293
0.1,5.33781e-09,0.0051
1.0,7.96375e-07,0.0004
5.0,5.42623e-07,0.0004
20.0,1.60708e-07,0.0007
