Energy,Value,Error
1e-06,0.0,0.0
0.1,1.26581e-07,0.0006
1.0,9.3565e-07,0.0003
10.0,3.90004e-07,0.0004
20.0,1.46581e-07,0.0005
