Energy,Value,Error
1e-06,0.0,0.0
0.1,8.00083e-06,0.0001
1.0,7.97377e-06,0.0001
10.0,7.9706e-06,0.0001
20.0,7.94766e-06,0.0001
