Energy,Value,Error
0.01,2.83286e-11,0.0565
0.1,1.88586e-08,0.0032
1.0,1.03046e-06,0.0004
5.0,1.25139e-06,0.0003
20.0,2.6548e-08,0.0022
