Energy,Value,Error
0.01,3.57627e-14,1.0
0.1,1.39181e-05,0.0001
1.0,8.04314e-06,0.0001
5.0,4.09394e-06,0.0001
20.0,5.16349e-07,0.0003
