Energy,Value,Error
1e-06,4.01973e-13,0.2567
0.1,1.04258e-05,0.0001
1.0,1.44042e-05,0.0001
10.0,1.0026e-05,0.0001
20.0,5.47833e-06,0.0001
