Energy,Value,Error
1e-06,1.05694e-09,0.0055
0.1,2.12718e-05,0.0
1.0,1.30537e-05,0.0001
10.0,2.14841e-06,0.0002
20.0,2.23768e-07,0.0004
