Energy,Value,Error
0.01,3.87794e-11,0.1962
0.1,8.65763e-09,0.027
1.0,5.16653e-07,0.0025
5.0,1.04189e-06,0.0018
20.0,1.66217e-08,0.0143
