Energy,Value,Error
0.01,1.01404e-12,0.2867
0.1,9.11521e-11,0.0631
1.0,4.01511e-09,0.0066
5.0,8.78012e-09,0.0036
20.0,3.7554e-10,0.0199
