Energy,Value,Error
0.01,1.53856e-13,0.7559
0.1,2.18654e-10,0.033
1.0,3.30863e-08,0.0022
5.0,3.3775e-08,0.0018
20.0,2.76715e-09,0.0057
