Energy,Value,Error
0.01,3.08104e-13,0.5981
0.1,4.44162e-11,0.0547
1.0,1.85762e-09,0.0085
5.0,3.98555e-09,0.0058
20.0,4.74873e-11,0.0518
