Energy,Value,Error
0.01,3.77062e-11,0.0783
0.1,9.67506e-09,0.0054
1.0,4.62451e-07,0.0006
5.0,8.75627e-07,0.0004
20.0,3.09164e-08,0.0019
