Energy,Value,Error
0.01,2.18263e-11,0.1157
0.1,4.64587e-09,0.0099
1.0,2.13856e-07,0.002
5.0,4.27268e-07,0.0011
20.0,3.65576e-09,0.0104
