Energy,Value,Error
0.01,4.08609e-12,0.14
0.1,4.42673e-07,0.0005
1.0,4.89699e-06,0.0001
5.0,3.61627e-06,0.0001
20.0,2.2659e-07,0.0005
