Energy,Value,Error
1e-06,1.81268e-12,0.1579
0.1,1.09254e-05,0.0001
1.0,1.57173e-05,0.0001
10.0,9.12765e-06,0.0001
20.0,5.47595e-06,0.0001
