Energy,Value,Error
0.01,1.56012e-11,0.0684
0.1,2.84852e-09,0.0096
1.0,3.1733e-07,0.0007
5.0,2.97305e-07,0.0006
20.0,1.21071e-08,0.0027
