Energy,Value,Error
1e-06,3.90761e-14,0.6111
0.1,1.40454e-08,0.0018
1.0,4.67133e-08,0.0012
10.0,1.32158e-08,0.0025
20.0,2.06472e-09,0.0049
