Energy,Value,Error
0.01,8.85825e-12,0.1066
0.1,3.99719e-09,0.0064
1.0,3.07301e-06,0.0002
5.0,2.1896e-06,0.0002
20.0,2.99319e-07,0.0005
