Energy,Value,Error
1e-06,0.0,0.0
0.1,3.24065e-06,0.0001
1.0,6.50358e-06,0.0001
10.0,5.73309e-07,0.0003
20.0,1.88061e-07,0.0005
