Energy,Value,Error
1e-06,0.0,0.0
0.1,7.27511e-06,0.0001
1.0,4.19184e-05,0.0001
10.0,7.83904e-05,0.0001
20.0,6.07355e-06,0.0001
