Energy,Value,Error
1e-06,0.0,0.0
0.1,9.78303e-06,0.0001
1.0,1.46234e-05,0.0001
10.0,9.97188e-06,0.0001
20.0,5.41969e-06,0.0001
