Energy,Value,Error
0.01,8.51162e-13,0.2466
0.1,3.07336e-06,0.0002
1.0,7.74304e-06,0.0001
5.0,3.95676e-09,0.0037
20.0,7.90192e-11,0.023
