Energy,Value,Error
1e-06,8.07928e-09,0.0022
0.1,8.71058e-06,0.0001
1.0,1.20539e-05,0.0001
10.0,3.06997e-07,0.0004
20.0,1.89938e-08,0.0012
