Energy,Value,Error
1e-06,0.0,0.0
0.1,7.97042e-06,0.0001
1.0,7.99256e-06,0.0001
10.0,7.98032e-06,0.0001
20.0,7.94109e-06,0.0001
