Energy,Value,Error
1e-06,1.52242e-11,0.0479
0.1,1.66757e-05,0.0001
1.0,3.79927e-05,0.0
10.0,2.03429e-06,0.0002
20.0,4.6169e-07,0.0003
