Energy,Value,Error
0.01,1.78187e-13,1.0
0.1,3.17427e-07,0.0015
1.0,9.11543e-05,0.0001
5.0,0.000111961,0.0001
20.0,1.84791e-06,0.0004
