Energy,Value,Error
1e-06,5.43847e-14,0.7073
0.1,7.97937e-06,0.0001
1.0,7.9825e-06,0.0001
10.0,7.96967e-06,0.0001
20.0,7.94228e-06,0.0001
