Energy,Value,Error
1e-06,0.0,0.0
0.1,9.10334e-06,0.0001
1.0,9.03194e-05,0.0001
10.0,0.000203435,0.0001
20.0,6.92597e-06,0.0001
