Energy,Value,Error
1e-06,2.26538e-14,1.0
0.1,7.97032e-06,0.0001
1.0,7.9892e-06,0.0001
10.0,7.97322e-06,0.0001
20.0,7.94243e-06,0.0001
