Energy,Value,Error
1e-06,9.8747e-13,0.1629
0.1,7.48832e-06,0.0001
1.0,1.71817e-05,0.0
10.0,1.74049e-06,0.0002
20.0,4.18232e-07,0.0003
