Energy,Value,Error
0.01,6.80124e-13,0.4129
0.1,3.30314e-08,0.0029
1.0,8.0221e-07,0.0004
5.0,1.57275e-06,0.0003
20.0,2.08561e-09,0.0065
