Energy,Value,Error
0.01,1.19739e-13,0.7102
0.1,8.09304e-09,0.0055
1.0,2.51345e-07,0.0008
5.0,4.32004e-07,0.0006
20.0,1.44327e-08,0.0031
