Energy,Value,Error
1e-06,6.52589e-10,0.0071
0.1,1.5193e-05,0.0
1.0,1.1177e-05,0.0001
10.0,1.67769e-06,0.0002
20.0,3.0522e-07,0.0003
