Energy,Value,Error
0.01,0.0,0.0
0.1,6.50135e-10,0.0088
1.0,2.66876e-08,0.0014
5.0,6.40244e-08,0.0009
20.0,7.91215e-09,0.0026
