Energy,Value,Error
0.01,1.99766e-11,0.092
0.1,3.59747e-09,0.0075
1.0,7.66289e-07,0.0005
5.0,9.06168e-07,0.0004
20.0,1.93738e-08,0.0025
