Energy,Value,Error
0.01,6.68985e-11,0.0501
0.1,2.57425e-08,0.003
1.0,5.1973e-06,0.0001
5.0,3.61465e-06,0.0002
20.0,4.72155e-08,0.0013
