Energy,Value,Error
1e-06,1.37392e-14,1.0
0.1,5.49762e-06,0.0001
1.0,1.7957e-05,0.0001
10.0,4.76113e-06,0.0001
20.0,1.44681e-06,0.0002
