Energy,Value,Error
0.01,1.57859e-11,0.139
0.1,3.80756e-07,0.001
1.0,1.33365e-05,0.0001
5.0,1.53834e-05,0.0001
20.0,2.54174e-07,0.0008
