Energy,Value,Error
0.01,7.01937e-13,0.5507
0.1,2.89704e-10,0.0313
1.0,4.01892e-07,0.0006
5.0,3.37637e-07,0.0006
20.0,1.77197e-08,0.0023
