Energy,Value,Error
0.01,9.04974e-13,0.3884
0.1,8.84339e-11,0.1502
1.0,4.92677e-09,0.0145
5.0,1.005e-08,0.0114
20.0,9.22285e-11,0.1843
