Energy,Value,Error
1e-06,7.79989e-12,0.0866
0.1,1.05814e-05,0.0001
1.0,2.46539e-05,0.0
10.0,1.0584e-05,0.0001
20.0,1.82661e-06,0.0001
