Energy,Value,Error
0.01,0.0,0.0
0.1,1.39508e-09,0.0123
1.0,1.05465e-07,0.0011
5.0,9.73574e-08,0.0011
20.0,2.37451e-09,0.0077
