Energy,Value,Error
1e-06,0.0,0.0
0.1,1.07388e-07,0.0006
1.0,1.02794e-07,0.0008
10.0,2.05875e-08,0.0019
20.0,8.81764e-09,0.0023
