Energy,Value,Error
0.01,1.63681e-11,0.0756
0.1,1.00726e-08,0.0055
1.0,2.15616e-06,0.0003
5.0,2.05622e-06,0.0002
20.0,1.2671e-07,0.0009
