Energy,Value,Error
0.01,7.83284e-11,0.0476
0.1,2.65381e-08,0.003
1.0,1.5476e-06,0.0003
5.0,2.54379e-06,0.0002
20.0,4.28907e-08,0.0017
