Energy,Value,Error
1e-06,0.0,0.0
0.1,9.68795e-06,0.0
1.0,6.4243e-06,0.0001
10.0,3.3608e-08,0.001
20.0,9.02342e-09,0.0015
