Energy,Value,Error
1e-06,6.5406e-14,0.4555
0.1,1.42047e-05,0.0001
1.0,2.60254e-05,0.0
10.0,2.05777e-06,0.0002
20.0,3.96056e-07,0.0003
