Cells,Time,Value,Error
10,1.0,0.0153599,0.0335
10,2.0,0.0142365,0.0335
11,1.0,0.0124051,0.0371
11,2.0,0.0115051,0.0371
12,1.0,0.00845174,0.0485
12,2.0,0.00783732,0.0484
13,1.0,0.00524973,0.0646
13,2.0,0.00486774,0.0645
